Date,Open,High,Low,Close,Volume
1/3/07,77.339996,77.709999,76.400002,44.707417,525700
1/4/07,77.230003,77.260002,76.629997,44.765377,166100
1/5/07,77.099998,77.099998,75.75,43.936401,143700
1/8/07,76,76,75.43,44.000164,87000
1/9/07,75.730003,76.959999,75.730003,44.556675,136300
1/10/07,76.720001,77.900002,76.550003,45.130608,138600
1/11/07,78.099998,79.330002,78.099998,45.716103,186800
1/12/07,78.949997,79.279999,78.809998,45.86105,185900
1/16/07,79.75,80.339996,79.290001,46.510338,161800
1/17/07,80.239998,80.5,79.32,46.492935,120000
1/18/07,80.25,80.489998,79.809998,46.434967,85200
1/19/07,79.940002,80.900002,79.610001,46.898731,81800
1/22/07,80.949997,80.949997,80.089996,46.504517,76000
1/23/07,80.360001,80.919998,80.269997,46.724815,114300
1/24/07,80.699997,81.650002,80.599998,47.333515,97500
1/25/07,82.160004,82.75,81.879997,47.623363,174500
1/26/07,82.449997,82.470001,81.699997,47.779881,117000
1/29/07,82.599998,82.800003,82.190002,47.936405,145600
1/30/07,82.82,83.099998,82.25,48.174103,87400
1/31/07,83.199997,83.940002,82.660004,48.556709,139800
2/1/07,83.830002,84.110001,83.139999,48.748016,885600
2/2/07,84.139999,84.239998,83.68,48.834965,130900
2/5/07,84.400002,84.410004,84.150002,48.834965,168400
2/6/07,84.75,85.480003,84.620003,49.553818,139400
2/7/07,85.529999,87.269997,85.050003,50.591488,254600
2/8/07,86.889999,87.440002,86.449997,50.203091,172600
2/9/07,86.75,86.879997,83.730003,49.623367,285800
2/12/07,85.599998,85.599998,83.709999,48.724815,274400
2/13/07,83.849998,85.68,83.379997,49.66975,199300
2/14/07,85.800003,85.970001,84.790001,49.31612,291800
2/15/07,85.25,86.089996,84.919998,49.681362,175700
2/16/07,85.540001,85.650002,84.400002,49.553818,130500
2/20/07,85.339996,86.279999,84.510002,49.936405,106900
2/21/07,85.940002,85.940002,85.150002,49.774101,129900
2/22/07,85.949997,85.949997,85.080002,49.507427,96900
2/23/07,85.25,85.309998,83.800003,48.643665,166700
2/26/07,84.059998,84.300003,82.059998,48.400169,230500
2/27/07,82.139999,82.540001,80.080002,46.898731,302000
2/28/07,80.910004,82.239998,80.879997,47.246559,949600
3/1/07,80.400002,81.800003,78,46.771179,332600
3/2/07,80.279999,80.620003,79.230003,46.029148,251600
3/5/07,78.440002,78.510002,76.300003,44.237843,300100
3/6/07,77.099998,79.279999,77.099998,45.86105,163300
3/7/07,78.68,79.160004,77.889999,45.217564,95000
3/8/07,78.099998,79.809998,78.099998,45.942211,137100
3/9/07,80.199997,80.360001,79.57,46.550892,132200
3/12/07,80.290001,80.970001,79.730003,46.782768,103800
3/13/07,80.5,80.699997,78.519997,45.681332,129500
3/14/07,78.400002,79.279999,77.5,45.901627,111900
3/15/07,79.470001,79.900002,79.32,46.313221,118300
3/16/07,79.879997,79.879997,78.940002,45.797276,131400
3/19/07,79.75,80.129997,79.339996,46.255245,140300
3/20/07,79.800003,80.269997,79.389999,46.440754,67800
3/21/07,79.949997,81.290001,79.5,47.003078,82300
3/22/07,81.089996,81.400002,80.620003,47.049446,178900
3/23/07,81.25,81.68,81.050003,47.078449,222000
3/26/07,80.790001,80.809998,79.199997,46.32452,469400
3/27/07,79.080002,79.230003,78.25,45.840595,103300
3/28/07,78.150002,78.809998,77.379997,45.537384,104800
3/29/07,78.800003,78.82,77.769997,45.613197,115900
3/30/07,78.050003,79.349998,78.050003,46.266235,231300
4/2/07,79.300003,79.949997,78.900002,46.557781,151100
4/3/07,80.330002,80.790001,80.089996,46.965908,186400
4/4/07,80.550003,80.550003,79.650002,46.732674,88500
4/5/07,80,80.360001,80,46.686035,66900
4/9/07,80.099998,80.349998,80,46.773495,97800
4/10/07,79.93,80.860001,79.93,46.965908,82500
4/11/07,80.580002,80.580002,78.970001,46.266235,137800
4/12/07,79.190002,79.190002,78.480003,45.95137,71600
4/13/07,78.699997,79.699997,78.449997,46.470306,82700
4/16/07,79.900002,79.989998,79.370003,46.528595,160900
4/17/07,79.779999,80.879997,79.779999,47.13501,95200
4/18/07,80.389999,80.720001,80.25,46.84346,75300
4/19/07,79.68,80.029999,79.419998,46.528595,66700
4/20/07,80.199997,80.449997,80.019997,46.878441,139200
4/23/07,80.400002,81.419998,80.199997,47.403214,182400
4/24/07,81.75,81.75,80.279999,47.082508,74800
4/25/07,80.93,81.309998,79.93,47.053364,152000
4/26/07,80.889999,80.989998,80.25,47.082508,57800
4/27/07,80.400002,80.75,80.230003,46.965908,56500
4/30/07,80.68,80.68,79.120003,46.20792,152300
5/1/07,79.5,79.5,77.790001,45.805595,171500
5/2/07,78.150002,79.269997,78.150002,46.16711,90800
5/3/07,79.480003,79.610001,79.050003,46.289566,48800
5/4/07,79.309998,79.349998,78.330002,45.88723,87500
5/7/07,78.639999,79.080002,78.300003,46.015511,164000
5/8/07,78.339996,78.650002,78.239998,45.712322,81900
5/9/07,78.139999,79.589996,78.139999,46.20792,76800
5/10/07,79.040001,79.040001,78.019997,45.589874,103300
5/11/07,78.349998,79.25,78.330002,46.20792,65600
5/14/07,79.18,79.470001,78.589996,45.945549,82500
5/15/07,78.900002,79.110001,77.360001,45.245869,422900
5/16/07,77.459999,77.720001,76.199997,44.686138,136700
5/17/07,76.040001,76.160004,75.07,43.910648,154700
5/18/07,75.129997,75.309998,74.010002,43.467514,373200
5/21/07,74.389999,75.790001,74.150002,43.642437,597400
5/22/07,75.099998,76.339996,74.940002,44.289658,179700
5/23/07,76,76.699997,75.18,43.951462,193000
5/24/07,75.029999,75.230003,73.199997,43.216797,208700
5/25/07,74.480003,75.449997,74.129997,43.461689,158400
5/29/07,75.400002,77.82,75,45.012638,164500
5/30/07,76.849998,79.269997,76.849998,46.219574,574700
5/31/07,79.57,79.830002,78.43,46.033009,198100
6/1/07,79.239998,79.489998,78.5,46.09713,128100
6/4/07,78.800003,79.75,78.599998,46.28371,222700
6/5/07,79.099998,79.110001,78,45.549057,126300
6/6/07,77.75,78.110001,77.160004,45.240028,74000
6/7/07,76.919998,77.059998,74.970001,43.81736,206300
6/8/07,75.050003,76.18,74.699997,44.342121,160900
6/11/07,75.769997,75.769997,74.860001,43.677402,172200
6/12/07,74.830002,74.830002,73.540001,42.919415,273900
6/13/07,74.129997,75.360001,73.949997,43.869835,105100
6/14/07,75.449997,75.449997,74.300003,43.397545,71600
6/15/07,75.120003,75.739998,75.029999,43.875675,178100
6/18/07,75.150002,75.199997,74.040001,43.19931,154200
6/19/07,73.650002,74.290001,73.32,43.280956,175900
6/20/07,74.230003,74.269997,72,41.98069,73500
6/21/07,72.25,72.580002,71.25,42.213921,346500
6/22/07,72.199997,72.32,71.559998,42.056492,110800
6/25/07,71.029999,71.339996,69.849998,41.36694,381600
6/26/07,70.230003,70.559998,69.599998,41.207546,210800
6/27/07,69.410004,71.82,69.139999,42.264297,196400
6/28/07,71.559998,72.25,71.18,42.045872,117100
6/29/07,71.239998,72.220001,70.370003,41.886467,195300
7/2/07,71.209999,72.68,71.07,42.854656,217100
7/3/07,72.660004,72.940002,72.18,42.736584,92000
7/5/07,72.989998,74.309998,72.989998,43.380112,129100
7/6/07,73.610001,73.860001,72.830002,43.326969,110800
7/9/07,73.510002,73.510002,72.849998,43.29744,64600
7/10/07,72.779999,72.860001,71.389999,42.199368,119300
7/11/07,71.300003,71.580002,70.580002,42.116718,138700
7/12/07,71.5,72.260002,71.25,42.659851,92000
7/13/07,71.959999,73.040001,71.940002,43.067204,107200
7/16/07,72.910004,73.860001,72.339996,42.707081,88200
7/17/07,72.599998,72.860001,72.029999,42.553589,123700
7/18/07,71.849998,71.93,70.690002,42.459122,136500
7/19/07,72.120003,72.589996,72.099998,42.618523,76900
7/20/07,72,72.080002,70.5,41.874672,157100
7/23/07,71.199997,71.199997,69.699997,41.148502,134300
7/24/07,69.239998,69.860001,68.029999,40.316109,128900
7/25/07,68.800003,69.269997,67.089996,39.87923,262800
7/26/07,67.629997,67.629997,65.32,39.147167,317500
7/27/07,66.199997,67,64.110001,37.848373,252000
7/30/07,64.959999,65.629997,64.230003,38.580418,197200
7/31/07,66.099998,67.040001,65.010002,38.426929,552700
8/1/07,65.010002,66.160004,63.700001,38.934643,202500
8/2/07,66.540001,67.099998,66.040001,39.57814,545600
8/3/07,66.690002,66.739998,64.449997,38.049091,169300
8/6/07,65.25,66.699997,63.549999,39.377411,333300
8/7/07,65.940002,67.660004,65.370003,39.595856,233700
8/8/07,67.489998,69.889999,67.190002,41.160313,293500
8/9/07,68.370003,70.129997,65.809998,40.705727,453700
8/10/07,67.580002,68.93,66.839996,39.477776,193700
8/13/07,66.75,67.730003,66.550003,39.288872,178000
8/14/07,66.599998,66.599998,64.550003,38.161263,440600
8/15/07,64.360001,66.339996,63.549999,37.517765,629200
8/16/07,63.389999,66.099998,63.02,39.02319,472100
8/17/07,67.769997,69.449997,66.519997,39.908741,517700
8/20/07,67.5,68.949997,67.25,40.6408,367800
8/21/07,68.43,69.540001,68.260002,40.829708,250600
8/22/07,70,70.440002,69.190002,41.325626,274700
8/23/07,70,70.169998,68.720001,40.617188,277300
8/24/07,69.120003,69.300003,68.25,40.835621,240900
8/27/07,68.779999,68.900002,67.669998,39.950085,205100
8/28/07,67.480003,67.480003,65.599998,38.728016,195400
8/29/07,66.010002,68,66.010002,40.14489,239200
8/30/07,66.440002,68.419998,66.440002,40.351513,269100
8/31/07,69.040001,70.279999,68.660004,41.018635,1092000
9/4/07,69.510002,71,69.279999,41.561779,359600
9/5/07,69.699997,69.870003,68.669998,40.56406,255600
9/6/07,69.139999,69.43,68.330002,40.924171,181800
9/7/07,68.120003,68.459999,67.559998,39.938263,330200
9/10/07,68.050003,68.300003,66.57,39.525009,188200
9/11/07,67.510002,68.339996,67.5,40.345612,369400
9/12/07,68.029999,68.639999,67.800003,40.109482,107200
9/13/07,68.470001,69.800003,68.349998,41.01273,133700
9/14/07,68.75,69.919998,68.360001,41.278378,427500
9/17/07,69.610001,69.839996,69,40.977306,107500
9/18/07,69.809998,71.879997,69.540001,42.435505,154600
9/19/07,72.050003,73.449997,72.050003,43.232506,200400
9/20/07,72.769997,72.769997,71.330002,42.110817,498400
9/21/07,71.959999,72.199997,71.68,42.411892,82600
9/24/07,71.400002,72.449997,71.239998,43.215961,131500
9/25/07,71.620003,71.620003,70.650002,42.142273,380800
9/26/07,71.290001,71.68,70.849998,42.75668,155900
9/27/07,72.029999,72.230003,71.639999,43.084747,141200
9/28/07,71.970001,71.970001,71.300003,42.625446,174800
10/1/07,72.099998,73.199997,72.089996,43.663349,884900
10/2/07,73.540001,74.529999,73.400002,44.456673,205200
10/3/07,74.190002,74.480003,73.760002,44.241936,168300
10/4/07,74.410004,74.93,73.75,44.695278,136300
10/5/07,75.239998,76.690002,74.699997,45.745098,266300
10/8/07,75.480003,75.739998,75.190002,44.880196,140900
10/9/07,75.449997,76.080002,74.639999,45.381245,159300
10/10/07,76.080002,76.18,75.239998,45.065079,187600
10/11/07,76.370003,76.480003,75.059998,44.886154,111800
10/12/07,75.5,75.68,74.540001,44.462643,129500
10/15/07,74.599998,74.839996,72.970001,43.627544,205100
10/16/07,72.889999,73.040001,72.040001,43.096664,205800
10/17/07,72.839996,74.120003,70.550003,43.031071,263900
10/18/07,71.580002,72.889999,70.82,43.042976,134000
10/19/07,71.720001,71.720001,69.089996,41.211742,184500
10/22/07,69.089996,70.900002,68.760002,42.291416,246600
10/23/07,71.449997,71.650002,70.370003,42.738773,185500
10/24/07,71.099998,71.099998,69.360001,42.022976,370600
10/25/07,71.339996,71.559998,69.949997,42.112465,310000
10/26/07,71.559998,72.07,70.43,42.750698,144600
10/29/07,71.639999,71.809998,70.5,42.052799,133200
10/30/07,70.879997,71.870003,70.879997,42.631397,178600
10/31/07,71.919998,72.959999,70.779999,43.52018,263600
11/1/07,71.160004,71.32,69.550003,41.486134,278700
11/2/07,69.93,69.93,67.599998,40.895599,306500
11/5/07,67.5,68.449997,67.25,40.305084,309000
11/6/07,67.209999,68.419998,66.919998,40.812092,212600
11/7/07,66.980003,67.900002,66.089996,39.541573,495200
11/8/07,66.639999,67.080002,65.379997,39.660866,294100
11/9/07,65.769997,67.010002,65.5,39.33876,247200
11/12/07,66.089996,67.690002,65.879997,39.792095,277800
11/13/07,66.699997,68.919998,66.699997,41.110344,175900
11/14/07,70.019997,70.019997,67.519997,40.275246,311500
11/15/07,67.720001,68.040001,66.5,40.203667,342800
11/16/07,68.190002,68.230003,65.809998,39.452087,361500
11/19/07,66,66,64.699997,38.593147,316900
11/20/07,65.400002,65.970001,62.400002,37.847523,482500
11/21/07,62.77,63.779999,62.290001,37.585068,339000
11/23/07,64.279999,64.940002,63.669998,38.32473,164500
11/26/07,64.949997,64.949997,61.169998,36.487522,221400
11/27/07,62.139999,62.630001,61.099998,37.340515,291100
11/28/07,63.490002,65.349998,63.490002,38.980854,302100
11/29/07,65.300003,65.410004,63.860001,38.354542,152400
11/30/07,65.699997,66.940002,65.239998,39.398403,275600
12/3/07,66.260002,66.260002,64.760002,38.974907,423300
12/4/07,65.339996,65.339996,63.580002,37.925079,299200
12/5/07,64.870003,65.75,64.309998,39.201561,223800
12/6/07,65.720001,67.949997,65.589996,40.448231,180600
12/7/07,68,68.620003,67.5,40.305084,264100
12/10/07,67.610001,69.019997,67.260002,41.169983,248200
12/11/07,69.300003,69.669998,65.330002,38.99876,280600
12/12/07,67.610001,67.620003,64.540001,38.867538,416500
12/13/07,64.949997,65.099998,63.529999,38.426121,318400
12/14/07,63.18,65.019997,62.669998,37.459801,922900
12/17/07,62.220001,62.240002,60.860001,36.302608,509100
12/18/07,61.869999,62.25,60.009998,36.863319,494100
12/19/07,61.939999,62.43,61.389999,37.239105,370500
12/20/07,62.080002,62.080002,60.57,37.083874,998500
12/21/07,61.419998,62.360001,61.419998,37.811489,374200
12/24/07,62.369999,64.550003,62.369999,39.036304,121700
12/26/07,63.849998,63.970001,63.049999,38.387516,371900
12/27/07,62.919998,63.200001,61.68,37.62352,353800
12/28/07,62.040001,62.5,60.580002,36.962605,395000
12/31/07,61.32,61.73,60.529999,37.265774,335800
1/2/08,61.459999,62.02,60.400002,37.150581,5341700
1/3/08,62.220001,62.220001,59.02,35.992458,259300
1/4/08,59.419998,59.419998,56.860001,34.53117,382300
1/7/08,57.029999,57.860001,55.98,34.852543,668600
1/8/08,57.599998,59.110001,55.400002,33.64592,646700
1/9/08,55.700001,56.470001,53.529999,34.240131,534600
1/10/08,56.360001,58.299999,54.880001,34.767651,717000
1/11/08,57.889999,58.220001,55.869999,34.773724,558300
1/14/08,57.82,58.419998,55.830002,34.628193,399900
1/15/08,56.23,56.5,55.360001,33.924831,542700
1/16/08,55.209999,57.490002,55.209999,34.312908,621800
1/17/08,56.759998,57.150002,55.619999,33.846012,700400
1/18/08,56.25,56.77,54.200001,33.397324,880900
1/22/08,54.970001,57.439999,53.330002,34.197689,925800
1/23/08,55.700001,61.75,55.700001,37.441612,1329400
1/24/08,61.810001,63.099998,59.650002,36.56242,755600
1/25/08,61.029999,61.599998,59.349998,36.350201,690400
1/28/08,59.990002,61.98,59.09,37.581078,814200
1/29/08,61.880001,62.400002,60.93,37.241524,532400
1/30/08,61.27,62.369999,59.75,36.247128,589500
1/31/08,59.560001,61.700001,59.040001,36.974731,743400
2/1/08,61.349998,63.619999,61.189999,38.520905,848600
2/4/08,63.470001,63.470001,61.950001,38.120731,520000
2/5/08,61.779999,62.689999,60.650002,36.774635,711000
2/6/08,61.080002,61.25,59.52,36.17437,558000
2/7/08,59.48,61.07,59,37.029308,462600
2/8/08,60.93,60.93,58.380001,35.846935,837500
2/11/08,59.119999,59.849998,57.669998,35.119328,720200
2/12/08,58.310001,59.860001,58.310001,36.119793,902800
2/13/08,60.790001,60.790001,58.98,36.404774,814900
2/14/08,60.02,60.75,58.900002,35.725674,1046100
2/15/08,58.700001,59.41,58.099998,36.01672,1150900
2/19/08,61.150002,61.150002,58.310001,35.925762,1076500
2/20/08,58.150002,59.700001,58.099998,36.150105,1518700
2/21/08,60.080002,60.34,58,35.167835,1092300
2/22/08,58.98,59.639999,57.73,36.162235,1063400
2/25/08,60.459999,61.459999,58.91,37.265774,984800
2/26/08,61.5,61.959999,60.66,37.259727,889100
2/27/08,61.330002,61.93,60.759998,37.083874,447800
2/28/08,60.91,60.91,59.900002,36.319893,627800
2/29/08,59.84,59.869999,58.82,35.798443,556600
3/3/08,59.029999,59.669998,58.310001,36.047039,629500
3/4/08,58.650002,59.68,58.18,35.707478,517100
3/5/08,58.700001,60.07,58.700001,36.198608,558300
3/6/08,59.830002,59.830002,56.950001,34.54937,535000
3/7/08,57.049999,58.23,56.240002,35.113262,636400
3/10/08,58.139999,58.189999,56.82,34.616055,752200
3/11/08,58.84,60.799999,57.939999,36.865604,577700
3/12/08,60.419998,61.549999,59.52,36.089474,363400
3/13/08,59.209999,60.709999,57.759998,36.51392,503300
3/14/08,61.27,61.27,57.990002,35.774185,615900
3/17/08,58.48,59.73,58.07,35.992458,1021200
3/18/08,61.200001,62,59.84,37.575024,774700
3/19/08,61.73,63,61.5,37.290028,372600
3/20/08,61.75,64.050003,61.610001,38.533028,531200
3/24/08,65.089996,65.599998,64.309998,39.400112,384200
3/25/08,65.099998,65.379997,63.720001,39.500916,752900
3/26/08,64.019997,64.400002,63.240002,38.743279,437000
3/27/08,65.129997,65.129997,62.75,38.425568,673300
3/28/08,64.440002,64.440002,62,37.973431,491400
3/31/08,63.169998,63.830002,62.099998,38.120068,409000
4/1/08,63.740002,65.940002,63.27,40.289112,3876600
4/2/08,66.139999,66.220001,64.779999,40.093594,483400
4/3/08,65.959999,67.120003,65.199997,41.01009,508900
4/4/08,67.68,67.68,65.919998,40.362438,1124600
4/7/08,67.190002,67.190002,65.419998,39.989708,681300
4/8/08,65.959999,65.959999,65,39.934723,452500
4/9/08,65.25,65.43,63.700001,38.932697,515900
4/10/08,63.700001,64.769997,63.23,39.311516,576600
4/11/08,63.459999,64.349998,63.32,38.828823,422300
4/14/08,63.380001,64.160004,63.080002,38.602741,410800
4/15/08,63.619999,63.900002,63.080002,38.99379,218700
4/16/08,64.660004,66.410004,64.239998,40.576275,358200
4/17/08,66.010002,66.669998,65.480003,40.722904,400600
4/18/08,67.610001,67.870003,66.120003,40.490723,814400
4/21/08,66.360001,66.370003,65.540001,40.191338,307700
4/22/08,65.739998,65.970001,65.089996,40.093594,522800
4/23/08,65.620003,66.879997,65.389999,40.594597,693300
4/24/08,66.540001,68,66.32,41.401108,886400
4/25/08,68.809998,68.809998,67.400002,41.633297,454400
4/28/08,68.349998,68.349998,67.550003,41.5783,699600
4/29/08,67.389999,67.959999,66.910004,41.126171,806100
4/30/08,67.889999,67.980003,66.190002,40.55183,629600
5/1/08,66.449997,67.800003,65.919998,41.425568,780200
5/2/08,68.720001,68.720001,67.300003,41.388901,1311800
5/5/08,67.709999,67.739998,66.900002,41.272804,295500
5/6/08,68.040001,68.050003,66.790001,41.559986,336800
5/7/08,67.940002,68,65.919998,40.429626,496200
5/8/08,66.839996,66.839996,65.300003,40.18523,419100
5/9/08,65.699997,66.089996,65.07,39.965275,342300
5/12/08,65.610001,66.980003,65.440002,40.924534,287700
5/13/08,67.239998,67.300003,66.449997,41.0895,307100
5/14/08,67.889999,68.040001,67.389999,41.346127,297000
5/15/08,67.860001,68.489998,67.209999,41.847137,415000
5/16/08,68.5,68.5,67.629997,41.627197,323800
5/19/08,68.160004,68.519997,67.599998,41.694389,256700
5/20/08,67.739998,67.849998,66.75,41.132286,1419600
5/21/08,67.18,67.68,65.389999,40.142456,3444000
5/22/08,65.360001,65.730003,64.959999,39.800308,3545600
5/23/08,64.980003,65.080002,64.510002,39.610893,311300
5/27/08,64.849998,65.949997,64.849998,40.154675,370600
5/28/08,66.190002,66.199997,65.43,40.221893,199800
5/29/08,65.809998,66.559998,65.589996,40.655693,726700
5/30/08,66.949997,66.949997,65.870003,40.466293,304700
6/2/08,66.669998,66.669998,64.639999,39.788078,338500
6/3/08,65.489998,65.690002,64.75,40.050819,410000
6/4/08,65.290001,66.410004,65.129997,40.258556,323800
6/5/08,66.330002,67.419998,66.120003,41.181149,218100
6/6/08,67.040001,67.040001,64.559998,39.458149,595100
6/9/08,64.860001,65.349998,63.169998,38.67606,412100
6/10/08,63.080002,63.810001,62.23,38.694401,378600
6/11/08,63.669998,63.990002,62.290001,38.107841,269600
6/12/08,62.919998,63.599998,62.080002,38.49889,335700
6/13/08,63.349998,64.059998,62.52,39.14043,301900
6/16/08,63.73,64.940002,63.5,39.659782,256900
6/17/08,65.239998,65.239998,62.93,38.535545,232400
6/18/08,62.950001,62.950001,61.639999,37.967308,229400
6/19/08,62.049999,63.580002,61.720001,38.847145,792100
6/20/08,62.880001,63.02,61.779999,37.973431,271400
6/23/08,62.580002,62.59,60.610001,37.03249,271800
6/24/08,59.639999,60.669998,59.099998,37.056023,964300
6/25/08,60.02,61.779999,60.02,37.662785,1119900
6/26/08,61.400002,61.41,58.73,36.405914,476900
6/27/08,58.939999,59.209999,57.84,36.121101,1234000
6/30/08,58.240002,59.209999,57.73,36.17065,1266500
7/1/08,56.889999,58.84,56.759998,36.139679,2001800
7/2/08,58.459999,58.66,57.360001,35.693897,2487500
7/3/08,57.73,57.889999,56.84,35.328602,2056800
7/7/08,57.360001,57.66,55.560001,34.536083,2200300
7/8/08,55.900002,59.950001,55.419998,37.11174,4736200
7/9/08,61.369999,61.369999,55.32,34.579433,2749200
7/10/08,55.68,57.369999,55.080002,35.248112,2237100
7/11/08,55.509998,57.950001,55.310001,35.074757,4163200
7/14/08,56.740002,57.790001,54.439999,33.855019,3855400
7/15/08,54.389999,55.950001,53.189999,33.526875,6946000
7/16/08,54.119999,58.099998,53.540001,35.972519,4768500
7/17/08,58.099998,59.029999,56.599998,36.405914,8110000
7/18/08,58.68,58.990002,57.849998,36.467819,4488700
7/21/08,58.869999,59.34,58.389999,36.740253,3129700
7/22/08,58.68,61.029999,58.16,37.724697,6480900
7/23/08,60.299999,63.200001,60.299999,38.789627,5532900
7/24/08,62.98,62.98,58.189999,36.220165,2615400
7/25/08,59.110001,60.200001,58.349998,36.814552,4093000
7/28/08,59.799999,60.34,57.84,36.213978,1083800
7/29/08,58.41,61.310001,58.27,37.898064,2094600
7/30/08,63.16,63.16,59.16,37.76804,4018500
7/31/08,60.650002,61.02,59.360001,37.297493,2728100
8/1/08,60.27,60.41,58.77,37.328449,3156300
8/4/08,60.009998,60.130001,59.049999,36.783596,3286600
8/5/08,59.700001,62.189999,59.48,38.436726,2620900
8/6/08,61.709999,62.060001,60.880001,38.250977,2221000
8/7/08,61.16,61.360001,59.630001,37.241768,2783500
8/8/08,60.130001,62.860001,59.849998,38.325272,2850800
8/11/08,62.59,64.519997,61.939999,39.563568,5189800
8/12/08,64.239998,64.239998,61.68,38.678192,4389300
8/13/08,62.009998,62.119999,60.790001,38.114773,4023000
8/14/08,61.220001,62.66,60.950001,38.727718,4712900
8/15/08,62.720001,63.32,61.849998,38.671993,2975400
8/18/08,62.549999,62.66,60.610001,38.139534,3402800
8/19/08,60.610001,60.619999,59.389999,37.198425,4193500
8/20/08,60.150002,60.43,58.82,37.254143,4381400
8/21/08,59.43,59.52,58.700001,36.591656,3852600
8/22/08,59.259998,61.110001,59.259998,37.836147,2729600
8/25/08,61.040001,61.299999,58.990002,36.69072,1789900
8/26/08,58.380001,59.959999,58.380001,37.124126,2080500
8/27/08,60.380001,60.560001,59.349998,37.495621,1627200
8/28/08,60.650002,62.110001,60.43,38.449104,1363600
8/29/08,61.650002,62.25,61,38.182869,1347300
9/2/08,62,63.119999,60.91,38.430531,2444100
9/3/08,61.990002,63.049999,61.580002,39.037304,2689600
9/4/08,62.360001,62.720001,61.119999,37.941418,2620000
9/5/08,60.619999,61.360001,59.880001,37.94759,3785300
9/8/08,63.490002,64.040001,62.25,39.588333,3510900
9/9/08,63.580002,64.120003,61.060001,38.10857,3092300
9/10/08,61.869999,62.23,60.360001,38.176682,3161300
9/11/08,61.34,62.599998,60.330002,38.758678,4225200
9/12/08,61.759998,62.950001,61.209999,38.634853,2567500
9/15/08,61.459999,61.82,58.799999,36.405914,6087100
9/16/08,57.66,61.700001,57.599998,38.201443,5486600
9/17/08,60.419998,60.759998,57.75,36.003471,4194600
9/18/08,58.009998,63.09,55.830002,39.062069,6149500
9/19/08,68.949997,68.949997,61.639999,40.226051,2369000
9/22/08,62,64.400002,59.299999,36.845512,1726000
9/23/08,60.919998,61.27,59.75,37.093166,2495000
9/24/08,60.040001,61.32,58.049999,36.837273,3085200
9/25/08,59.860001,60.18,58.27,37.295139,2240200
9/26/08,58.040001,61.299999,57.82,38.449234,1991700
9/29/08,58.93,60.880001,56.720001,35.576534,3275700
9/30/08,59.650002,60.990002,57.43,38.135639,2369100
10/1/08,60.5,60.5,58.459999,37.2136,2887000
10/2/08,58.689999,58.869999,55.32,34.811302,2279600
10/3/08,56.639999,57.119999,52.75,33.305939,4099000
10/6/08,52.419998,52.700001,48.900002,32.308651,4331400
10/7/08,51.099998,51.830002,47.09,29.536295,3188200
10/8/08,45.310001,48.580002,44.32,29.128593,2313700
10/9/08,46.299999,48.110001,42.5,26.820385,5654200
10/10/08,40.900002,47.32,38.330002,29.385752,3060000
10/13/08,49.700001,49.950001,46.240002,31.25491,1518600
10/14/08,51.470001,51.470001,43.400002,29.128593,3512800
10/15/08,44.900002,45.790001,40.18,25.390297,2787600
10/16/08,41.630001,43.25,39,26.864288,2282300
10/17/08,40.790001,44.32,40.619999,26.575769,3186700
10/20/08,43.380001,43.380001,40.700001,26.770203,1889500
10/21/08,42.139999,43.130001,41.119999,25.854446,1410200
10/22/08,40,40.700001,36.990002,24.029205,2564900
10/23/08,38.220001,39.110001,34.400002,23.401978,5536300
10/24/08,33.389999,37.240002,33.389999,22.072243,2853100
10/27/08,34.869999,36.560001,33,20.817787,2338400
10/28/08,34,38.560001,32.529999,24.073114,4867500
10/29/08,38.060001,39.73,36.630001,23.220081,3787300
10/30/08,38.950001,39.209999,37.48,24.461996,3782900
10/31/08,39.32,41.700001,38.490002,26.036346,11149000
11/3/08,41.400002,41.720001,40.009998,25.183313,6681200
11/4/08,41.279999,42.540001,40.41,26.594585,6208700
11/5/08,41.790001,41.799999,37.950001,23.979027,9770700
11/6/08,37.860001,38.419998,36.290001,22.856283,12780800
11/7/08,36.869999,38.889999,35.740002,24.305191,8636600
11/10/08,39.119999,39.139999,34.849998,22.128702,3812600
11/11/08,34.799999,35.57,33.389999,21.821356,3649900
11/12/08,33.990002,34,32.040001,20.259548,5528600
11/13/08,33.389999,35.990002,30.82,22.48621,9470900
11/14/08,35.360001,35.380001,31.629999,19.952208,2605900
11/17/08,31.43,32.040001,30.58,19.230888,2647600
11/18/08,30.790001,31.290001,28.559999,19.048996,3246200
11/19/08,30.059999,30.370001,26,16.489897,3068800
11/20/08,25.82,27.6,23.85,15.185254,4156200
11/21/08,24.799999,26.209999,22.52,16.301727,6877600
11/24/08,26.870001,30.76,25.74,19.074089,5300100
11/25/08,31.040001,31.469999,28.629999,19.37516,2949200
11/26/08,30.889999,32.610001,29.92,20.422636,2348000
11/28/08,32.380001,32.799999,31.379999,20.121559,838000
12/1/08,31.280001,31.35,25.450001,16.195103,2431700
12/2/08,26.51,29.379999,26.5,18.346498,3379600
12/3/08,27.969999,30.889999,27.51,19.37516,4203100
12/4/08,30.33,32.25,29.360001,18.842016,2461400
12/5/08,29.58,33.25,29.139999,20.836603,2176800
12/8/08,33.98,36.369999,33.509998,22.781019,1851300
12/9/08,35.830002,36.27,32.900002,20.805239,2632100
12/10/08,33.790001,36.099998,33.619999,22.59285,1656000
12/11/08,35.200001,35.380001,30.34,19.368885,1955400
12/12/08,30.02,34.110001,29.82,21.394838,1917500
12/15/08,34.23,34.560001,31.49,20.64843,1425300
12/16/08,36.950001,36.98,32.84,23.176174,2348400
12/17/08,36,39.220001,35.290001,23.602699,4069200
12/18/08,38.09,38.220001,34.380001,21.639458,1897500
12/19/08,34.580002,36.919998,34.580002,23.157343,2274400
12/22/08,36.619999,36.630001,33.900002,22.285507,3688700
12/23/08,35.889999,36.25,34.970001,22.160065,1580400
12/24/08,34.610001,34.799999,34.029999,22.42099,615700
12/26/08,35.009998,35.299999,34.189999,22.743134,608500
12/29/08,35,35,32.639999,21.435242,1549800
12/30/08,33.68,34.860001,33.48,22.292137,1765300
12/31/08,34.810001,36.790001,34.610001,23.484058,1954200
1/2/09,36.630001,36.639999,35.27,22.736694,2181800
1/5/09,35.240002,35.619999,34.360001,22.317913,7318600
1/6/09,35.25,36.75,34.150002,23.432512,1913900
1/7/09,36.150002,36.220001,34.880001,22.646496,1439600
1/8/09,34.68,35.130001,34.18,22.478977,2063200
1/9/09,34.919998,34.950001,32.950001,21.325714,1491800
1/12/09,32.880001,32.950001,30.639999,20.075809,1760800
1/13/09,30.809999,32.279999,30.6,20.681433,1792700
1/14/09,31.48,31.48,30.1,19.599043,2330100
1/15/09,30.42,32.150002,28.889999,20.24332,3927500
1/16/09,32,32.709999,30.620001,21.010023,5540300
1/20/09,32.16,32.18,28.799999,18.658382,3918700
1/21/09,29.639999,32.009998,28.66,20.610569,3471500
1/22/09,30.82,31.860001,29.790001,19.48307,3904300
1/23/09,29.25,31.280001,29.049999,20.075809,3563500
1/26/09,31.219999,32.049999,30.370001,19.959837,3755700
1/27/09,31.200001,31.959999,30.83,20.24332,2490400
1/28/09,33.080002,34.27,32.040001,21.995764,2712800
1/29/09,33.419998,33.5,31.219999,20.198217,2714700
1/30/09,31.719999,32.189999,29.67,19.367104,2386500
2/2/09,29.370001,30.83,29.26,19.837431,2732600
2/3/09,30.950001,30.99,29.940001,19.637699,2159200
2/4/09,30.49,31.299999,29.74,19.160931,7818500
2/5/09,29.110001,30.17,28.23,18.755032,4770500
2/6/09,29.27,31.440001,29.209999,20.056482,4500200
2/9/09,31.48,31.639999,30.51,20.352852,2627000
2/10/09,31.540001,31.540001,28.52,18.542419,4686400
2/11/09,29.08,29.33,27.91,18.896774,3494300
2/12/09,28.290001,28.98,26.74,18.574635,3502600
2/13/09,28.559999,28.58,27,17.434258,3436000
2/17/09,26,26.25,24.889999,16.197235,2560700
2/18/09,25.49,25.68,24.4,16.429171,5537100
2/19/09,26,26.209999,24.18,15.720469,2946800
2/20/09,23.74,26.059999,23.18,16.71266,6286800
2/23/09,26.18,26.370001,23.85,15.456314,5058000
2/24/09,24.82,26.129999,23.92,16.764202,5187300
2/25/09,25.73,26.629999,24.51,16.442062,4889400
2/26/09,26.040001,26.309999,24.09,15.598054,3821000
2/27/09,23.549999,24.709999,23.5,15.391884,3676800
3/2/09,23.559999,23.559999,21.879999,14.431909,4773700
3/3/09,22.68,22.99,21.35,14.489893,5413900
3/4/09,22.93,23.41,22.18,14.721829,3058600
3/5/09,22.27,22.559999,21.129999,13.813393,3390700
3/6/09,21.58,21.809999,19.950001,13.626554,4933800
3/9/09,20.51,21.639999,20.51,13.929367,3882000
3/10/09,22.209999,24.719999,22,15.868649,3060900
3/11/09,24.73,25.09,23.889999,15.610941,2695800
3/12/09,24.26,26.379999,23.889999,16.886616,2791300
3/13/09,26.790001,26.940001,24.790001,16.525818,2757900
3/16/09,25.84,26.08,23.58,15.224369,2283000
3/17/09,23.68,25.49,23.139999,16.377636,2398400
3/18/09,25.01,26.83,24.370001,17.273182,3892800
3/19/09,27.23,27.27,25.059999,16.216564,2177800
3/20/09,25.08,25.08,23,14.818473,2783100
3/23/09,24.09,26.91,23.85,17.215199,2763900
3/24/09,26,26.860001,24.4,15.887979,4493200
3/25/09,24.74,25.190001,22.559999,16.149473,2340700
3/26/09,24.84,25.370001,23.610001,16.510834,3010400
3/27/09,24.559999,24.82,23.959999,15.774976,2526500
3/30/09,23.27,23.370001,22.5,14.914284,1412900
3/31/09,23.110001,24.629999,22.83,15.952363,2461700
4/1/09,23.85,24.51,23.59,15.866957,1859200
4/2/09,25.02,26.18,24.49,17.016735,2353800
4/3/09,25.82,28.25,25.32,18.481882,2793400
4/6/09,27.549999,28.469999,26.9,18.271633,3235200
4/7/09,27.15,27.299999,25.51,16.905043,2370000
4/8/09,25.85,26.32,25.34,17.154707,2579700
4/9/09,27.27,29.610001,26.780001,19.454268,2493800
4/13/09,28.879999,30.299999,28.58,19.513401,4314300
4/14/09,29.16,29.49,27.120001,17.857719,3382100
4/15/09,27.110001,29.700001,26.92,19.408278,4144900
4/16/09,29.559999,31.940001,28.379999,20.058723,5803700
4/17/09,30.73,32.18,29.92,20.42008,5805200
4/20/09,30.040001,30.309999,27.709999,18.317631,4124800
4/21/09,27.190001,30.42,27.02,19.940462,2776100
4/22/09,29.73,30.9,29.120001,19.244024,9377100
4/23/09,29.48,30.790001,29,20.111284,6132600
4/24/09,30.860001,33,30.24,21.063963,7819400
4/27/09,31.48,31.690001,29.27,19.802488,6108400
4/28/09,29.860001,31.299999,29.41,20.065296,6029900
4/29/09,30.92,32.299999,30.629999,20.939127,5113600
4/30/09,32.220001,32.970001,31.59,20.847139,5575000
5/1/09,31.76,31.780001,30.280001,20.163849,3926800
5/4/09,31.33,33.290001,31,21.826099,5437900
5/5/09,32.939999,32.939999,31.690001,21.0114,6108700
5/6/09,32.639999,33.369999,31.68,21.812956,8067300
5/7/09,33.610001,33.619999,30.469999,20.564629,7561500
5/8/09,31.76,33.599998,31.299999,21.937794,6114200
5/11/09,32.369999,32.959999,32.02,21.10338,3484000
5/12/09,32.450001,32.68,30.66,21.044252,3181700
5/13/09,30.959999,31.02,29.450001,19.664516,2867300
5/14/09,29.5,31.129999,29,20.130991,2592500
5/15/09,30.469999,30.75,29.030001,19.454268,2103600
5/18/09,29.93,32.200001,29.9,21.017971,2776800
5/19/09,32.130001,32.290001,30.98,20.617184,2909000
5/20/09,32.209999,32.700001,30.959999,20.452934,3417700
5/21/09,30.58,31.57,30.309999,20.512068,2684600
5/22/09,31.639999,31.639999,30.41,20.006163,1669600
5/26/09,30.280001,32.549999,30.15,21.195356,2517200
5/27/09,32.23,32.470001,30.91,20.426653,2539800
5/28/09,31.58,31.92,30.690001,20.709171,2397500
5/29/09,32,32.630001,31.379999,21.392466,1692900
6/1/09,33.34,34.990002,33,22.489691,3811800
6/2/09,33.75,34.029999,33.259998,22.023205,2796300
6/3/09,33.360001,33.540001,32.93,21.983784,2019100
6/4/09,33.720001,34.830002,33.48,22.686787,2006000
6/5/09,35.080002,35.099998,33.849998,22.627659,2798300
6/8/09,34.740002,34.740002,33.490002,22.213743,3558400
6/9/09,34.240002,34.27,33.619999,22.213743,2516800
6/10/09,34.220001,34.32,32.380001,21.826099,2373100
6/11/09,33.220001,33.459999,32.439999,21.379328,2714700
6/12/09,32.5,33.720001,32.299999,22.154604,1765400
6/15/09,33.240002,33.419998,31.58,21.10338,2129600
6/16/09,32.209999,32.369999,31.030001,20.715742,2248100
6/17/09,31.48,31.700001,30.58,20.321531,2144600
6/18/09,31.09,31.42,30.65,20.459503,1742400
6/19/09,31.5,31.610001,30.98,20.663181,1292300
6/22/09,30.879999,31.209999,29.74,19.585669,2041900
6/23/09,30.18,30.549999,29.65,19.730213,1855000
6/24/09,30.440001,30.450001,29.799999,20.160948,4424500
6/25/09,30,30.59,29.57,20.428068,1872300
6/26/09,30.51,31.09,30.219999,20.601696,2356600
6/29/09,30.91,31.110001,30.370001,20.588343,2342100
6/30/09,31.040001,31.33,30.790001,20.70854,1894200
7/1/09,31.23,31.75,31.16,21.06916,1682600
7/2/09,31.1,31.16,29.85,19.953926,2344000
7/6/09,29.700001,30.709999,29.42,20.454781,2654100
7/7/09,30.709999,30.719999,29.34,19.660091,2036100
7/8/09,29.6,29.709999,28.33,19.47311,2370500
7/9/09,29.360001,29.48,28.57,19.10582,1289300
7/10/09,28.35,28.74,27.82,19.079107,1123900
7/13/09,28.690001,29.84,28.370001,19.800337,3929500
7/14/09,29.75,30.280001,29.219999,20.040743,2822300
7/15/09,30.610001,31.559999,30.32,20.782001,1768200
7/16/09,30.99,31.74,30.51,21.022409,1606200
7/17/09,31.290001,31.360001,30.41,20.46146,1454700
7/20/09,31.030001,31.860001,30.940001,21.182686,1687800
7/21/09,32,32,30.959999,21.122583,2990100
7/22/09,31.17,32.119999,31.129999,21.149294,1949300
7/23/09,31.700001,33.310001,31.6,21.990728,2922400
7/24/09,32.709999,33.27,32.290001,22.144321,1272500
7/27/09,33.200001,33.73,32.900002,22.464861,2146100
7/28/09,33.43,33.75,33.110001,22.444834,1451100
7/29/09,33.380001,33.619999,32.93,22.164354,1187200
7/30/09,33.790001,34.91,33.709999,22.959042,1918200
7/31/09,34.369999,34.700001,34.009998,22.939003,2208800
8/3/09,35.09,35.139999,34.43,23.353045,2541900
8/4/09,34.790001,37.139999,34.52,24.628542,3454100
8/5/09,36.900002,38.490002,36.610001,25.570147,3965400
8/6/09,38.830002,39.810001,38,25.376488,5953400
8/7/09,38.919998,40.900002,38.34,26.792225,5471300
8/10/09,39.990002,40.080002,38.82,26.217909,4432000
8/11/09,38.869999,39.060001,37.650002,25.456615,4275200
8/12/09,38.049999,39.18,38.009998,25.643599,4619200
8/13/09,38.84,38.990002,38.099998,25.777163,5339500
8/14/09,38.439999,38.470001,37.330002,25.563469,3538500
8/17/09,36.779999,36.880001,36,24.201153,3385800
8/18/09,36.360001,37.009998,36.119999,24.441555,2379900
8/19/09,35.950001,36.48,35.740002,24.247898,2693600
8/20/09,36.310001,37.790001,36.259998,25.216209,5235500
8/21/09,38.279999,39.549999,38.09,25.877335,5953400
8/24/09,39.290001,39.310001,38.450001,25.790516,5958400
8/25/09,38.900002,39.349998,38.57,26.077679,3483900
8/26/09,38.970001,39.23,38.610001,26.157814,2680900
8/27/09,39.150002,39.650002,38.349998,26.411579,2465000
8/28/09,39.900002,40.040001,39.189999,26.645311,3074500
8/31/09,39.169998,39.57,38.860001,26.224588,2961300
9/1/09,38.970001,39.32,37.130001,24.822201,4356400
9/2/09,36.860001,37.139999,36.419998,24.321358,3443600
9/3/09,36.889999,37.189999,36.18,24.808846,1933100
9/4/09,37.139999,37.580002,36.48,25.096003,1587900
9/8/09,38.169998,38.889999,37.889999,25.970827,2051900
9/9/09,38.869999,39.779999,38.540001,26.478354,2825800
9/10/09,39.610001,40.330002,39.040001,26.872356,2117300
9/11/09,40.470001,40.66,39.669998,26.825609,2384000
9/14/09,39.580002,41.389999,39.57,27.620302,2229900
9/15/09,41.650002,42.619999,40.810001,28.061049,3555000
9/16/09,42.43,43.790001,42.23,29.20299,3659700
9/17/09,43.689999,45.240002,42.889999,29.076105,5152800
9/18/09,43.790001,44.169998,42.82,29.116171,2874100
9/21/09,42.990002,43.419998,42.599998,28.66206,2423600
9/22/09,43.459999,44.349998,43.23,29.570278,4488000
9/23/09,44.43,44.439999,42.610001,28.501797,3291700
9/24/09,42.52,42.700001,40.459999,27.461212,4804900
9/25/09,40.439999,41.310001,40.07,27.548882,4635600
9/28/09,41.169998,42.59,40.98,28.688606,2644700
9/29/09,42.639999,42.959999,41.700001,28.223272,3198100
9/30/09,42.220001,42.23,40.860001,27.953524,3905300
10/1/09,41.360001,41.419998,39.59,26.699148,9101300
10/2/09,38.66,40.439999,38.630001,26.510309,4742800
10/5/09,39.75,40.5,39.400002,27.238657,2928300
10/6/09,40.759998,41.27,39.740002,27.164478,3546900
10/7/09,40.139999,40.580002,39.68,27.144249,3338500
10/8/09,40.799999,41.400002,40.580002,27.663528,3031900
10/9/09,40.810001,41.400002,40.470001,27.899567,2673300
10/12/09,41.66,41.82,41.099998,27.8591,1933400
10/13/09,41.040001,41.220001,40.389999,27.467955,2546600
10/14/09,41.5,42.380001,41.25,28.472801,3152400
10/15/09,41.880001,42.029999,41.619999,28.230022,3492400
10/16/09,41.310001,41.43,40.66,27.48818,3071500
10/19/09,41.049999,41.75,40.830002,28.08165,2579400
10/20/09,41.540001,41.639999,40.68,27.562376,2128100
10/21/09,40.580002,41.509998,40.27,27.211681,2481700
10/22/09,40.330002,41.450001,39.75,27.926548,3386000
10/23/09,41.52,41.57,40.720001,27.596087,3243100
10/26/09,40.91,41.919998,40.73,27.528654,3607400
10/27/09,40.84,41.029999,40.049999,27.130762,3593700
10/28/09,39.98,40.57,38.470001,25.991045,4654200
10/29/09,39.150002,40.43,39.02,27.177971,3309800
10/30/09,40.009998,40.259998,38.59,26.705896,4424100
11/2/09,39.700001,40.48,38.439999,26.699148,4906100
11/3/09,39.02,40.25,38.990002,27.090284,4509500
11/4/09,40.720001,40.830002,39.279999,26.510309,4320800
11/5/09,39.84,40.290001,39.419998,27.110531,2379300
11/6/09,39.509998,40.189999,39.220001,26.665426,2442300
11/9/09,40.130001,41.5,39.939999,27.980497,2272300
11/10/09,41.189999,41.48,40.580002,27.771433,2548400
11/11/09,41.549999,42.25,41.419998,28.290718,3107300
11/12/09,41.900002,42.25,41.419998,28.000723,2920500
11/13/09,41.560001,42.200001,41.5,28.378382,2444100
11/16/09,42.369999,43.509998,42.369999,29.066265,3053700
11/17/09,42.82,43.310001,42.310001,28.560478,2486000
11/18/09,42.34,43.240002,42.290001,29.079748,2928900
11/19/09,42.66,42.740002,41.939999,28.412098,1960500
11/20/09,41.900002,42.049999,41.68,28.209782,1782300
11/23/09,42.580002,43.02,42.02,28.567223,2182700
11/24/09,42.32,42.369999,41.57,28.142347,2051800
11/25/09,41.959999,42.189999,41.759998,28.257006,1530100
11/27/09,40.669998,41.41,40.470001,27.434229,1315200
11/30/09,40.830002,42.360001,40.5,28.459309,2306800
12/1/09,42.630001,43.040001,42.18,28.877438,2229800
12/2/09,42.66,43.740002,42.66,29.349508,2292500
12/3/09,43.75,44.290001,42.889999,29.019062,3429700
12/4/09,44.130001,44.619999,43.470001,29.87553,3493900
12/7/09,44.189999,44.299999,43.060001,29.24835,2004000
12/8/09,43.009998,43.84,42.939999,29.079748,2069600
12/9/09,43.259998,43.490002,42.970001,29.019062,1942500
12/10/09,43.27,43.41,42.630001,28.904413,1546900
12/11/09,43.049999,43.59,42.91,29.369736,1555300
12/14/09,43.73,44.43,43.240002,29.902508,3169900
12/15/09,44.060001,44.240002,43.790001,29.605778,2450600
12/16/09,44.16,44.439999,44,29.821571,2626100
12/17/09,43.889999,44.220001,43.599998,29.639492,2526300
12/18/09,44.07,44.299999,43.52,29.835062,2061600
12/21/09,44.400002,44.900002,44.360001,30.239697,2957000
12/22/09,44.849998,45.349998,44.849998,30.556675,1703500
12/23/09,45.299999,46.349998,45.299999,30.920845,1531400
12/24/09,45.52,45.939999,45.470001,31.367579,560300
12/28/09,46.099998,46.639999,45.950001,31.517859,2909600
12/29/09,46.310001,46.439999,45.439999,31.046522,1939400
12/30/09,45.299999,45.57,45.040001,31.094339,1424300
12/31/09,45.740002,45.98,44.689999,30.561541,1259000