Date,BTC,BTT,DOGE,ETH,LTC,XRP,SOLVE,XLM,TRON,ZIL
2019-05-20,8118.39,0.001187,0.003041,261.09,95.06,0.398003,0.338667,0.135545,0.028509,0.017992
2019-05-19,8200,0.001056,0.003178,234.03,86.65,0.4177,0.30043,0.141485,0.029277,0.01917
2019-05-18,7262.4,0.000993,0.003005,244.59,89.88,0.372736,0.28763,0.128833,0.026823,0.017685
2019-05-17,7363.69,0.000957,0.002962,264.39,95.75,0.386193,0.259506,0.126562,0.02722,0.017892
2019-05-16,7878.96,0.000885,0.003168,249,102.26,0.419707,0.223316,0.137283,0.028857,0.018725
2019-05-15,8203.32,0.000852,0.003308,217.44,91.69,0.456005,0.224973,0.137002,0.031348,0.020377
2019-05-14,7990.92,0.000817,0.003068,196.51,87.78,0.409062,,0.112994,0.027521,0.01787
2019-05-13,7824.93,0.000727,0.002756,188.23,84.79,0.325475,,0.100416,0.024617,0.01637
2019-05-12,6979.76,0.00065,0.002665,192.52,88.31,0.310074,,0.098866,0.023754,0.016052
2019-05-11,7219.95,0.000666,0.002754,172.21,76.68,0.324543,,0.104228,0.025273,0.016754
2019-05-10,6343.14,0.000649,0.002522,170.11,73.76,0.300387,,0.092452,0.023613,0.016259
2019-05-09,6153.09,0.000629,0.0025,169.58,73.83,0.296509,,0.090232,0.023368,0.015738
2019-05-08,5948.41,0.000665,0.002537,177.23,76.34,0.300721,,0.093697,0.024637,0.016591
2019-05-07,5907.47,0.000612,0.002536,171.07,74.09,0.299684,,0.094926,0.023841,0.016186
2019-05-06,5687.9,0.00062,0.002542,161.25,74.79,0.302389,,0.097809,0.023874,0.016687
2019-05-05,5715.86,0.000625,0.002653,161.85,76.92,0.302342,,0.098927,0.023421,0.016247
2019-05-04,5770.01,0.000627,0.00268,164.74,77.72,0.304552,,0.099677,0.023418,0.016027
2019-05-03,5657.4,0.000649,0.002721,158.7,72.16,0.308222,,0.102295,0.024073,0.017019
2019-05-02,5390.01,0.000655,0.002611,158.3,72.52,0.303239,,0.100275,0.023652,0.018032
2019-05-01,5321.15,0.000657,0.002521,160.4,73.51,0.304696,,0.101351,0.023776,0.017459
2019-04-30,5270.69,,0.002513,152.36,66.55,0.309476,,0.099953,0.023971,0.017296
2019-04-29,5148.25,,0.002466,153.19,67.78,0.294289,,0.096475,0.022839,0.016536
2019-04-28,5155,,0.002531,155.66,70.55,0.297426,,0.098736,0.023592,0.017338
2019-04-27,5170.6,,0.002516,153.41,71.64,0.296741,,0.099951,0.023643,0.017916
2019-04-26,5159.51,,0.002519,152.05,70.67,0.298502,,0.09914,0.023892,0.017103
2019-04-25,5134.81,,0.002506,165.75,73.14,0.289384,,0.099075,0.023,0.017349
2019-04-24,5441.9,,0.002599,170.14,74.32,0.302318,,0.103259,0.023416,0.019303
2019-04-23,5532.75,,0.002772,171.6,76.93,0.321222,,0.111824,0.024467,0.020064
2019-04-22,5387.6,,0.002798,169.9,77.23,0.323934,,0.113495,0.025153,0.020967
2019-04-21,5297.64,,0.00276,173.73,81.69,0.322449,,0.112404,0.024985,0.021047
2019-04-20,5319.89,,0.002902,173.83,82.57,0.328476,,0.115532,0.026188,0.021889
2019-04-19,5290.37,,0.002893,174.15,82.07,0.331902,,0.115737,0.026559,0.022219
2019-04-18,5281.81,,0.002946,166.54,79.15,0.337065,,0.117363,0.026953,0.022146
2019-04-17,5227,,0.00281,166.38,80.89,0.335453,,0.116636,0.026775,0.021436
2019-04-16,5202.9,,0.002835,160.24,78.24,0.327218,,0.117505,0.027037,0.021314
2019-04-15,5029.99,,0.00279,168.27,83.77,0.320913,,0.113629,0.026491,0.020682
2019-04-14,5164.27,,0.002882,163.75,77.95,0.328809,,0.116663,0.027062,0.021099
2019-04-13,5066.22,,0.002872,164.27,78.92,0.326031,,0.115898,0.026317,0.020409
2019-04-12,5078.19,,0.002856,164.92,79.23,0.326346,,0.114609,0.026558,0.020812
2019-04-11,5040.12,,0.002789,177.55,88.43,0.330984,,0.116685,0.026714,0.020331
2019-04-10,5318.58,,0.003021,175.83,86.89,0.354792,,0.125462,0.030101,0.022806
2019-04-09,5193.49,,0.002884,180.74,89.49,0.349462,,0.125384,0.029954,0.022668
2019-04-08,5285.54,,0.003045,174.84,91.88,0.358234,,0.131996,0.030732,0.024042
2019-04-07,5194.79,,0.003418,165.79,92.37,0.359856,,0.130303,0.028895,0.024847
2019-04-06,5044.13,,0.003439,166.08,88.88,0.354405,,0.124729,0.02686,0.025119
2019-04-05,5040.66,,0.00359,157.65,84.95,0.361803,,0.126367,0.027239,0.024953
2019-04-04,4907.3,,0.003697,161.33,85.72,0.332513,,0.118788,0.025982,0.022738
2019-04-03,4975.97,,0.003164,164.69,77.5,0.342234,,0.121339,0.025944,0.022189
2019-04-02,4901.93,,0.002795,141,60.35,0.351499,,0.121901,0.026884,0.02251
2019-04-01,4137.01,,0.002461,137.59,59.32,0.312747,,0.109615,0.02434,0.020646
2019-03-19,3975.01,,0.00208,137.01,58.99,0.309229,,0.107651,0.023523,0.020319
2019-03-18,3970.5,,0.00208,138.07,60.29,0.310632,,0.107359,0.023292,0.01955
2019-03-17,3967.01,,0.002087,140.48,61.01,0.307929,,0.107572,0.023319,0.019196
2019-03-16,3990,,0.002074,135.99,58.13,0.309246,,0.10744,0.023382,0.019913
2019-03-15,3902.8,,0.002085,131.4,55.61,0.312465,,0.108062,0.023623,0.019733
2019-03-14,3853.95,,0.002054,131.16,55.06,0.30506,,0.103379,0.022629,0.018718
2019-03-13,3851.02,,0.002043,132.8,56.2,0.304055,,0.102469,0.022747,0.019009
2019-03-12,3860,,0.002054,132.05,54.65,0.308992,,0.106012,0.023366,0.020286
2019-03-11,3849.68,,0.002064,134.66,56.3,0.312359,,0.108281,0.024404,0.019902
2019-03-10,3900.92,,0.002052,136.41,57.43,0.311541,,0.108693,0.022749,0.019531
2019-03-09,3917,,0.002054,132.75,55.33,0.312718,,0.107947,0.022472,0.01859
2019-03-08,3843.12,,0.002061,136.29,56.51,0.31961,,0.111403,0.023081,0.019396
2019-03-07,3857.05,,0.002091,137,55.17,0.319281,,0.113248,0.023091,0.01849
2019-03-06,3851.89,,0.002083,136.3,52.3,0.31744,,0.115914,0.023003,0.018148
2019-03-05,3844.59,,0.002081,125.24,45.64,0.317612,,0.109385,0.02314,0.018174
2019-03-04,3700.72,,0.002077,129.78,47.49,0.320468,,0.109619,0.023374,0.018441
2019-03-03,3786.93,,0.002048,132.32,48.25,0.315052,,0.107773,0.023171,0.0184
2019-03-02,3809.7,,0.002039,134.72,46.81,0.312955,,0.107272,0.022648,0.01827
2019-03-01,3806.17,,0.002025,134.48,45.44,0.314098,,0.108199,0.022441,0.018478
2019-02-28,3792.14,,0.002012,134.46,44.96,0.310201,,0.104598,0.022399,0.0179
2019-02-27,3799.92,,0.001966,135.76,44.66,0.311065,,0.102263,0.022245,0.017455
2019-02-26,3799.48,,0.001999,137.64,45.37,0.313107,,0.100039,0.023071,0.017842
2019-02-25,3818.79,,0.001998,131.76,43.57,0.313826,,0.089744,0.022875,0.018167
2019-02-24,3734.22,,0.00198,157.56,51.19,0.310087,,0.087246,0.022564,0.017225
2019-02-23,4110,,0.001991,146.68,49.07,0.314766,,0.085541,0.023188,0.016999
2019-02-22,3942.02,,0.001983,144.21,48.46,0.317031,,0.085566,0.023431,0.016823
2019-02-21,3897.71,,0.001985,147.19,51.08,0.316507,,0.086299,0.023997,0.016989
2019-02-20,3938.99,,0.001982,142.69,46.91,0.305133,,0.083539,0.022937,0.016342
2019-02-19,3888.01,,0.001999,144.56,47.34,0.312554,,0.087235,0.022723,0.017008
2019-02-18,3867,,0.002003,132.34,43.45,0.315126,,0.08446,0.022937,0.017261
2019-02-17,3625.08,,0.001994,121.56,43.15,0.317312,,0.085833,0.023726,0.01726
2019-02-16,3582.37,,0.001976,120.42,42.08,0.315078,,0.085503,0.023867,0.017139
2019-02-15,3566.59,,0.002019,119.39,40.93,0.313106,,0.086195,0.024131,0.017484
2019-02-14,3561.5,,0.002023,120.74,41.21,0.319477,,0.0868,0.024412,0.017828
2019-02-13,3576.68,,0.00203,120.82,43.35,0.32851,,0.087305,0.02445,0.017504
2019-02-12,3588.06,,0.001974,119.55,42.37,0.301443,,0.084234,0.023809,0.016883
2019-02-11,3590.36,,0.002083,123.94,46.51,0.33262,,0.094257,0.025455,0.019224
2019-02-10,3648.85,,0.002056,118.06,44.2,0.321904,,0.090668,0.025158,0.018427
2019-02-09,3623.73,,0.002028,117.98,42.56,0.321291,,0.089091,0.024804,0.018227
2019-02-08,3622,,0.002079,103.21,32.85,0.33288,,0.091735,0.025228,0.018911
2019-02-07,3359,,0.002067,103.36,32.47,0.323768,,0.089982,0.024993,0.018793
2019-02-06,3367.36,,0.002114,106,33.95,0.321568,,0.083691,0.024984,0.0181
2019-02-05,3428.4,,0.001992,106.08,33.64,0.30337,,0.079608,0.023818,0.017603
2019-02-04,3409.57,,0.001924,105.94,32.87,0.301703,,0.078421,0.023954,0.017266
2019-02-03,3414.78,,0.001908,109.3,34.18,0.301759,,0.079276,0.024056,0.016892
2019-02-02,3468.43,,0.001897,105.88,32.37,0.301909,,0.076635,0.023726,0.016761
2019-02-01,3437.5,,0.001893,105.79,31.24,0.304284,,0.07699,0.024209,0.017015
2019-01-31,3411.49,,0.001894,107.61,31.53,0.30519,,0.077616,0.024533,0.017118
2019-01-30,3437.55,,0.001906,104.02,30.69,0.302741,,,0.024727,
2019-01-29,3397.42,,0.001946,105.47,30.96,0.309909,,,0.025814,
2019-01-28,3429.95,,0.001949,111.35,32.02,0.311284,,,0.026265,
2019-01-27,3531.01,,0.001956,115.01,32.64,0.311683,,,0.0268,
2019-01-26,3556.07,,0.001845,114.95,32.73,0.291618,,,0.025702,
2019-01-25,3562.18,,0.001866,116.4,32.47,0.290727,,,0.025575,
2019-01-24,3568.97,,0.001888,116.55,31.6,0.299239,,,0.026178,
2019-01-23,3553.01,,0.001896,118.1,31.48,0.300198,,,0.027058,
2019-01-22,3577.03,,0.001904,115.86,30.82,0.302352,,,0.025442,
2019-01-21,3531.76,,0.001936,117.43,30.61,0.310912,,,0.026112,
2019-01-20,3536.19,,0.001916,123.17,32.22,0.308517,,,0.026271,
2019-01-19,3682.65,,0.001925,119.53,30.96,0.310036,,,0.02543,
2019-01-18,3607.85,,0.001961,122.55,31.62,0.320461,,,0.02729,
2019-01-17,3640.65,,0.001927,122.12,31.4,0.289558,,,0.027341,
2019-01-16,3609.71,,0.001944,120.06,31.01,0.294863,,,0.026888,
2019-01-15,3580.76,,0.002027,128.37,32.07,0.309439,,,0.029282,
2019-01-14,3664.19,,0.002083,115.55,29.92,0.314235,,,0.028659,
2019-01-13,3514.24,,0.002118,124.59,32.04,0.317165,,,0.026767,
2019-01-12,3619.41,,0.002039,125.83,31.79,0.317598,,,0.026909,
2019-01-11,3635.69,,0.002043,126.41,33.27,0.316492,,,0.026557,
2019-01-10,3626.12,,0.002057,149.5,38.58,0.319491,,,0.026385,
2019-01-09,4004.12,,0.002101,148.97,39.13,0.32079,,,0.02561,
2019-01-08,3993.86,,0.002119,150.62,37.66,0.321177,,,0.02387,
2019-01-07,4006.01,,0.002153,155.92,38.88,0.331001,,,0.024568,
2019-01-06,4040.99,,0.002106,154.21,34.48,0.324277,,,0.024801,
2019-01-05,3798.62,,0.002094,153.24,32.02,0.329353,,,0.025321,
2019-01-04,3820.25,,0.002138,147.23,31.6,0.329701,,,0.02518,
2019-01-03,3787.57,,0.002111,153.5,32.94,0.327179,,,0.024558,
2019-01-02,3890.79,,0.002183,139.75,31.68,0.333766,,,0.025671,
2019-01-01,3826.09,,0.002094,130.53,29.78,0.317863,,,0.02129,
2018-12-31,3691.86,,0.002148,138.78,31.56,0.3288,,,0.0235,
2018-12-30,3829,,0.002129,134.15,30.69,0.332904,,,0.025128,
2018-12-29,3729.31,,0.002132,136.82,32.22,0.332652,,,0.025847,
2018-12-28,3888.06,,0.002266,114.63,27.72,0.37089,,,0.028418,
2018-12-27,3589.89,,0.002276,130.47,30.52,0.365315,,,0.026336,
2018-12-26,3809.88,,0.002285,128.82,30.77,0.364347,,,0.023601,
2018-12-25,3780,,0.002328,139.03,33.05,0.368395,,,0.023005,
2018-12-24,4034,,0.002319,129.61,33.07,0.355275,,,0.022294,
2018-12-23,3944.93,,0.002315,116.09,31.59,0.356747,,,0.021492,
2018-12-22,3980.46,,0.00236,107.74,30.2,0.360224,,,0.020088,
2018-12-21,3839.06,,0.002407,114.6,32.36,0.375243,,,0.020222,
2018-12-20,4075.34,,0.002392,99.34,29.05,0.364771,,,0.019561,
2018-12-19,3682.51,,0.002346,101,30.12,0.352706,,,0.018826,
2018-12-18,3667.77,,0.002367,93.79,28.88,0.369581,,,0.019947,
2018-12-17,3496.82,,0.002403,83.74,25.24,0.367252,,,0.020004,
2018-12-16,3195,,0.002434,83.03,23.4,0.376852,,,0.020868,
2018-12-15,3183,,0.002364,83,23.17,0.341162,,,0.018488,
2018-12-14,3195.71,,0.002474,85.35,22.84,0.378693,,,0.020447,
2018-12-13,3265,,0.002404,89.09,24,0.380872,,,0.020008,
2018-12-12,3430.24,,0.00254,87.23,23.28,0.406799,,,0.02107,
2018-12-11,3355.68,,0.002542,89.23,23.97,0.37127,,,0.020911,
2018-12-10,3410.15,,0.002502,92.79,25.3,0.362308,,,0.020966,
2018-12-09,3531.18,,0.002545,89.99,24.19,0.35857,,,0.020021,
2018-12-08,3401,,0.002731,92.45,24.77,0.378199,,,0.017385,
2018-12-07,3380.01,,0.00272,89.25,26.25,0.351956,,,0.015665,
2018-12-06,3433.26,,0.002684,100.71,28.71,0.350162,,,0.014831,
2018-12-05,3694.39,,0.002533,108.61,30.71,0.328453,,,0.014221,
2018-12-04,3901.84,,0.002125,107.21,30.5,0.287929,,,0.013022,
2018-12-03,3833.47,,0.002113,114.76,33.34,0.285883,,,0.012784,
2018-12-02,4103.19,,0.00207,116.82,33.77,0.28879,,,0.012775,
2018-12-01,4142.01,,0.002065,111.88,31.66,0.300026,,,0.013058,
2018-11-30,3975.48,,0.002111,116.38,33.5,0.307323,,,0.013353,
2018-11-29,4248,,0.002088,121.95,34.43,0.301345,,,0.013291,
2018-11-28,4225.03,,0.0021,108.58,30.85,0.303766,,,0.013317,
2018-11-27,3775,,0.002102,106.95,29.1,0.31337,,,0.013625,
2018-11-26,3731.32,,0.00212,114.3,30.43,0.307269,,,0.013467,
2018-11-25,3936.69,,0.002104,110.08,28.6,0.301997,,,0.013225,
2018-11-24,3774.99,,0.002097,121.44,31.69,0.310936,,,0.012817,
2018-11-23,4283.8,,0.00218,123.2,31.3,0.338242,,,0.013952,
2018-11-22,4263.66,,0.002196,134.73,34.29,0.352231,,,0.014412,
2018-11-21,4545.11,,0.002371,127.55,32.28,0.348754,,,0.013868,
2018-11-20,4349.23,,0.002246,145.21,35.75,0.367627,,,0.014935,
2018-11-19,4733.5,,0.00225,175.87,41.86,0.372906,,,0.015184,
2018-11-18,5560,,0.002165,172.48,41.54,0.362455,,,0.01439,
2018-11-17,5504.17,,0.002241,172.4,41.73,0.379562,,,0.015695,
2018-11-16,5512.24,,0.002246,178.89,43.36,0.390557,,,0.014649,
2018-11-15,5579.52,,0.002087,177.79,42.69,0.360163,,,0.011855,
2018-11-14,5605.46,,0.002099,203.2,48.84,0.355451,,,0.011661,
2018-11-13,6259.35,,0.00222,208.77,50.33,0.374551,,,0.012373,
2018-11-12,6327.86,,0.002224,209.88,50.8,0.375336,,,0.012548,
2018-11-11,6357.6,,0.002361,210.29,51.86,0.407428,,,0.01367,
2018-11-10,6347.42,,0.002412,208.01,51.66,0.42608,,,0.013876,
2018-11-09,6334.89,,0.002448,210.34,52.04,0.447651,,,0.014726,
2018-11-08,6406.25,,0.002254,216.84,53.82,0.434726,,,0.013839,
2018-11-07,6503.12,,0.002418,218.51,55.84,0.478166,,,0.015803,
2018-11-06,6448.5,,0.002643,208.53,53.45,0.510473,,,0.018849,
2018-11-05,6404,,0.002595,210.06,53.88,0.491654,,,0.018809,
2018-11-04,6423.28,,0.002746,198.35,50.61,0.471609,,,0.018896,
2018-11-03,6331.96,,0.0028,199.75,51.13,0.481708,,,0.019076,
2018-11-02,6349.8,,0.002695,197.96,50.19,0.474372,,,0.01936,
2018-11-01,6343.99,,0.002945,196.95,49.47,0.510112,,,0.021999,
2018-10-31,6304.18,,0.003064,195.35,48.95,0.517165,,,0.022471,
2018-10-30,6267.63,,0.003162,194.29,48.44,0.505913,,,0.022811,
2018-10-29,6266,,0.003285,202.43,51.53,0.506698,,,0.023023,
2018-10-28,6403.62,,0.00314,201.46,51.53,0.500668,,,0.023028,
2018-10-27,6409.12,,0.003384,200.7,51.59,0.493508,,,0.023115,
2018-10-26,6404.87,,0.003637,199.65,51.71,0.535707,,,0.023774,
2018-10-25,6395.58,,0.003696,200.68,51.85,0.54908,,,0.024421,
2018-10-24,6415.97,,0.003622,201.12,52.1,0.497412,,,0.023745,
2018-10-23,6395.14,,0.003676,201.25,51.67,0.462691,,,0.023273,
2018-10-22,6407.65,,0.003733,202.12,52.23,0.455667,,,0.022701,
2018-10-21,6415.88,,0.003773,202.69,52.83,0.458685,,,0.02286,
2018-10-20,6414,,0.003777,200,52.5,0.455722,,,0.022575,
2018-10-19,6382.98,,0.003764,199.09,51.73,0.448382,,,0.022192,
2018-10-18,6394.96,,0.00385,203.21,52.81,0.444759,,,0.022191,
2018-10-17,6443.7,,0.003847,203.55,53.44,0.441514,,,0.022185,
2018-10-16,6422.16,,0.004063,204.12,53.39,0.462406,,,0.023555,
2018-10-15,6436.98,,0.004195,191.87,51.36,0.456348,,,0.023274,
2018-10-14,6183.49,,0.003984,196.72,53.05,0.459288,,,0.023586,
2018-10-13,6196,,0.003717,194.1,53.03,0.458052,,,0.023144,
2018-10-12,6188.01,,0.003911,188.32,50.55,0.457237,,,0.02348,
2018-10-11,6154.69,,0.004172,223.61,57.49,0.462058,,,0.023477,
2018-10-10,6524.56,,0.004366,226.15,58.43,0.453109,,,0.023811,
2018-10-09,6589.48,,0.004517,227.68,59.24,0.456694,,,0.024196,
2018-10-08,6608.07,,0.004551,224.82,57.9,0.459151,,,0.024157,
2018-10-07,6570,,0.00447,223.85,57.7,0.454178,,,0.024074,
2018-10-06,6552.43,,0.004386,226.89,58.47,0.457725,,,0.024271,
2018-10-05,6593.94,,0.004599,221,58,0.468197,,,0.024234,
2018-10-04,6547.45,,0.005017,219.01,57.25,0.470253,,,0.024358,
2018-10-03,6466.03,,0.005218,224.85,59.2,0.447316,,,0.025082,
2018-10-02,6498.46,,0.005158,230.4,60.22,0.403286,,,0.023622,
2018-10-01,6572.83,,0.005182,232.27,61.05,0.418878,,,0.023565,
2018-09-30,6605,,0.005247,231.01,61.45,0.419115,,,0.022738,
2018-09-29,6582,,0.005,220.67,61.75,0.38313,,,0.020929,
2018-09-28,6620.01,,0.005552,229,63.11,0.462387,,,0.025355,
2018-09-27,6680.01,,0.005635,214.15,57.21,0.479857,,,0.026058,
2018-09-26,6455.66,,0.005578,219.19,57.57,0.489751,,,0.026592,
2018-09-25,6436.89,,0.005562,228.01,57.94,0.482039,,,0.026875,
2018-09-24,6582.09,,0.005545,244.35,61.31,0.488082,,,0.023715,
2018-09-23,6696.99,,0.005669,240.71,60.53,0.519026,,,0.023275,
2018-09-22,6707.33,,0.005645,247.76,60.83,0.526606,,,0.022703,
2018-09-21,6750,,0.005704,224.41,56.56,0.528162,,,0.0216,
2018-09-20,6493.11,,0.005824,209.81,54.28,0.520837,,,0.022093,
2018-09-19,6386.94,,0.005942,208.5,54,0.576461,,,0.022052,
2018-09-18,6335.7,,0.005906,195.97,52.05,0.581572,,,0.022165,
2018-09-17,6250.7,,0.005865,220.19,56.78,0.571228,,,0.022035,
2018-09-16,6498,,0.005831,221.69,56.34,0.539112,,,0.021978,
2018-09-15,6518.68,,0.005879,210,56.33,0.541381,,,0.022507,
2018-09-14,6478.04,,0.005695,211.39,54.66,0.516308,,,0.021028,
2018-09-13,6485.99,,0.005686,182.79,51.6,0.526941,,,0.02128,
2018-09-12,6326,,0.005677,185.15,51.97,0.494712,,,0.022089,
2018-09-11,6282.53,,0.005901,196.94,54.3,0.570689,,,0.023791,
2018-09-10,6299.99,,0.005758,195.91,54.71,0.570798,,,0.023176,
2018-09-09,6235.01,,0.005684,197,53.2,0.561462,,,0.02493,
2018-09-08,6188,,0.005695,215.21,55.5,0.449918,,,0.021413,
2018-09-07,6395.01,,0.005609,229.66,57.48,0.326053,,,0.019753,
2018-09-06,6495,,0.005981,227.56,57.68,0.32186,,,0.019389,
2018-09-05,6687.96,,0.006243,285.43,67.75,0.272251,,,0.018517,
2018-09-04,7360,,0.006531,288.6,65.37,0.281166,,,0.019975,
2018-09-03,7256.98,,0.006165,295.06,66.23,0.282008,,,0.019933,
2018-09-02,7295,,0.00618,294.64,66.47,0.277159,,,0.019832,
2018-09-01,7191.08,,0.006554,281.94,62.13,0.280583,,,0.019946,
2018-08-31,7015.01,,0.006455,284.52,60.25,0.270087,,,0.018243,
2018-08-30,6983,,0.006329,289,61.54,0.26371,,,0.018677,
2018-08-29,7030.9,,0.006892,295.39,63.18,0.270321,,,0.019381,
2018-08-28,7071.01,,0.005829,287.99,60.7,0.27868,,,0.019365,
2018-08-27,6911.9,,0.005692,274.25,57.11,0.279333,,,0.019312,
2018-08-26,6709.98,,0.005307,277.97,58.01,0.291435,,,0.020595,
2018-08-25,6737.52,,0.00501,281.35,57.94,0.30271,,,0.021644,
2018-08-24,6690.88,,0.004931,275.87,57.31,0.283601,,,0.02181,
2018-08-23,6526.36,,0.005269,270.47,55.2,0.331652,,,0.025255,
2018-08-22,6359.99,,0.005266,281.49,56.39,0.335961,,,0.025037,
2018-08-21,6475.9,,0.004999,270.76,53.39,0.342523,,,0.025572,
2018-08-20,6258.74,,0.006278,300.03,57.85,0.347721,,,0.02659,
2018-08-19,6489.53,,0.004794,296.61,57.38,0.335332,,,0.025345,
2018-08-18,6396.64,,0.003206,317.54,61.82,0.335444,,,0.024897,
2018-08-17,6585.49,,0.002606,286.67,55.47,0.344803,,,0.025426,
2018-08-16,6315.9,,0.002607,281.21,54.44,0.351837,,,0.026847,
2018-08-15,6269.01,,0.002462,278.37,54.39,0.336903,,,0.02446,
2018-08-14,6195.01,,0.002404,284.11,56.48,0.323776,,,0.022764,
2018-08-13,6253.67,,0.00237,312.65,55.75,0.32823,,,0.022481,
2018-08-12,6112.21,,0.002426,312.65,55.75,0.327606,,,0.021606,
2018-08-11,6112.21,,0.002385,330.99,59.14,0.327709,,,0.020771,
2018-08-10,6146.01,,0.002315,363.99,63.08,0.319803,,,0.019712,
2018-08-09,6546.46,,0.002424,355.7,62.27,0.335177,,,0.021003,
2018-08-08,6282.5,,0.002369,378.08,67.36,0.319283,,,0.020661,
2018-08-07,6718.22,,0.002473,404.99,73.58,0.343978,,,0.022263,
2018-08-06,6938,,0.002394,408.83,74.65,0.3271,,,0.021619,
2018-08-05,7030.01,,0.002455,407,73.04,0.366676,,,0.023281,
2018-08-04,7005,,0.002292,417.8,77.6,0.292436,,,0.019521,
2018-08-03,7414.08,,0.002303,410.71,76.23,0.282005,,,0.019443,
2018-08-02,7533.92,,0.00226,419.6,77.64,0.274272,,,0.019059,
2018-08-01,7603.99,,0.002331,432.16,78.86,0.277466,,,0.019362,
2018-07-31,7727.27,,0.002404,456.47,82.22,0.29787,,,0.022581,
2018-07-30,8170.01,,0.002404,466.01,83.93,0.301262,,,0.022614,
2018-07-29,8216.34,,0.002392,468.12,83.99,0.320426,,,0.023822,
2018-07-28,8228.9,,0.002555,469.3,84.52,0.346771,,,0.025941,
2018-07-27,8184.21,,0.002415,461.42,83.46,0.331944,,,0.024482,
2018-07-26,7931.99,,0.002671,470.81,86.35,0.381006,,,0.027866,
2018-07-25,8157.15,,0.002779,478.78,89.06,0.414081,,,0.029228,
2018-07-24,8401.01,,0.002837,449,81.52,0.433638,,,0.030329,
2018-07-23,7720.09,,0.002745,456.9,82.22,0.428507,,,0.028932,
2018-07-22,7397.8,,0.002918,461.5,83.5,0.440571,,,0.030602,
2018-07-21,7408,,0.002946,448.21,81.72,0.430254,,,0.031539,
2018-07-20,7334.46,,0.00316,468.39,86.14,0.445852,,,0.032643,
2018-07-19,7470.01,,0.002945,478.81,86.27,0.435225,,,0.033926,
2018-07-18,7378.99,,0.003273,499.01,88.98,0.446107,,,0.036452,
2018-07-17,7315.01,,0.003307,478.18,83.53,0.453306,,,0.039236,
2018-07-16,6728.81,,0.0034,449.41,78.51,0.453667,,,0.036782,
2018-07-15,6348.73,,0.003418,434.13,76.2,0.453635,,,0.036504,
2018-07-14,6248.65,,0.003393,432.8,76.68,0.44992,,,0.035996,
2018-07-13,6216.29,,0.003543,431.46,76.97,0.459829,,,0.037122,
2018-07-12,6249.75,,0.00362,446.25,78.35,0.457623,,,0.038107,
2018-07-11,6390.04,,0.003431,432.59,75.95,0.445276,,,0.034061,
2018-07-10,6303.7,,0.003458,471.6,80.49,0.449311,,,0.035123,
2018-07-09,6664.01,,0.00327,486.08,82.2,0.45541,,,0.035603,
2018-07-08,6701.97,,0.00341,484.48,84.7,0.446994,,,0.034906,
2018-07-07,6753.28,,0.003844,469.3,82.96,0.476433,,,0.037917,
2018-07-06,6600,,0.003712,467.25,83.29,0.486389,,,0.039661,
2018-07-05,6532.95,,0.003228,466.9,85.4,0.505587,,,0.039759,
2018-07-04,6587.47,,0.002854,461.75,84.96,0.483401,,,0.037521,
2018-07-03,6502.62,,0.00238,476.34,85.45,0.445894,,,0.034364,
2018-07-02,6611.79,,0.002362,451.43,79.89,0.439271,,,0.033429,
2018-07-01,6349.5,,0.002332,453.29,81.01,0.438741,,,0.03334,
2018-06-30,6383.19,,0.002306,434.6,78.94,0.435364,,,0.032228,
2018-06-29,6202.36,,0.002425,420,74.25,0.450233,,,0.033578,
2018-06-28,5851.66,,0.002411,441.41,80.73,0.445042,,,0.033588,
2018-06-27,6132.17,,0.002603,429.08,75.8,0.47427,,,0.035798,
2018-06-26,6074.94,,0.002611,458.41,81.67,0.477749,,,0.0371,
2018-06-25,6246.01,,0.002645,454.79,80.61,0.492477,,,0.038334,
2018-06-24,6149.99,,0.002597,475.17,83.21,0.479151,,,0.036975,
2018-06-23,6178.29,,0.002599,462.01,85.03,0.481625,,,0.037861,
2018-06-22,6059.82,,0.00268,525.49,96.69,0.490043,,,0.038895,
2018-06-21,6719.01,,0.002638,536,97.83,0.485223,,,0.038867,
2018-06-20,6756.1,,0.002703,538.5,98.58,0.486122,,,0.039529,
2018-06-19,6736.41,,0.002489,517.47,98.63,0.461358,,,0.037885,
2018-06-18,6709.02,,0.002499,496.5,95.01,0.466245,,,0.038423,
2018-06-17,6447.16,,0.002427,497.31,96.67,0.45308,,,0.037237,
2018-06-16,6484.29,,0.002357,487.45,95.54,0.448458,,,0.036665,
2018-06-15,6391.22,,0.002437,519.75,101.12,0.47037,,,0.038987,
2018-06-14,6638.49,,0.002478,476.02,93.82,0.456001,,,0.038262,
2018-06-13,6302.32,,0.002485,494.14,100.19,0.481753,,,0.042349,
2018-06-12,6544.99,,0.00251,531.68,107.47,0.47738,,,0.04246,
2018-06-11,6881,,0.002641,525.25,106.97,0.491284,,,0.044179,
2018-06-10,6770.31,,0.002668,593.41,117.43,0.486947,,,0.043136,
2018-06-09,7496.4,,0.002988,598.59,120.04,0.534775,,,0.04862,
2018-06-08,7618.8,,0.003021,603.56,121.63,0.539286,,,0.049394,
2018-06-07,7684.93,,0.003033,606.18,121.37,0.549621,,,0.049503,
2018-06-06,7655,,0.003027,607.6,121.87,0.537495,,,0.045096,
2018-06-05,7612.51,,0.002873,591.5,119.87,0.528216,,,0.042648,
2018-06-04,7487.37,,0.002895,618.63,125,0.534784,,,0.043215,
2018-06-03,7706.37,,0.002901,590.46,123.66,0.537707,,,0.04287,
2018-06-02,7636.42,,0.002944,578.89,119.88,0.561306,,,0.045417,
2018-06-01,7514.32,,0.002817,577.1,118.36,0.534663,,,0.041533,
2018-05-31,7485,,0.003089,557.22,117.18,0.562933,,,0.043982,
2018-05-30,7380.01,,0.003234,566.66,119.52,0.604066,,,0.048829,
2018-05-29,7460,,0.003182,511.33,111.24,0.588126,,,0.048003,
2018-05-28,7107.94,,0.003593,570.75,117.83,0.659755,,,0.057157,
2018-05-27,7346.64,,0.003659,584.99,118.33,0.674343,,,0.057577,
2018-05-26,7337.95,,0.003732,584.02,119.05,0.678128,,,0.058819,
2018-05-25,7459.11,,0.003787,603,122.99,0.674797,,,0.059408,
2018-05-24,7584.15,,0.003654,577.2,118.85,0.677015,,,0.060577,
2018-05-23,7505,,0.003532,640.5,128.11,0.661425,,,0.059179,
2018-05-22,7987.7,,0.00369,696.77,134.26,0.671205,,,0.061978,
2018-05-21,8393.44,,0.003558,714,139.38,0.643451,,,0.061184,
2018-05-20,8516.86,,0.003423,695.96,135,0.623364,,,0.058707,
2018-05-19,8235.6,,0.003398,694.5,136.3,0.612622,,,0.060541,
2018-05-18,8238.51,,0.003354,668.56,132.65,0.605817,,,0.062402,
2018-05-17,8059,,0.003437,707.45,139.36,0.601241,,,0.065009,
2018-05-16,8344,,0.003226,706.08,139.78,0.552299,,,0.060654,
2018-05-15,8477.46,,0.003424,726.9,147.32,0.607881,,,0.070601,
2018-05-14,8670,,0.003463,729.29,144.43,0.612708,,,0.073162,
2018-05-13,8686.1,,0.003514,684.66,142,0.611001,,,0.071279,
2018-05-12,8475,,0.003499,678.05,136.51,0.631997,,,0.073095,
2018-05-11,8403.33,,0.003591,723.51,148.18,0.599594,,,0.069848,
2018-05-10,9010.51,,0.003851,750,156.83,0.645567,,,0.074829,
2018-05-09,9300.08,,0.004271,746.99,158.98,0.681587,,,0.082378,
2018-05-08,9177.81,,0.004423,752.42,164.09,0.700244,,,0.077269,
2018-05-07,9353,,0.004286,784.28,171.07,0.676713,,,0.069144,
2018-05-06,9600,,0.004017,812,177.73,0.680294,,,0.069387,
2018-05-05,9800,,0.004188,783.01,168.2,0.66731,,,0.067437,
2018-05-04,9685,,0.004385,775.51,161,0.714081,,,0.071954,
2018-05-03,9725.74,,0.004515,685.02,150.8,0.698588,,,0.068566,
2018-05-02,9190.48,,0.00446,670.75,147.99,0.740898,,,0.072812,
2018-05-01,9072.29,,0.004329,669.81,148.32,0.745748,,,0.075613,
2018-04-30,9243.83,,0.004473,687.51,153.24,0.696735,,,0.068731,
2018-04-29,9389.01,,0.004362,682,151.82,0.684948,,,0.065933,
2018-04-28,9329.99,,0.00487,642.77,145.9,0.758237,,,0.073574,
2018-04-27,8922.55,,0.005093,661.13,153.1,0.802043,,,0.081006,
2018-04-26,9272.11,,0.005303,617.49,145,0.81397,,,0.083071,
2018-04-25,8865.98,,0.004817,703.38,164.72,0.832641,,,0.083086,
2018-04-24,9648,,0.00497,642.85,152.59,0.871424,,,0.084778,
2018-04-23,8931.3,,0.00518,621,146.59,0.905103,,,0.087102,
2018-04-22,8795.01,,0.005269,605.16,148.3,0.895442,,,0.08681,
2018-04-21,8915.42,,0.005641,617.17,155.71,0.884466,,,0.08734,
2018-04-20,8866.27,,0.005273,567.29,146.34,0.859094,,,0.091397,
2018-04-19,8274,,0.005144,525.89,140.49,0.841407,,,0.09336,
2018-04-18,8152.05,,0.00521,502.42,132.21,0.837938,,,0.093777,
2018-04-17,7892.1,,0.005459,511.28,128.63,0.872778,,,0.089145,
2018-04-16,8048.93,,0.005357,533.74,132.52,0.863804,,,0.081662,
2018-04-15,8355.25,,0.005422,502.4,126.42,0.813885,,,0.074037,
2018-04-14,8003.11,,0.005627,495.22,125.46,0.852414,,,0.074566,
2018-04-13,7893.19,,0.005093,493.41,129.53,0.800607,,,0.070015,
2018-04-12,7916,,0.0058,430.81,117.95,0.934781,,,0.07336,
2018-04-11,6942.99,,0.005482,415.45,114.16,0.876657,,,0.058546,
2018-04-10,6824.99,,0.005539,398.8,114.91,0.869995,,,0.05242,
2018-04-09,6771.13,,0.005413,399.9,117.67,0.873103,,,0.053677,
2018-04-08,7020.01,,0.005893,384.61,116.06,0.924465,,,0.053673,
2018-04-07,6894.01,,0.005824,370.32,112.93,0.791976,,,0.049392,
2018-04-06,6619.01,,0.005412,381.55,118.78,0.708932,,,0.047521,
2018-04-05,6785.85,,0.004744,378.43,118.24,0.656933,,,0.042116,
2018-04-04,6791.68,,0.004585,416.38,134.12,0.663297,,,0.041256,
2018-04-03,7424.9,,0.004571,384,119.1,0.682534,,,0.042971,
2018-04-02,7045.01,,0.00415,378.18,114.96,0.632184,,,0.040011,
2018-04-01,6816.01,,0.003995,394.54,116.28,0.638087,,,0.039006,
2018-03-31,6928.5,,0.003798,394.46,118.45,0.628737,,,0.039564,
2018-03-30,6848.01,,0.003396,383.29,114.53,0.539506,,,0.036271,
2018-03-29,7079.99,,0.003043,445.47,131.7,0.491931,,,0.036928,
2018-03-28,7942.72,,0.002763,449,134.64,0.491855,,,0.035756,
2018-03-27,7793.61,,0.002843,486.75,148.24,0.500398,,,0.037632,
2018-03-26,8145,,0.002802,522.55,160.18,0.487867,,,0.037064,
2018-03-25,8453,,0.00267,519.57,159,0.476431,,,0.036918,
2018-03-24,8531.34,,0.002714,543.04,168.64,0.495801,,,0.040014,
2018-03-23,8927.1,,0.00277,539.89,163.83,0.501631,,,0.030136,
2018-03-22,8715.09,,0.00298,559.98,168.69,0.558044,,,0.034801,
2018-03-21,8891.81,,0.002797,558,169.17,0.500688,,,0.035755,
2018-03-20,8900,,0.002719,555.55,161.33,0.485081,,,0.032152,
2018-03-19,8589.01,,0.002819,538,154,0.512353,,,0.033972,
2018-03-18,8192,,0.002763,549.79,152.66,0.509565,,,0.041277,
2018-03-17,7857.6,,0.002827,600.52,165.32,0.511511,,,0.043002,
2018-03-16,8275,,0.003141,610.99,164.21,0.578002,,,0.048817,
2018-03-15,8259.99,,0.003145,614.63,160.69,0.577917,,,0.043075,
2018-03-14,8207.02,,0.003289,690.39,175.5,0.599463,,,0.044378,
2018-03-13,9145.41,,0.003505,696.51,177.89,0.641875,,,0.045311,
2018-03-12,9120,,0.00359,719.79,188.33,0.641265,,,0.04978,
2018-03-11,9533.88,,0.00356,683.6,177.67,0.643174,,,0.041137,
2018-03-10,8795.44,,0.003528,728.46,186.33,0.662743,,,0.037924,
2018-03-09,9255,,0.003659,698.83,175.79,0.693664,,,0.037106,
2018-03-08,9304.89,,0.003651,751.38,186.42,0.709808,,,0.038112,
2018-03-07,9925,,0.00344,815.43,196.63,0.74908,,,0.032364,
2018-03-06,10700,,0.00319,848.83,210.71,0.658777,,,0.028621,
2018-03-05,11377.54,,0.003299,861.74,212.97,0.637856,,,0.028358,
2018-03-04,11469.9,,0.00351,854.34,210.4,0.68926,,,0.030119,
2018-03-03,11432.5,,0.003536,854.31,212,0.697269,,,0.030119,
2018-03-02,11000,,0.003524,868.74,209.2,0.701902,,,0.031056,
2018-03-01,10895.92,,0.00396,849.99,202.12,0.789711,,,0.035726,
2018-02-28,10307.27,,0.004032,870.98,215.15,0.801048,,,0.036132,
2018-02-27,10566.57,,0.00421,867.09,218.74,0.831122,,,0.038716,
2018-02-26,10300,,0.003973,841.96,218.77,0.796627,,,0.034928,
2018-02-25,9597.99,,0.004146,833.2,206.15,0.849761,,,0.036981,
2018-02-24,9688.62,,0.004025,854.01,206.52,0.825857,,,0.036425,
2018-02-23,10144.99,,0.004024,806,192.99,0.87121,,,0.038601,
2018-02-22,9830,,0.00461,840.34,210.23,0.922887,,,0.043958,
2018-02-21,10454.27,,0.005218,884.76,229.5,0.959368,,,0.046776,
2018-02-20,11235.57,,0.005502,939.01,222.1,1.01,,,0.047801,
2018-02-19,11140,,0.005301,912.41,214.5,0.907804,,,0.048918,
2018-02-18,10380.04,,0.005482,975,229.9,0.910144,,,0.052947,
2018-02-17,11121.5,,0.006215,936.02,228.24,0.928347,,,0.048847,
2018-02-16,10167.49,,0.006018,929.3,221.18,0.904583,,,0.04335,
2018-02-15,10031.23,,0.006291,920.27,211.86,0.947305,,,0.042731,
2018-02-14,9472.98,,0.006339,840.49,158.91,0.956859,,,0.041769,
2018-02-13,8520.01,,0.006142,864.4,161.5,0.943487,,,0.039883,
2018-02-12,8872.28,,0.006324,811.35,149.26,0.954402,,,0.040929,
2018-02-11,8072.99,,0.006648,849.47,155.08,0.998855,,,0.042875,
2018-02-10,8547.49,,0.006259,875.99,164.1,0.941788,,,0.040674,
2018-02-09,8671.01,,0.006581,812,149.1,1.02,,,0.04458,
2018-02-08,8218.1,,0.007094,750.04,137.8,1.09,,,0.046861,
2018-02-07,7575.75,,0.006697,783.83,141.5,1.14,,,0.051542,
2018-02-06,7688.46,,0.006424,693.54,124.98,1.12,,,0.049606,
2018-02-05,6905.19,,0.007049,826,147.5,1.2,,,0.054914,
2018-02-04,8167.9,,0.007034,969.4,160.97,1.14,,,0.052449,
2018-02-03,9240,,0.007347,911.99,130.69,1.15,,,0.046496,
2018-02-02,8787.52,,0.00673,1017.48,140.6,1.14,,,0.045936,
2018-02-01,9010.61,,0.005638,1105,161.9,1.03,,,0.043356,
2018-01-31,10099.99,,0.005472,1054.39,164.25,1.08,,,0.046116,
2018-01-30,9995,,0.004956,1162.27,179.57,1,,,0.042401,
2018-01-29,11123.01,,0.004989,1215.01,191.12,1.07,,,0.048699,
2018-01-28,11536,,0.005,1100,179.65,0.954428,,,0.047968,
2018-01-27,11319,,0.004566,1045.57,175.71,0.805263,,,0.036725,
2018-01-26,11086.89,,0.004297,1040,178.86,0.723895,,,0.032746,
2018-01-25,11118,,0.004361,1056.99,180.6,0.776393,,,0.036478,
2018-01-24,11356.79,,0.003533,984.03,178.27,0.691799,,,0.030161,
2018-01-23,10824.94,,0.004399,999.68,179.42,0.815703,,,0.037933,
2018-01-22,10766.7,,0.005164,1047.13,191.25,0.924043,,,0.044472,
2018-01-21,11518.16,,0.004475,1150.02,210.91,0.884784,,,0.040799,
2018-01-20,12762.8,,0.005029,1037.45,192.5,0.96253,,,0.046227,
2018-01-19,11498.99,,0.00601,1025.78,192.6,1.16,,,0.054454,
2018-01-18,11305.53,,0.006024,1028.06,189,1.14,,,0.053761,
2018-01-17,11200.01,,0.006967,1080,193.26,1.32,,,0.064001,
2018-01-16,11570.01,,0.007465,1278.63,232.51,1.4,,,0.065495,
2018-01-15,13590,,0.007373,1365.46,237.89,1.22,,,0.068422,
2018-01-14,13656.23,,0.007237,1386.02,258,1.22,,,0.06663,
2018-01-13,14187.95,,0.007667,1260,235.52,1.31,,,0.068766,
2018-01-12,13820,,0.007083,1137.01,226.91,1.36,,,0.070421,
2018-01-11,13308.06,,0.006673,1246.95,248.8,1.34,,,0.068572,
2018-01-10,14875.18,,0.006734,1290.01,246.89,1.36,,,0.071412,
2018-01-09,14480.99,,0.007131,1137.01,255.21,1.38,,,0.071186,
2018-01-08,14993.74,,0.008448,1118.3,272.06,1.58,,,0.085201,
2018-01-07,16174.22,,0.007871,1006.68,279.42,1.55,,,0.080499,
2018-01-06,17099,,0.007969,969.27,246.23,1.6,,,0.083179,
2018-01-05,16960.01,,0.007648,949,238.91,1.31,,,0.075623,
2018-01-04,15144.99,,0.006822,938.31,244.99,1.18,,,0.054488,
2018-01-03,15098.14,,0.009857,865,253.31,1.68,,,0.075694,
2018-01-02,14781.51,,0.011684,759.03,225.22,1.86,,,0.084782,
2018-01-01,13480.01,,0.013023,741.27,227.17,2.02,,,0.103035,
2017-12-31,13863.13,,0.013056,710.58,216.03,2.04,,,0.108858,
2017-12-30,12839.99,,0.011469,748.89,245.79,1.95,,,0.10908,
2017-12-29,14565.05,,0.013102,719.5,251.18,1.97,,,0.129553,
2017-12-28,14450.01,,0.01342,739.99,264.4,2.1,,,0.124782,
2017-12-27,15367.08,,0.015045,755.07,280.1,2.46,,,0.151993,
2017-12-26,15790.88,,0.017088,740.5,273.52,3.38,,,0.199655,
2017-12-25,14171.98,,0.014863,697.04,278.81,3.09,,,0.174797,
2017-12-24,14221.94,,0.012167,732.8,293.03,3.05,,,0.220555,
2017-12-23,15065.51,,0.009644,682.11,267.79,3.2,,,0.207974,
2017-12-22,14210.57,,0.00932,796.98,311,3.11,,,0.094703,
2017-12-21,15758.8,,0.009145,802.86,305.59,2.48,,,0.078682,
2017-12-20,16496.9,,0.008909,826.65,350.79,2.39,,,0.051695,
2017-12-19,17838.73,,0.008972,785.65,359.4,2.3,,,0.044752,
2017-12-18,19039,,0.00786,732.18,324.74,2.16,,,0.036413,
2017-12-17,19378.99,,0.009391,704.27,306.86,2.21,,,0.036348,
2017-12-16,19650,,0.008486,693.5,303.79,1.43,,,0.041974,
2017-12-15,17738.67,,0.008872,705.01,283.8,1.4,,,0.036831,
2017-12-14,16749.79,,0.009411,711.94,312.89,1.19,,,0.037832,
2017-12-13,16689.61,,0.008931,686.82,352.08,1.12,,,0.035177,
2017-12-12,17730.12,,0.008582,518,218.6,1.04,,,0.036209,
2017-12-11,16885.75,,0.007259,447.71,150.99,1.17,,,0.051791,
2017-12-10,15290.01,,0.006054,485.04,160.95,1.14,,,0.039074,
2017-12-09,15309.98,,0.007425,463.45,128.97,1.19,,,0.045969,
2017-12-08,16367.03,,0.006661,433.28,97.96,0.775964,,,0.048883,
2017-12-07,17390.01,,0.005666,432.49,100.01,0.791257,,,0.046848,
2017-12-06,14090,,0.006433,457.3,101.01,0.778407,,,0.044589,
2017-12-05,11718.35,,0.005984,468.22,104.28,0.728366,,,0.03619,
2017-12-04,11643.98,,0.005933,464.76,101.2,0.758642,,,0.036271,
2017-12-03,11290,,0.003762,460.34,99.65,0.756181,,,0.018434,
2017-12-02,10930.23,,0.003709,463.82,100.16,0.864263,,,0.01769,
2017-12-01,10869.84,,0.003461,434.03,85.82,0.471063,,,0.01646,
2017-11-30,9903,,0.003304,434.01,86.7,0.373541,,,0.007613,
2017-11-29,9935.98,,0.002798,468.52,94.49,0.251691,,,0.005282,
2017-11-28,9949,,0.002547,477.53,91.38,0.237333,,,0.004408,
2017-11-27,9768.71,,0.002617,473.99,86.62,0.244708,,,0.004473,
2017-11-26,9401.11,,0.002779,466.77,89.13,0.252125,,,0.004394,
2017-11-25,8795.5,,0.00272,470.98,77.54,0.222823,,,0.004275,
2017-11-24,8215.01,,0.002663,406.61,73.3,0.232544,,,0.003055,
2017-11-23,8031.16,,0.002479,381.73,72.31,0.246101,,,0.002085,
2017-11-22,8250,,0.002463,361.51,70,0.253571,,,0.002144,
2017-11-21,8109,,0.002223,368.24,72.62,0.252558,,,0.002116,
2017-11-20,8256.01,,0.002149,354.59,71.7,0.255492,,,0.002073,
2017-11-19,8031.82,,0.002148,346.6,69.35,0.255699,,,0.002118,
2017-11-18,7777.01,,0.002079,332.31,67.5,0.250878,,,0.002244,
2017-11-17,7714.71,,0.00208,330.21,70.56,0.243064,,,0.002068,
2017-11-16,7838.53,,0.002363,331.81,63.3,0.299152,,,0.002308,
2017-11-15,7294,,0.001988,335.04,62.33,0.253927,,,0.002062,
2017-11-14,6605,,0.002026,315.56,61.24,0.248818,,,0.002138,
2017-11-13,6535.87,,0.002072,307.1,58.81,0.252393,,,0.002048,
2017-11-12,5886.35,,0.001908,315.69,62.49,0.244642,,,0.002025,
2017-11-11,6346.7,,0.001891,298.04,59.32,0.242402,,,0.002105,
2017-11-10,6577.63,,0.001823,320.72,64.4,0.238859,,,0.002302,
2017-11-09,7156,,0.001389,307.91,62.46,0.233271,,,0.002143,
2017-11-08,7467.96,,0.001394,292.42,60.61,0.238759,,,0.002134,
2017-11-07,7126.63,,0.001376,297.32,54.6,0.231016,,,0.002002,
2017-11-06,6969.76,,0.001373,296.57,54.67,0.228627,,,0.002028,
2017-11-05,7392,,0.001313,301.66,55.09,0.226581,,,0.001984,
2017-11-04,7412.55,,0.00139,306,56.19,0.227107,,,0.002209,
2017-11-03,7170.01,,0.001339,285.4,54.35,0.212956,,,0.002322,
2017-11-02,7039.99,,0.001184,290.82,53,0.209825,,,0.002485,
2017-11-01,6783.69,,0.001211,303.51,55.41,0.203442,,,0.002112,
2017-10-31,6445.01,,0.001038,306.87,56.4,0.197339,,,0.001783,
2017-10-30,6124.16,,0.001201,303.38,56.59,0.21043,,,0.002003,
2017-10-29,6140.01,,0.001163,295.11,54.52,0.206483,,,0.002013,
2017-10-28,5752.01,,0.001415,297.59,55.24,0.217488,,,0.002344,
2017-10-27,5780,,0.001222,295.98,55.56,0.217437,,,0.002338,
2017-10-26,5891.61,,0.001177,296.76,56.36,0.210354,,,0.002184,
2017-10-25,5739.97,,0.001154,296.99,55.61,0.20599,,,0.002125,
2017-10-24,5525.43,,0.001182,285.83,54.76,0.202055,,,0.002219,
2017-10-23,5905.99,,0.001189,295.14,56.75,0.20375,,,0.002128,
2017-10-22,6005.05,,0.001121,300,58.14,0.208133,,,0.002227,
2017-10-21,6024.86,,0.001151,303.15,60.12,0.205861,,,0.002312,
2017-10-20,5989.1,,0.001138,308.02,59.84,0.194124,,,0.00251,
2017-10-19,5704.01,,0.001124,313.59,60.67,0.200558,,,0.002814,
2017-10-18,5574.44,,0.001151,316.37,59.19,0.202711,,,0.002784,
2017-10-17,5594,,0.001173,334.36,64.72,0.202785,,,0.002956,
2017-10-16,5754.9,,0.001037,336.89,65.51,0.201835,,,0.002999,
2017-10-15,5693.7,,0.001052,338.37,63.94,0.202785,,,0.003051,
2017-10-14,5819.13,,0.001051,335.89,58.9,0.203628,,,0.002841,
2017-10-13,5624.8,,0.001056,302.12,59.58,0.204604,,,0.003033,
2017-10-12,5440,,0.001092,302,50.81,0.206644,,,0.002632,
2017-10-11,4814.99,,0.001016,297.99,50.4,0.196928,,,0.002428,
2017-10-10,4750,,0.001023,297,50.04,0.204177,,,0.002583,
2017-10-09,4769.55,,0.001007,309.2,53.27,0.211016,,,0.002298,
2017-10-08,4603.49,,0.00105,311.12,52.57,0.210549,,,0.001942,
2017-10-07,4425,,0.001064,307.73,52.12,0.21515,,,0.001915,
2017-10-06,4362.99,,0.001047,294.89,51.67,0.21852,,,0.002095,
2017-10-05,4320.04,,0.001067,292,51.16,0.232064,,,0.001944,
2017-10-04,4214.84,,0.001164,292.36,52.15,0.256232,,,0.002156,
2017-10-03,4307.99,,0.001106,296.72,53.37,0.263983,,,0.002286,
2017-10-02,4392.71,,0.00111,303.25,54.69,0.25732,,,0.002394,
2017-10-01,4394.81,,0.001066,301.57,55.26,0.260489,,,0.002113,
2017-09-30,4339,,0.001062,291.88,52.62,0.248414,,,0.002345,
2017-09-29,4156.99,,0.001046,302.33,54.87,0.264439,,,0.00247,
2017-09-28,4189.42,,0.001036,309.85,56.88,0.260733,,,0.002225,
2017-09-27,4200,,0.000991,288.77,52.34,0.251825,,,0.002181,
2017-09-26,3885.09,,0.001056,294.41,52.22,0.279944,,,0.00253,
2017-09-25,3919.78,,0.001066,283.21,47.7,0.23861,,,0.002459,
2017-09-24,3669.01,,0.001056,286.03,49.41,0.234039,,,0.002996,
2017-09-23,3787.33,,0.001001,263.88,47.81,0.237016,,,0.00332,
2017-09-22,3619.01,,0.001024,258.11,46.61,0.214774,,,0.00325,
2017-09-21,3617.47,,0.001108,283.55,51.57,0.203318,,,0.002447,
2017-09-20,3867.05,,0.001085,282.8,52.95,0.202676,,,0.002803,
2017-09-19,3910.11,,0.001084,298,56.3,0.206532,,,0.001848,
2017-09-18,4100,,0.001145,259.66,51.37,0.197529,,,0.002261,
2017-09-17,3719.97,,0.001082,255.84,52.47,0.193606,,,0.001983,
2017-09-16,3726.51,,0.00108,260.88,52.29,0.196131,,,0.002906,
2017-09-15,3740.02,,0.001173,223.85,45.42,0.203299,,,0.002561,
2017-09-14,3250.4,,0.001151,275.71,61.8,0.186119,,,0.001738,
2017-09-13,3855.32,,0.001141,294.5,66,0.181487,,,0.001777,
2017-09-12,4164.52,,0.000892,298.47,68.28,0.175787,,,0.002246,
2017-09-11,4210.72,,0.000954,300.33,67.44,0.177882,,,0.002346,
2017-09-10,4251.36,,0.000772,304.99,71.27,0.17351,,,0.001951,
2017-09-09,4334.36,,0.000755,307.96,73.7,0.171754,,,0.002079,
2017-09-08,4350,,0.000862,335.56,80.23,0.182078,,,0.002647,
2017-09-07,4624.18,,0.00089,339.38,81.47,0.184041,,,0.002291,
2017-09-06,4616.18,,0.000947,320.08,74.19,0.189768,,,0.003263,
2017-09-05,4432.51,,0.000853,316.86,71.25,0.178393,,,0.00332,
2017-09-04,4498.25,,0.000867,353.06,79.44,0.179082,,,0.001831,
2017-09-03,4626.05,,0.000865,354.87,79.84,0.181358,,,0.001801,
2017-09-02,4649.99,,0.000854,392.87,89.23,0.164167,,,0.001427,
2017-09-01,4947.99,,0.001398,389.2,73.23,0.200778,,,0.001988,
2017-08-31,4743.94,,0.00144,384.1,66.12,0.209303,,,,
2017-08-30,4581.98,,0.001463,372.48,63.75,0.214441,,,,
2017-08-29,4599,,0.001395,347.54,62.38,0.213031,,,,
2017-08-28,4384.99,,0.001568,348.2,61.56,0.209995,,,,
2017-08-27,4340.11,,0.001596,332.99,51.55,0.211518,,,,
2017-08-26,4344.32,,0.001928,330.14,51.11,0.22364,,,,
2017-08-25,4360,,0.002019,324.56,51.09,0.226186,,,,
2017-08-24,4312.03,,0.001908,317.5,53.31,0.215189,,,,
2017-08-23,4143.49,,0.001786,314.19,46.43,0.204968,,,,
2017-08-22,4092,,0.002153,322,47.99,0.228811,,,,
2017-08-21,4002,,0.002226,297.79,45.57,0.226669,,,,
2017-08-20,4050.99,,0.002543,293.58,45.18,0.248479,,,,
2017-08-19,4157.41,,0.002064,292.87,46.69,0.25563,,,,
2017-08-18,4101.72,,0.002105,300.67,43.88,0.228006,,,,
2017-08-17,4280.01,,0.001867,300.45,43.8,0.218564,,,,
2017-08-16,4370.01,,0.001825,286.71,43.1,0.224508,,,,
2017-08-15,4159.93,,0.00176,299.16,45.59,0.202995,,,,
2017-08-14,4320.6,,0.001778,296.66,45.22,0.212577,,,,
2017-08-13,4060.47,,0.00179,308.35,46.33,0.217828,,,,
2017-08-12,3874,,0.001816,309.65,47.08,0.218958,,,,
2017-08-11,3656.15,,0.001732,300.51,47.2,0.246827,,,,
2017-08-10,3444.98,,0.001716,295.26,47.69,0.239286,,,,
2017-08-09,3342.8,,0.001712,295.95,49.06,0.191918,,,,
2017-08-08,3422.43,,0.001707,269.9,45.99,0.158735,,,,
2017-08-07,3398.23,,0.001678,263.96,45.33,0.155057,,,,
2017-08-06,3222.22,,0.001678,251.85,45.85,0.158883,,,,
2017-08-05,3243.49,,0.00171,220.72,43.07,0.157498,,,,
2017-08-04,2857.34,,0.001774,224,42.49,0.160431,,,,
2017-08-03,2787.02,,0.001738,217.92,41.82,0.161221,,,,
2017-08-02,2699.9,,0.001762,225.73,43.18,0.169991,,,,
2017-08-01,2732.59,,0.001807,200.82,42.27,0.168092,,,,
2017-07-31,2856.88,,0.001856,196.95,40.82,0.173853,,,,
2017-07-30,2723.99,,0.00188,205.9,41.01,0.179307,,,,
2017-07-29,2700.21,,0.001896,190.72,40.35,0.180399,,,,
2017-07-28,2786.07,,0.001937,202.94,41.87,0.182947,,,,
2017-07-27,2664.99,,0.001961,203.23,41.99,0.192586,,,,
2017-07-26,2525.99,,0.001949,203.78,42.21,0.179021,,,,
2017-07-25,2564,,0.001909,225.96,45.01,0.180444,,,,
2017-07-24,2762.26,,0.002087,228.31,45.23,0.184737,,,,
2017-07-23,2754.28,,0.00182,230.69,46.7,0.173743,,,,
2017-07-22,2825.27,,0.001795,216.6,45.4,0.174612,,,,
2017-07-21,2657.45,,0.001788,226.06,44.72,0.173113,,,,
2017-07-20,2873.48,,0.001792,194.73,40.19,0.177053,,,,
2017-07-19,2258.99,,0.001718,227.01,43.5,0.167386,,,,
2017-07-18,2308.15,,0.001719,190.87,42.36,0.165082,,,,
2017-07-17,2235.19,,0.001768,155.68,40.69,0.169871,,,,
2017-07-16,1910.86,,0.001782,167.72,38.14,0.165937,,,,
2017-07-15,1964.31,,0.001856,197.23,42.78,0.173457,,,,
2017-07-14,2217.24,,0.00181,205,45.48,0.173822,,,,
2017-07-13,2340,,0.001773,224.04,47,0.178104,,,,
2017-07-12,2383.42,,0.00198,190.57,43.92,0.192002,,,,
2017-07-11,2310.01,,0.001972,202.86,44.74,0.195058,,,,
2017-07-10,2331.05,,0.002095,238.81,48.76,0.19332,,,,
2017-07-09,2508.99,,0.001936,246.64,51.27,0.182608,,,,
2017-07-08,2561.11,,0.001935,241.28,46.21,0.188295,,,,
2017-07-07,2501.15,,0.001689,266.01,51.2,0.168388,,,,
2017-07-06,2604.84,,0.001864,266.27,53.4,0.188718,,,,
2017-07-05,2616.96,,0.00152,269.2,54.89,0.177889,,,,
2017-07-04,2602,,0.001307,276.37,45.51,0.148056,,,,
2017-07-03,2542.41,,0.001484,285,41.59,0.170589,,,,
2017-07-02,2516.66,,0.001681,263.12,38.37,0.190769,,,,
2017-07-01,2423.63,,0.001823,280.04,39.49,0.200809,,,,
2017-06-30,2455.19,,0.001938,292.95,40.2,0.205354,,,,
2017-06-29,2530,,0.001779,315.32,42,0.185019,,,,
2017-06-28,2553.25,,0.001952,287.23,40.5,0.203165,,,,
2017-06-27,2575.75,,0.00233,252.01,38.15,0.233416,,,,
2017-06-26,2407.91,,0.00244,278.49,40.8,0.236134,,,,
2017-06-25,2505.61,,0.002397,304.5,43.05,0.23948,,,,
2017-06-24,2574.84,,0.002636,326.99,46.03,0.254641,,,,
2017-06-23,2690.76,,0.002714,320.02,45.98,0.256523,,,,
2017-06-22,2679.99,,0.002518,325.41,44,0.254709,,,,
2017-06-21,2643.35,,0.002533,350.94,45.63,0.259959,,,,
2017-06-20,2725.08,,0.002481,358.71,47.63,0.259449,,,,
2017-06-19,2596.98,,0.002645,351.85,43.66,0.254744,,,,
2017-06-18,2515.25,,0.002602,368.98,46.01,0.26293,,,,
2017-06-17,2634.94,,0.002656,354.26,33.89,0.265421,,,,
2017-06-16,2480.43,,0.002793,343.71,28.97,0.280455,,,,
2017-06-15,2409.98,,0.002623,341.7,28.81,0.276306,,,,
2017-06-14,2432.21,,0.00275,388,30.32,0.277288,,,,
2017-06-13,2709.01,,0.002961,397.37,29.06,0.298423,,,,
2017-06-12,2655.71,,0.003135,343.01,34.04,0.31111,,,,
2017-06-11,2998.98,,0.003143,340.2,30.13,0.319978,,,,
2017-06-10,2932.44,,0.003104,279.38,29.56,0.297848,,,,
2017-06-09,2811.39,,0.003125,258.64,30.08,0.296366,,,,
2017-06-08,2799.73,,0.003218,255.68,28.6,0.324427,,,,
2017-06-07,2685.64,,0.003141,264.58,30.1,0.296068,,,,
2017-06-06,2871.29,,0.00323,248,30.7,0.2846,,,,
2017-06-05,2698,,0.003322,245.5,27.79,0.268351,,,,
2017-06-04,2521.36,,0.003163,224.95,27.4,0.262068,,,,
2017-06-03,2548.05,,0.003043,222.04,27.9,0.259266,,,,
2017-06-02,2478.99,,0.003092,221.91,27.74,0.278447,,,,
2017-06-01,2419.99,,0.003313,229.14,25.88,0.266153,,,,
2017-05-31,2303.29,,0.003253,228.69,24.11,0.253964,,,,
2017-05-30,2191.58,,0.003601,194.82,25.77,0.272759,,,,
2017-05-29,2279.48,,0.003313,175.48,24.73,0.260874,,,,
2017-05-28,2232.78,,0.003453,159.91,23.5,0.286019,,,,
2017-05-27,2099.99,,0.003575,163.8,25.93,0.289678,,,,
2017-05-26,2272.7,,0.003302,181.51,29.64,0.279783,,,,
2017-05-25,2355,,0.003741,196.06,34.31,0.284548,,,,
2017-05-24,2432.97,,0.003873,169.95,31.06,0.294003,,,,
2017-05-23,2272.75,,0.003179,160.1,24.71,0.299413,,,,
2017-05-22,2123.29,,0.003251,148.78,25.92,0.29458,,,,
2017-05-21,2057,,0.003026,123.63,27.34,0.303448,,,,
2017-05-20,2058.91,,0.002867,125.14,27.55,0.333657,,,,
2017-05-19,1976.23,,0.002657,96.2,28.58,0.24659,,,,
2017-05-18,1899.16,,0.002623,86.88,25.3,0.205324,,,,
2017-05-17,1813.23,,0.002732,87.98,23.6,0.23207,,,,
2017-05-16,1777.48,,0.002579,91,25.61,0.229554,,,,
2017-05-15,1747.81,,0.002541,89.39,28.9,0.212549,,,,
2017-05-14,1799.99,,0.002424,88.42,29.09,0.271808,,,,
2017-05-13,1792.73,,0.002994,85.17,27.21,0.246065,,,,
2017-05-12,1695.61,,0.003659,88.3,30.69,0.29589,,,,
2017-05-11,1837.93,,0.003562,88.36,32.85,0.323368,,,,
2017-05-10,1794.99,,0.003405,86.58,33.2,0.317954,,,,
2017-05-09,1720.43,,0.003062,89.25,28.86,0.336201,,,,
2017-05-08,1713,,0.0019,93.82,30.62,0.351634,,,,
2017-05-07,1609.57,,0.001518,95.84,28.43,0.327801,,,,
2017-05-06,1585.39,,0.001508,91.93,26.33,0.364869,,,,
2017-05-05,1551.3,,0.001318,95.97,24.16,0.394132,,,,
2017-05-04,1563.39,,0.001059,81.29,22.01,0.349861,,,,
2017-05-03,1533,,0.001128,77.55,16.24,0.27072,,,,
2017-05-02,1471.99,,0.001274,79.35,16.47,0.220223,,,,
2017-05-01,1436.5,,0.001184,80.87,16.2,0.214878,,,,
2017-04-30,1384.55,,0.001183,70.4,16.34,0.206068,,,,
2017-04-29,1365.43,,0.001212,73.14,14.75,0.183135,,,,
2017-04-28,1353.34,,0.001239,63.67,14.98,0.186066,,,,
2017-04-27,1349.26,,0.001239,53.42,15.09,0.160074,,,,
2017-04-26,1298.44,,0.001521,50.31,15.53,0.198212,,,,
2017-04-25,1281.16,,0.001305,50.12,15.07,0.141763,,,,
2017-04-24,1257.29,,0.001169,48.96,15.38,0.101791,,,,
2017-04-23,1251.98,,0.00084,48.61,14.35,0.093551,,,,
2017-04-22,1247,,0.000744,48.37,12.12,0.078914,,,,
2017-04-21,1249.99,,0.000678,49.38,10.99,0.06049,,,,
2017-04-20,1236.15,,0.00061,47.78,10.21,0.053908,,,,
2017-04-19,1214.21,,0.000686,49.79,10.95,0.055115,,,,
2017-04-18,1201.94,,0.000746,47.94,11.15,0.051607,,,,
2017-04-17,1189.91,,0.000734,48.13,11.7,0.052868,,,,
2017-04-16,1177.99,,0.000678,48.94,11.69,0.044475,,,,
2017-04-15,1178.85,,0.000632,47.2,11.61,0.034816,,,,
2017-04-14,1173.74,,0.000544,49.77,11.05,0.032797,,,,
2017-04-13,1177.05,,0.000527,46.48,11.69,0.032346,,,,
2017-04-12,1214.17,,0.000515,43.83,9.71,0.031384,,,,
2017-04-11,1223.99,,0.000522,43.92,9.87,0.031278,,,,
2017-04-10,1210,,0.000464,43.92,9.26,0.03177,,,,
2017-04-09,1210.97,,0.000451,44.45,10.79,0.032779,,,,
2017-04-08,1184.5,,0.000443,42.32,9.89,0.029984,,,,
2017-04-07,1194,,0.000448,43.3,10.87,0.030173,,,,
2017-04-06,1192.3,,0.000459,44.78,13,0.033184,,,,
2017-04-05,1132.99,,0.000459,44.47,9.15,0.033655,,,,
2017-04-04,1143.99,,0.000454,44.25,8.61,0.033462,,,,
2017-04-03,1152.6,,0.000418,48.74,8.34,0.033955,,,,
2017-04-02,1113.99,,0.000426,50.71,7.61,0.033779,,,,
2017-04-01,1092,,0.000425,50.18,7.25,0.034383,,,,
2017-03-31,1088.99,,0.000414,51.87,7.89,0.034336,,,,
2017-03-30,1042.08,,0.00039,53.1,4.3,0.032952,,,,
2017-03-29,1043.27,,0.0004,50.3,4.2,0.033598,,,,
2017-03-28,1045.4,,0.000381,48.97,4.08,0.03402,,,,
2017-03-27,1042.08,,0.000432,50.73,4.1,0.035849,,,,
2017-03-26,973.08,,0.000398,50.5,4.09,0.03632,,,,
2017-03-25,963.72,,0.00045,52.93,4.11,0.032665,,,,
2017-03-24,934.87,,0.000442,42.99,3.96,0.035544,,,,
2017-03-23,1025.14,,0.000432,41.37,3.94,0.037455,,,,
2017-03-22,1034.57,,0.000427,42.36,4.04,0.033023,,,,
2017-03-21,1114.42,,0.000489,42.31,4.18,0.061159,,,,
2017-03-20,1044.96,,0.000335,43.21,3.93,0.021892,,,,
2017-03-19,1019.49,,0.000328,34.03,4.02,0.020889,,,,
2017-03-18,970,,0.000304,44.62,4.12,0.013276,,,,
2017-03-17,1069.57,,0.000272,45.96,4.31,0.010101,,,,
2017-03-16,1175.11,,0.000273,35.65,4.33,0.009514,,,,
2017-03-15,1263,,0.000254,28.69,4.19,0.009597,,,,
2017-03-14,1247.42,,0.000272,28.63,4.4,0.009545,,,,
2017-03-13,1245.5,,0.000298,23.39,3.94,0.009116,,,,
2017-03-12,1235.58,,0.000264,21.64,3.82,0.010518,,,,
2017-03-11,1188.11,,0.000242,19.2,3.8,0.010582,,,,
2017-03-10,1109.01,,0.000243,17.82,3.92,0.007301,,,,
2017-03-09,1197.3,,0.000246,16.68,3.86,0.006909,,,,
2017-03-08,1150.22,,0.000236,18.96,3.99,0.006975,,,,
2017-03-07,1237.36,,0.000235,19.68,4.1,0.006912,,,,
2017-03-06,1284.99,,0.000219,19.37,4.02,0.00671,,,,
2017-03-05,1278.98,,0.000223,18.65,4.04,0.006116,,,,
2017-03-04,1273.97,,0.000235,19.68,4.07,0.006394,,,,
2017-03-03,1292.86,,0.000243,19.27,4.04,0.006314,,,,
2017-03-02,1269.17,,0.000238,17.37,3.86,0.006381,,,,
2017-03-01,1230,,0.000247,16.4,3.85,0.006385,,,,
2017-02-28,1195.08,,0.000229,15.66,3.87,0.006255,,,,
2017-02-27,1195.81,,0.000211,14.74,3.89,0.006238,,,,
2017-02-26,1184.91,,0.000204,13.65,3.9,0.006227,,,,
2017-02-25,1158,,0.000211,13.2,3.95,0.006498,,,,
2017-02-24,1186.91,,0.000208,13.21,3.9,0.006509,,,,
2017-02-23,1186.9,,0.000209,12.75,3.89,0.006534,,,,
2017-02-22,1128.71,,0.00021,12.83,3.85,0.006057,,,,
2017-02-21,1128.29,,0.000206,12.61,3.81,0.006129,,,,
2017-02-20,1089.86,,0.000205,12.9,3.81,0.006299,,,,
2017-02-19,1059.88,,0.000211,12.89,3.84,0.006339,,,,
2017-02-18,1062.15,,0.000205,12.75,3.91,0.005991,,,,
2017-02-17,1057.3,,0.000203,12.89,3.86,0.005408,,,,
2017-02-16,1038.94,,0.000205,12.98,3.89,0.005536,,,,
2017-02-15,1014.53,,0.000208,13.02,3.82,0.005609,,,,
2017-02-14,1012.23,,0.000203,11.44,3.78,0.005671,,,,
2017-02-13,1002.56,,0.0002,11.48,3.8,0.005665,,,,
2017-02-12,1010,,0.000208,11.49,3.84,0.005701,,,,
2017-02-11,1018.43,,0.000208,11.38,3.83,0.005895,,,,
2017-02-10,1003.97,,0.000202,10.99,3.76,0.00586,,,,
2017-02-09,985,,0.000208,11.45,3.96,0.005832,,,,
2017-02-08,1059.14,,0.000207,11.49,3.98,0.005873,,,,
2017-02-07,1053.97,,0.000208,11.34,3.97,0.005878,,,,
2017-02-06,1024.39,,0.000197,11.29,3.97,0.005569,,,,
2017-02-05,1019.31,,0.000209,11.42,4.02,0.005935,,,,
2017-02-04,1035.84,,0.000207,10.95,4.06,0.006027,,,,
2017-02-03,1016.77,,0.000209,10.82,4.09,0.006147,,,,
2017-02-02,1007.66,,0.000209,10.73,4.08,0.006278,,,,
2017-02-01,989.71,,0.000208,10.74,4.07,0.006251,,,,
2017-01-31,970.92,,0.000208,10.59,4.03,0.006269,,,,
2017-01-30,923.45,,0.00021,10.5,3.88,0.006333,,,,
2017-01-29,917.31,,0.000208,10.57,3.87,0.006289,,,,
2017-01-28,924.7,,0.000204,10.51,3.9,0.006374,,,,
2017-01-27,923.4,,0.000211,10.66,3.86,0.006438,,,,
2017-01-26,917.93,,0.000208,10.52,3.69,0.006407,,,,
2017-01-25,896.81,,0.000214,10.51,3.76,0.00645,,,,
2017-01-24,894.86,,0.000211,10.79,3.85,0.006442,,,,
2017-01-23,924.24,,0.000211,10.78,3.86,0.006492,,,,
2017-01-22,924.98,,0.000213,10.99,3.92,0.006474,,,,
2017-01-21,925.36,,0.000211,10.65,3.88,0.006469,,,,
2017-01-20,894.05,,0.000209,10.47,3.88,0.00654,,,,
2017-01-19,901,,0.000206,10.23,3.89,0.006314,,,,
2017-01-18,880,,0.000208,10.2,3.93,0.006381,,,,
2017-01-17,907.58,,0.000204,9.62,3.88,0.006402,,,,
2017-01-16,831.89,,0.000209,9.95,3.96,0.006342,,,,
2017-01-15,830,,0.000204,9.85,4,0.006415,,,,
2017-01-14,829.62,,0.000208,9.79,3.97,0.00669,,,,
2017-01-13,830.79,,0.000204,9.89,4,0.006513,,,,
2017-01-12,822.64,,0.000202,9.9,4.02,0.00654,,,,
2017-01-11,801.5,,0.000208,10.66,4.67,0.006697,,,,
2017-01-10,907.53,,0.000207,10.37,4.39,0.006713,,,,
2017-01-09,905.41,,0.000208,10.44,4.03,0.006706,,,,
2017-01-08,916.6,,0.000209,9.96,3.98,0.006675,,,,
2017-01-07,903.7,,0.000211,10.13,3.88,0.007034,,,,
2017-01-06,894.93,,0.000208,10.28,4.23,0.006709,,,,
2017-01-05,995.05,,0.000215,10.98,4.55,0.0068,,,,
2017-01-04,1133,,0.000207,9.69,4.55,0.006788,,,,
2017-01-03,1035.19,,0.000206,8.36,4.56,0.006726,,,,
2017-01-02,1019.01,,0.000209,8.18,4.51,0.006863,,,,
2017-01-01,996.82,,0.000209,8.13,4.36,0.006596,,,,
2016-12-31,970.47,,0.000208,8.22,4.35,0.006423,,,,
2016-12-30,962.63,,0.000205,8.29,4.69,0.006411,,,,
2016-12-29,976.75,,0.000226,7.62,4.53,0.006698,,,,
2016-12-28,981.92,,0.000229,7.16,4.33,0.006167,,,,
2016-12-27,921.59,,0.000221,7.23,4.23,0.006233,,,,
2016-12-26,901.98,,0.000221,7.22,4.3,0.006366,,,,
2016-12-25,896.73,,0.00022,7.24,4.47,0.006315,,,,
2016-12-24,887,,0.000229,7.18,4.49,0.006201,,,,
2016-12-23,915.5,,0.000236,7.65,3.69,0.00657,,,,
2016-12-22,858.01,,0.000227,7.88,3.66,0.006386,,,,
2016-12-21,828.58,,0.000226,7.58,3.62,0.006311,,,,
2016-12-20,797.99,,0.000228,7.62,3.66,0.006368,,,,
2016-12-19,789.91,,0.000223,7.94,3.62,0.006449,,,,
2016-12-18,790,,0.000228,7.68,3.72,0.006426,,,,
2016-12-17,790.07,,0.000228,7.89,3.64,0.006341,,,,
2016-12-16,785,,0.000223,7.77,3.5,0.006173,,,,
2016-12-15,775,,0.000227,8.26,3.6,0.006199,,,,
2016-12-14,777.72,,0.000233,8.4,3.65,0.006326,,,,
2016-12-13,779.79,,0.00023,8.49,3.64,0.006444,,,,
2016-12-12,778.71,,0.000234,8.25,3.64,0.006349,,,,
2016-12-11,770.9,,0.000236,8.12,3.7,0.006286,,,,
2016-12-10,775.98,,0.000225,8.55,3.74,0.006363,,,,
2016-12-09,771.77,,0.000227,8.27,3.65,0.006445,,,,
2016-12-08,768.35,,0.000219,8.37,3.67,0.0065,,,,
2016-12-07,766.07,,0.000218,6.81,3.5,0.006545,,,,
2016-12-06,755.73,,0.000218,6.69,3.58,0.006574,,,,
2016-12-05,753.36,,0.000219,7.54,3.89,0.006541,,,,
2016-12-04,766.96,,0.000217,7.9,3.9,0.00671,,,,
2016-12-03,766.52,,0.000215,7.68,3.94,0.006662,,,,
2016-12-02,771.54,,0.000217,8.46,3.88,0.006705,,,,
2016-12-01,753.57,,0.000216,8.63,3.84,0.006708,,,,
2016-11-30,742.6,,0.000222,8.19,3.83,0.006778,,,,
2016-11-29,731.8,,0.000223,8.66,3.84,0.006744,,,,
2016-11-28,730.27,,0.000215,8.9,3.87,0.006816,,,,
2016-11-27,729.01,,0.000212,9.34,3.86,0.007135,,,,
2016-11-26,735.83,,0.000215,9.4,3.87,0.007097,,,,
2016-11-25,739,,0.000214,9.21,3.9,0.006851,,,,
2016-11-24,737.99,,0.000212,9.8,3.86,0.006655,,,,
2016-11-23,741.76,,0.000215,9.83,3.9,0.006434,,,,
2016-11-22,747,,0.000217,9.53,3.93,0.006527,,,,
2016-11-21,735.81,,0.000217,9.6,3.89,0.006588,,,,
2016-11-20,731,,0.000216,9.71,3.92,0.00666,,,,
2016-11-19,750.38,,0.000214,9.53,3.87,0.006702,,,,
2016-11-18,747.8,,0.000214,9.98,3.9,0.006723,,,,
2016-11-17,736.57,,0.000217,10.02,3.92,0.00678,,,,
2016-11-16,737.55,,0.000218,10.28,3.92,0.007008,,,,
2016-11-15,712.41,,0.000217,10.03,3.87,0.007074,,,,
2016-11-14,705.52,,0.000219,10.14,3.86,0.00739,,,,
2016-11-13,703.98,,0.00022,9.96,3.75,0.006902,,,,
2016-11-12,704.67,,0.000218,10.31,3.8,0.00695,,,,
2016-11-11,714.77,,0.000219,10.52,3.8,0.007061,,,,
2016-11-10,712.28,,0.000224,10.66,3.98,0.007434,,,,
2016-11-09,721,,0.000222,10.86,3.91,0.007566,,,,
2016-11-08,712.57,,0.000219,10.94,3.88,0.007651,,,,
2016-11-07,706.82,,0.00022,11.02,3.91,0.007799,,,,
2016-11-06,716.83,,0.000218,11.16,3.87,0.007778,,,,
2016-11-05,706.9,,0.000224,11.15,3.88,0.007727,,,,
2016-11-04,705.7,,0.000221,10.88,3.9,0.007842,,,,
2016-11-03,688.93,,0.000222,10.83,4.07,0.007881,,,,
2016-11-02,735.5,,0.000223,10.79,4.02,0.008098,,,,
2016-11-01,731.16,,0.000225,10.95,3.98,0.008257,,,,
2016-10-31,699.68,,0.00022,11.22,3.93,0.008044,,,,
2016-10-30,697.65,,0.000227,10.43,4.06,0.008065,,,,
2016-10-29,717.9,,0.000228,11.1,3.9,0.008136,,,,
2016-10-28,689.65,,0.000229,11.43,3.99,0.008079,,,,
2016-10-27,685.57,,0.000229,11.5,3.89,0.008206,,,,
2016-10-26,674,,0.000239,11.32,3.85,0.008108,,,,
2016-10-25,649.07,,0.000221,11.9,3.87,0.008193,,,,
2016-10-24,649.75,,0.000222,11.92,3.88,0.00823,,,,
2016-10-23,650.54,,0.000219,12.04,3.84,0.008157,,,,
2016-10-22,655,,0.000217,12.05,3.79,0.008021,,,,
2016-10-21,629.76,,0.00022,12.03,3.8,0.008222,,,,
2016-10-20,627.83,,0.000221,11.97,3.79,0.008102,,,,
2016-10-19,629.68,,0.00022,12.53,3.91,0.008196,,,,
2016-10-18,634.97,,0.000223,11.97,3.82,0.008014,,,,
2016-10-17,638.96,,0.000223,11.94,3.88,0.007732,,,,
2016-10-16,642.53,,0.000216,11.95,3.92,0.008143,,,,
2016-10-15,637.51,,0.000217,11.9,3.82,0.008481,,,,
2016-10-14,638,,0.000216,12.05,3.83,0.008835,,,,
2016-10-13,635.86,,0.000219,11.77,3.8,0.008891,,,,
2016-10-12,636.92,,0.000219,11.76,3.83,0.009065,,,,
2016-10-11,643.83,,0.000221,11.78,3.79,0.009454,,,,
2016-10-10,618.31,,0.000223,12.05,3.8,0.008972,,,,
2016-10-09,617.58,,0.000218,12.28,3.86,0.009029,,,,
2016-10-08,619.59,,0.000221,12.69,3.82,0.009092,,,,
2016-10-07,617.32,,0.000219,12.87,3.82,0.008627,,,,
2016-10-06,611.83,,0.000221,13.1,3.88,0.00835,,,,
2016-10-05,613.35,,0.000221,13.34,3.85,0.00803,,,,
2016-10-04,609.25,,0.000223,13.52,3.83,0.008078,,,,
2016-10-03,612.95,,0.000224,13.28,3.83,0.008146,,,,
2016-10-02,612.41,,0.000227,13.24,3.85,0.008767,,,,
2016-10-01,616,,0.000227,13.24,3.81,0.007982,,,,
2016-09-30,607.65,,0.000225,13.18,3.86,0.007949,,,,
2016-09-29,605.07,,0.00023,13.31,3.81,0.008234,,,,
2016-09-28,604.98,,0.000228,13.11,3.83,0.007978,,,,
2016-09-27,605.3,,0.000228,12.88,3.92,0.007543,,,,
2016-09-26,606.82,,0.000225,13.07,3.8,0.00731,,,,
2016-09-25,601.35,,0.000228,12.94,3.87,0.007377,,,,
2016-09-24,603.69,,0.000223,13.36,3.83,0.007382,,,,
2016-09-23,602.68,,0.000233,13.1,3.79,0.007435,,,,
2016-09-22,595.25,,0.000229,13.71,3.82,0.007853,,,,
2016-09-21,596.95,,0.000234,15.09,4,0.008089,,,,
2016-09-20,608.98,,0.00023,12.92,3.86,0.008165,,,,
2016-09-19,608.94,,0.000233,12.58,3.87,0.008205,,,,
2016-09-18,610.99,,0.000235,12.88,3.82,0.00883,,,,
2016-09-17,607.83,,0.000231,12.6,3.81,0.008914,,,,
2016-09-16,607.75,,0.000229,11.96,3.81,0.009048,,,,
2016-09-15,607.01,,0.000228,11.93,3.85,0.008229,,,,
2016-09-14,608.95,,0.000229,11.92,3.81,0.007963,,,,
2016-09-13,608.24,,0.000225,11.87,3.88,0.007855,,,,
2016-09-12,607.48,,0.000226,11.64,3.9,0.007362,,,,
2016-09-11,607.25,,0.000224,12.07,3.96,0.007211,,,,
2016-09-10,625.1,,0.000228,11.61,3.96,0.006843,,,,
2016-09-09,622.6,,0.000231,11.42,4.01,0.006829,,,,
2016-09-08,628.77,,0.000232,11.6,3.96,0.006785,,,,
2016-09-07,614.59,,0.000236,11.73,3.95,0.006858,,,,
2016-09-06,612.37,,0.00024,11.77,3.96,0.006853,,,,
2016-09-05,606.19,,0.000236,11.76,4.02,0.007018,,,,
2016-09-04,611.82,,0.00025,11.83,3.88,0.007446,,,,
2016-09-03,600.58,,0.000233,12.11,3.84,0.008303,,,,
2016-09-02,575.38,,0.000226,12.24,3.66,0.005961,,,,
2016-09-01,571.96,,0.000225,11.52,3.74,0.005886,,,,
2016-08-31,571.59,,0.000226,11.2,3.81,0.005897,,,,
2016-08-30,574.79,,0.000226,10.95,3.77,0.005842,,,,
2016-08-29,573,,0.000227,10.98,3.72,0.00587,,,,
2016-08-28,574.83,,0.00023,11.21,3.78,0.005869,,,,
2016-08-27,570.42,,0.000228,11.29,3.81,0.005902,,,,
2016-08-26,578.89,,0.000242,11.34,3.81,0.005892,,,,
2016-08-25,576.16,,0.000241,11,3.84,0.005912,,,,
2016-08-24,578.92,,0.000236,10.98,3.95,0.005932,,,,
2016-08-23,582.58,,0.000235,11.08,,0.005954,,,,
2016-08-22,585.12,,0.000236,11.17,,0.005964,,,,
2016-08-21,580.65,,0.000235,11.31,,0.00597,,,,
2016-08-20,583.21,,0.000232,10.73,,0.005984,,,,
2016-08-19,574.49,,0.000235,10.77,,0.006012,,,,
2016-08-18,573.99,,0.000233,10.79,,0.006026,,,,
2016-08-17,573.83,,0.000225,11.18,,0.006131,,,,
2016-08-16,581.97,,0.000229,11.22,,0.005963,,,,
2016-08-15,568.09,,0.000224,11.29,,0.005975,,,,
2016-08-14,572.43,,0.000231,11.59,,0.00603,,,,
2016-08-13,586,,0.000229,11.82,,0.006079,,,,
2016-08-12,587.82,,0.000231,11.73,,0.006052,,,,
2016-08-11,589.22,,0.000227,12.25,,0.006019,,,,
2016-08-10,593.24,,0.000229,12.31,,0.006,,,,
2016-08-09,588.13,,0.000232,11.34,,0.006052,,,,
2016-08-08,591.91,,0.000238,11.05,,0.006114,,,,
2016-08-07,593.9,,0.000233,10.99,,0.006119,,,,
2016-08-06,590.98,,0.000247,11.18,,0.006122,,,,
2016-08-05,582.98,,0.000247,11.31,,0.006109,,,,
2016-08-04,585,,0.000258,10.7,,0.00614,,,,
2016-08-03,576,,0.000238,8.46,,0.006045,,,,
2016-08-02,515.38,,0.000245,11.02,,0.005994,,,,
2016-08-01,603.97,,0.000239,11.89,,0.006092,,,,
2016-07-31,623.14,,0.000239,12.6,,0.006123,,,,
2016-07-30,656.32,,0.000235,12.9,,0.006189,,,,
2016-07-29,657.27,,0.000239,12.95,,0.006194,,,,
2016-07-28,656.67,,0.000237,13.14,,0.006163,,,,
2016-07-27,657.04,,0.000237,12.1,,0.006027,,,,
2016-07-26,657.73,,0.000264,14,,0.006178,,,,
2016-07-25,657.39,,0.000231,12.66,,0.006337,,,,
2016-07-24,660.27,,0.000218,14.5,,0.006447,,,,
2016-07-23,658.19,,0.000215,14.99,,0.005816,,,,
2016-07-22,653.69,,0.000214,12.84,,0.005646,,,,
2016-07-21,667.73,,0.000206,12.58,,0.00569,,,,
2016-07-20,667.94,,0.000223,11.69,,0.005906,,,,
2016-07-19,673.89,,0.00023,11.15,,0.005945,,,,
2016-07-18,675.4,,0.000239,11.31,,0.006121,,,,
2016-07-17,679.08,,0.000238,11.91,,0.006111,,,,
2016-07-16,666.45,,0.000238,12,,0.005974,,,,
2016-07-15,668.28,,0.000237,11.68,,0.005969,,,,
2016-07-14,661.41,,0.00024,10.5,,0.005998,,,,
2016-07-13,662.57,,0.000245,10.52,,0.006246,,,,
2016-07-12,674.02,,0.000249,10.68,,0.006286,,,,
2016-07-11,651.7,,0.000251,11.02,,0.006317,,,,
2016-07-10,652.54,,0.000237,11,,0.006303,,,,
2016-07-09,658.78,,0.000237,11.22,,0.006416,,,,
2016-07-08,666.5,,0.000244,10.08,,0.006395,,,,
2016-07-07,640.3,,0.000245,10.59,,0.006405,,,,
2016-07-06,678,,0.000252,10.5,,0.006482,,,,
2016-07-05,668.45,,0.000263,11.43,,0.006538,,,,
2016-07-04,679,,0.000262,11.99,,0.006572,,,,
2016-07-03,669,,0.000264,12.16,,0.006442,,,,
2016-07-02,701.23,,0.000262,12.3,,0.006385,,,,
2016-07-01,680.61,,0.000263,12.49,,0.006411,,,,
2016-06-30,672.45,,0.000265,12.81,,0.00635,,,,
2016-06-29,639.22,,0.000267,12.17,,0.006534,,,,
2016-06-28,647.63,,0.000272,14.07,,0.006674,,,,
2016-06-27,650.31,,0.00027,14.04,,0.006679,,,,
2016-06-26,639.13,,0.000277,14.39,,0.006715,,,,
2016-06-25,677.72,,0.000275,14.52,,0.006598,,,,
2016-06-24,668.6,,0.000284,13.87,,0.006691,,,,
2016-06-23,630.87,,0.000287,13.35,,0.006699,,,,
2016-06-22,594.68,,0.000289,12.8,,0.007028,,,,
2016-06-21,669.99,,0.000282,11.8,,0.006607,,,,
2016-06-20,730.42,,0.000306,12.36,,0.006699,,,,
2016-06-19,767.98,,0.000302,11.55,,0.006787,,,,
2016-06-18,760.08,,0.000304,15.75,,0.006657,,,,
2016-06-17,753,,0.000296,21.09,,0.006777,,,,
2016-06-16,770.21,,0.000301,18.58,,0.006773,,,,
2016-06-15,694.83,,0.000288,18.7,,0.006398,,,,
2016-06-14,684.9,,0.000285,17.9,,0.0064,,,,
2016-06-13,706,,0.000284,15.9,,0.006414,,,,
2016-06-12,674.26,,0.000281,14.1,,0.006434,,,,
2016-06-11,595.82,,0.00028,14.11,,0.006381,,,,
2016-06-10,579.5,,0.000266,14.71,,0.006495,,,,
2016-06-09,578.56,,0.000307,14.61,,0.006172,,,,
2016-06-08,583.23,,0.000323,14.65,,0.006626,,,,
2016-06-07,579.33,,0.000338,14.22,,0.006813,,,,
2016-06-06,585.99,,0.000324,14.04,,0.006604,,,,
2016-06-05,574.86,,0.000321,13.81,,0.006693,,,,
2016-06-04,575.56,,0.000335,13.88,,0.006676,,,,
2016-06-03,570,,0.000313,14.02,,0.006887,,,,
2016-06-02,538.53,,0.00032,13.93,,0.007105,,,,
2016-06-01,536.99,,0.000298,14,,0.005824,,,,
2016-05-31,531.47,,0.00027,12.41,,0.005852,,,,
2016-05-30,533,,0.000253,12.34,,0.005766,,,,
2016-05-29,524.7,,0.00026,11.93,,0.005736,,,,
2016-05-28,528.04,,0.000265,11.25,,0.005788,,,,
2016-05-27,470.94,,0.000246,,,0.00577,,,,
2016-05-26,454.68,,0.00024,,,0.00578,,,,
2016-05-25,451.78,,0.000236,,,0.005769,,,,
2016-05-24,446.5,,0.000237,,,0.005796,,,,
2016-05-23,444.88,,0.000237,,,0.00578,,,,
2016-05-22,442.54,,0.000238,,,0.005827,,,,
2016-05-21,446.14,,0.00023,,,0.005766,,,,
2016-05-20,444.27,,0.000234,,,0.005809,,,,
2016-05-19,442.41,,0.000231,,,0.005706,,,,
2016-05-18,455.19,,0.000238,,,0.005748,,,,
2016-05-17,453.62,,0.000238,,,0.005662,,,,
2016-05-16,456.78,,0.000237,,,0.005682,,,,
2016-05-15,462.26,,0.00023,,,0.005679,,,,
2016-05-14,458.99,,0.000228,,,0.005669,,,,
2016-05-13,457.49,,0.000224,,,0.005756,,,,
2016-05-12,455.83,,0.000224,,,0.005962,,,,
2016-05-11,454.46,,0.000225,,,0.005909,,,,
2016-05-10,452.92,,0.000224,,,0.005936,,,,
2016-05-09,464.24,,0.000226,,,0.00599,,,,
2016-05-08,461.91,,0.000228,,,0.006084,,,,
2016-05-07,462.2,,0.000225,,,0.006032,,,,
2016-05-06,462.87,,0.000228,,,0.006028,,,,
2016-05-05,450.39,,0.000226,,,0.006023,,,,
2016-05-04,449.06,,0.000229,,,0.006022,,,,
2016-05-03,452.68,,0.000231,,,0.006061,,,,
2016-05-02,445.61,,0.000231,,,0.006073,,,,
2016-05-01,456.51,,0.000236,,,0.006109,,,,
2016-04-30,453.48,,0.000235,,,0.006167,,,,
2016-04-29,457.74,,0.000224,,,0.006189,,,,
2016-04-28,451.3,,0.00022,,,0.006272,,,,
2016-04-27,446.85,,0.000224,,,0.006399,,,,
2016-04-26,470.37,,0.000222,,,0.006404,,,,
2016-04-25,467.41,,0.000223,,,0.00649,,,,
2016-04-24,463.85,,0.000225,,,0.006399,,,,
2016-04-23,453.94,,0.000221,,,0.006193,,,,
2016-04-22,448.29,,0.000225,,,0.006323,,,,
2016-04-21,452.65,,0.000228,,,0.00656,,,,
2016-04-20,442.85,,0.000229,,,0.006714,,,,
2016-04-19,436.87,,0.000226,,,0.006791,,,,
2016-04-18,429.57,,0.000226,,,0.006812,,,,
2016-04-17,434.72,,0.000226,,,0.006759,,,,
2016-04-16,434.72,,0.000228,,,0.006686,,,,
2016-04-15,430.92,,0.000224,,,0.006725,,,,
2016-04-14,426.1,,0.00023,,,0.007095,,,,
2016-04-13,425.53,,0.000227,,,0.007283,,,,
2016-04-12,428.27,,0.000227,,,0.007251,,,,
2016-04-11,423.28,,0.000224,,,0.007346,,,,
2016-04-10,423.48,,0.000224,,,0.007284,,,,
2016-04-09,419.49,,0.000226,,,0.007433,,,,
2016-04-08,418.97,,0.000226,,,0.007244,,,,
2016-04-07,421.58,,0.000222,,,0.007118,,,,
2016-04-06,421.57,,0.000225,,,0.006987,,,,
2016-04-05,422.18,,0.000226,,,0.006499,,,,
2016-04-04,419.31,,0.00023,,,0.00651,,,,
2016-04-03,420.07,,0.000233,,,0.006424,,,,
2016-04-02,419.9,,0.00023,,,0.006289,,,,
2016-04-01,417.33,,0.000234,,,0.005695,,,,
2016-03-31,416.44,,0.000229,,,0.005885,,,,
2016-03-30,412.5,,0.000214,,,0.006048,,,,
2016-03-29,416.5,,0.000204,,,0.005937,,,,
2016-03-28,422.42,,0.000208,,,0.006288,,,,
2016-03-27,425.03,,0.000211,,,0.006671,,,,
2016-03-26,416.7,,0.000212,,,0.006875,,,,
2016-03-25,416.57,,0.000216,,,0.007296,,,,
2016-03-24,413.76,,0.000214,,,0.007474,,,,
2016-03-23,417.3,,0.00022,,,0.007491,,,,
2016-03-22,416.42,,0.000221,,,0.007503,,,,
2016-03-21,411.38,,0.000226,,,0.007501,,,,
2016-03-20,413.58,,0.000224,,,0.007418,,,,
2016-03-19,410.55,,0.000233,,,0.007391,,,,
2016-03-18,409.96,,0.000234,,,0.007332,,,,
2016-03-17,418.5,,0.000254,,,0.007566,,,,
2016-03-16,415.93,,0.000215,,,0.007564,,,,
2016-03-15,414.65,,0.000216,,,0.008029,,,,
2016-03-14,414.01,,0.000213,,,0.008066,,,,
2016-03-13,413.15,,0.000214,,,0.008191,,,,
2016-03-12,410.33,,0.000213,,,0.00823,,,,
2016-03-11,418.81,,0.000212,,,0.008332,,,,
2016-03-10,416.24,,0.000217,,,0.00811,,,,
2016-03-09,412.83,,0.000212,,,0.008047,,,,
2016-03-08,411.23,,0.000214,,,0.00796,,,,
2016-03-07,415.43,,0.00022,,,0.008016,,,,
2016-03-06,403.48,,0.000209,,,0.008119,,,,
2016-03-05,396.79,,0.000223,,,0.008287,,,,
2016-03-04,408.93,,0.000231,,,0.008178,,,,
2016-03-03,418.82,,0.000231,,,0.008186,,,,
2016-03-02,423.69,,0.000238,,,0.008479,,,,
2016-03-01,432.4,,0.000245,,,0.008635,,,,
2016-02-29,436.45,,0.000237,,,0.0087,,,,
2016-02-28,433.69,,0.000241,,,0.008803,,,,
2016-02-27,432.51,,0.000241,,,0.00819,,,,
2016-02-26,427.5,,0.00023,,,0.008056,,,,
2016-02-25,423.75,,0.00022,,,0.007949,,,,
2016-02-24,422.79,,0.000233,,,0.007918,,,,
2016-02-23,420.03,,0.000221,,,0.00786,,,,
2016-02-22,436.9,,0.000224,,,0.007878,,,,
2016-02-21,438.15,,0.000238,,,0.008096,,,,
2016-02-20,441.89,,0.000245,,,0.008162,,,,
2016-02-19,419.06,,0.000244,,,0.00803,,,,
2016-02-18,421.32,,0.000249,,,0.008006,,,,
2016-02-17,416.26,,0.00025,,,0.007923,,,,
2016-02-16,406.89,,0.000254,,,0.007889,,,,
2016-02-15,399.11,,0.000255,,,0.007972,,,,
2016-02-14,404.53,,0.000259,,,0.008058,,,,
2016-02-13,388.37,,0.000269,,,0.008027,,,,
2016-02-12,381.97,,0.000278,,,0.008076,,,,
2016-02-11,376.89,,0.00028,,,0.00797,,,,
2016-02-10,378.56,,0.000283,,,0.00805,,,,
2016-02-09,372.9,,0.000285,,,0.0081,,,,
2016-02-08,370.68,,0.000291,,,0.008253,,,,
2016-02-07,377.77,,0.000297,,,0.008245,,,,
2016-02-06,374.92,,0.000278,,,0.007995,,,,
2016-02-05,384.46,,0.000278,,,0.008138,,,,
2016-02-04,390.08,,0.000292,,,0.008451,,,,
2016-02-03,367,,0.000298,,,0.008631,,,,
2016-02-02,372.85,,0.000301,,,0.00859,,,,
2016-02-01,370.62,,0.000295,,,0.008257,,,,
2016-01-31,369.82,,0.000301,,,0.007979,,,,
2016-01-30,379.23,,0.00029,,,0.007815,,,,
2016-01-29,379.39,,0.000298,,,0.007853,,,,
2016-01-28,379.96,,0.000292,,,0.007815,,,,
2016-01-27,394.93,,0.000287,,,0.007991,,,,
2016-01-26,389.21,,0.000285,,,0.008338,,,,
2016-01-25,392.91,,0.000306,,,0.007922,,,,
2016-01-24,403.45,,0.000305,,,0.007262,,,,
2016-01-23,389.52,,0.000287,,,0.00697,,,,
2016-01-22,383.01,,0.000265,,,0.006883,,,,
2016-01-21,408.97,,0.000262,,,0.006768,,,,
2016-01-20,413.88,,0.00027,,,0.006542,,,,
2016-01-19,375.96,,0.000277,,,0.006399,,,,
2016-01-18,383.14,,0.000258,,,0.006634,,,,
2016-01-17,381.01,,0.000316,,,0.00684,,,,
2016-01-16,386.57,,0.000344,,,0.006226,,,,
2016-01-15,373.43,,0.000455,,,0.006506,,,,
2016-01-14,429.69,,0.000356,,,0.005419,,,,
2016-01-13,432.68,,0.000212,,,0.005135,,,,
2016-01-12,446.57,,0.000193,,,0.005219,,,,
2016-01-11,449.33,,0.000172,,,0.00512,,,,
2016-01-10,449.14,,0.000168,,,0.005114,,,,
2016-01-09,451.07,,0.000163,,,0.005313,,,,
2016-01-08,454.06,,0.000168,,,0.005381,,,,
2016-01-07,458.49,,0.000148,,,0.005271,,,,
2016-01-06,432.44,,0.000151,,,0.005326,,,,
2016-01-05,432.67,,0.000152,,,0.005266,,,,
2016-01-04,433.42,,0.000155,,,0.005112,,,,
2016-01-03,432.51,,0.000149,,,0.005229,,,,
2016-01-02,435.74,,0.000175,,,0.005529,,,,
2016-01-01,435.43,,0.000177,,,0.005794,,,,
2015-12-31,430.12,,0.00018,,,0.005854,,,,
2015-12-30,428.2,,0.000171,,,0.005895,,,,
2015-12-29,432.59,,0.000167,,,0.005956,,,,
2015-12-28,421.28,,0.00018,,,0.005982,,,,
2015-12-27,425.01,,0.000158,,,0.005933,,,,
2015-12-26,419.76,,0.000139,,,0.006039,,,,
2015-12-25,456.09,,0.000135,,,0.006003,,,,
2015-12-24,456,,0.000137,,,0.006044,,,,
2015-12-23,443.77,,0.000144,,,0.005958,,,,
2015-12-22,434.88,,0.000146,,,0.006017,,,,
2015-12-21,436.61,,0.000151,,,0.006065,,,,
2015-12-20,442.26,,0.000154,,,0.005955,,,,
2015-12-19,460.9,,0.000151,,,0.00604,,,,
2015-12-18,462.5,,0.000153,,,0.006182,,,,
2015-12-17,455.5,,0.000155,,,0.006264,,,,
2015-12-16,453.63,,0.000139,,,0.00634,,,,
2015-12-15,463.64,,0.000145,,,0.006343,,,,
2015-12-14,441.98,,0.000139,,,0.006174,,,,
2015-12-13,436.29,,0.000147,,,0.006487,,,,
2015-12-12,436.01,,0.000147,,,0.005971,,,,
2015-12-11,451.34,,0.000147,,,0.006021,,,,
2015-12-10,416.18,,0.000142,,,0.006193,,,,
2015-12-09,417.44,,0.000143,,,0.006269,,,,
2015-12-08,409.2,,0.000143,,,0.006235,,,,
2015-12-07,395.28,,0.000153,,,0.006291,,,,
2015-12-06,393.26,,0.000155,,,0.006387,,,,
2015-12-05,387,,0.000155,,,0.006694,,,,
2015-12-04,363.25,,0.00015,,,0.006755,,,,
2015-12-03,361.33,,0.00015,,,0.006684,,,,
2015-12-02,360.23,,0.000145,,,0.007614,,,,
2015-12-01,362.56,,0.000143,,,0.008779,,,,
2015-11-30,378.23,,0.000142,,,0.008536,,,,
2015-11-29,371.04,,0.00015,,,0.008441,,,,
2015-11-28,355.94,,0.000139,,,0.008444,,,,
2015-11-27,359.99,,0.000142,,,0.008523,,,,
2015-11-26,356.88,,0.000136,,,0.006775,,,,
2015-11-25,328.07,,0.000133,,,0.00556,,,,
2015-11-24,319.49,,0.000128,,,0.005344,,,,
2015-11-23,323.01,,0.00013,,,0.005301,,,,
2015-11-22,323.59,,0.000129,,,0.004754,,,,
2015-11-21,325.22,,0.000129,,,0.004262,,,,
2015-11-20,321.85,,0.00013,,,0.004173,,,,
2015-11-19,325.5,,0.000127,,,0.00409,,,,
2015-11-18,336.59,,0.000128,,,0.004201,,,,
2015-11-17,336,,0.00013,,,0.004299,,,,
2015-11-16,332.1,,0.00013,,,0.004238,,,,
2015-11-15,321.13,,0.000133,,,0.004276,,,,
2015-11-14,333.49,,0.000132,,,0.004291,,,,
2015-11-13,335,,0.00013,,,0.004318,,,,
2015-11-12,336.19,,0.000128,,,0.004242,,,,
2015-11-11,307.54,,0.00013,,,0.004288,,,,
2015-11-10,338.46,,0.000128,,,0.004267,,,,
2015-11-09,381,,0.000131,,,0.004245,,,,
2015-11-08,373.91,,0.000131,,,0.004227,,,,
2015-11-07,386.7,,0.00013,,,0.004222,,,,
2015-11-06,371.37,,0.000135,,,0.004258,,,,
2015-11-05,384.2,,0.000133,,,0.00425,,,,
2015-11-04,398.09,,0.000131,,,0.004234,,,,
2015-11-03,399.49,,0.000125,,,0.004165,,,,
2015-11-02,363.97,,0.00013,,,0.004328,,,,
2015-11-01,331.71,,0.00013,,,0.004477,,,,
2015-10-31,314.6,,0.00013,,,0.004541,,,,
2015-10-30,329.97,,0.000125,,,0.004264,,,,
2015-10-29,315.68,,0.000123,,,0.004406,,,,
2015-10-28,303.75,,0.000135,,,0.004609,,,,
2015-10-27,295.88,,0.000136,,,0.004647,,,,
2015-10-26,286.75,,0.000145,,,0.004694,,,,
2015-10-25,288.97,,0.000141,,,0.004562,,,,
2015-10-24,284,,0.000146,,,0.004506,,,,
2015-10-23,278.07,,0.000149,,,0.004947,,,,
2015-10-22,275.92,,0.000156,,,0.005383,,,,
2015-10-21,269.16,,0.000147,,,0.005156,,,,
2015-10-20,271.14,,0.000141,,,0.004901,,,,
2015-10-19,264.81,,0.000137,,,0.004687,,,,
2015-10-18,264.53,,0.000151,,,0.004839,,,,
2015-10-17,271.35,,0.000141,,,0.004634,,,,
2015-10-16,263,,0.000126,,,0.004675,,,,
2015-10-15,254.64,,0.000118,,,0.004649,,,,
2015-10-14,253.22,,0.000116,,,0.004675,,,,
2015-10-13,250.37,,0.000116,,,0.004556,,,,
2015-10-12,246.29,,0.000114,,,0.004662,,,,
2015-10-11,248.9,,0.000115,,,0.004677,,,,
2015-10-10,246.06,,0.000118,,,0.004723,,,,
2015-10-09,244.46,,0.000117,,,0.004697,,,,
2015-10-08,243.38,,0.000118,,,0.004731,,,,
2015-10-07,243.64,,0.000119,,,0.005043,,,,
2015-10-06,246.83,,0.000119,,,0.004979,,,,
2015-10-05,240.7,,0.000121,,,0.005203,,,,
2015-10-04,239.76,,0.000121,,,0.005398,,,,
2015-10-03,239.93,,0.00012,,,0.005399,,,,
2015-10-02,237.99,,0.00012,,,0.005418,,,,
2015-10-01,238.54,,0.000121,,,0.005377,,,,
2015-09-30,237.13,,0.000119,,,0.00526,,,,
2015-09-29,237.78,,0.00012,,,0.005182,,,,
2015-09-28,240.42,,0.000119,,,0.005037,,,,
2015-09-27,233.54,,0.000119,,,0.004983,,,,
2015-09-26,234.99,,0.000119,,,0.005031,,,,
2015-09-25,235.76,,0.000121,,,0.005375,,,,
2015-09-24,235.6,,0.000121,,,0.005328,,,,
2015-09-23,230.1,,0.000117,,,0.005008,,,,
2015-09-22,230.61,,0.000118,,,0.005236,,,,
2015-09-21,227,,0.000121,,,0.005517,,,,
2015-09-20,232.48,,0.000123,,,0.005868,,,,
2015-09-19,232.26,,0.000122,,,0.005448,,,,
2015-09-18,233.19,,0.000123,,,0.00552,,,,
2015-09-17,233.17,,0.000121,,,0.005579,,,,
2015-09-16,229.2,,0.000124,,,0.006293,,,,
2015-09-15,230.36,,0.000122,,,0.006536,,,,
2015-09-14,231.01,,0.000123,,,0.006501,,,,
2015-09-13,230.61,,0.000122,,,0.00665,,,,
2015-09-12,236.92,,0.000124,,,0.00671,,,,
2015-09-11,241.04,,0.000124,,,0.006668,,,,
2015-09-10,238.33,,0.000126,,,0.007168,,,,
2015-09-09,238.72,,0.00013,,,0.007247,,,,
2015-09-08,244.15,,0.000126,,,0.007637,,,,
2015-09-07,240.31,,0.000126,,,0.007482,,,,
2015-09-06,240.93,,0.000127,,,0.007529,,,,
2015-09-05,230.92,,0.000125,,,0.007372,,,,
2015-09-04,231.61,,0.000124,,,0.007426,,,,
2015-09-03,226.83,,0.000126,,,0.00772,,,,
2015-09-02,229.39,,0.000125,,,0.007404,,,,
2015-09-01,227.6,,0.000126,,,0.008532,,,,
2015-08-31,231.12,,0.000127,,,0.008197,,,,
2015-08-30,229.24,,0.000131,,,0.008444,,,,
2015-08-29,229.55,,0.000129,,,0.007663,,,,
2015-08-28,233.4,,0.00013,,,0.007678,,,,
2015-08-27,224.34,,0.000131,,,0.007831,,,,
2015-08-26,226.35,,0.00013,,,0.007918,,,,
2015-08-25,223.58,,0.000132,,,0.007891,,,,
2015-08-24,213.38,,0.00013,,,0.00786,,,,
2015-08-23,228.3,,0.000125,,,0.007355,,,,
2015-08-22,230.62,,0.000122,,,0.007431,,,,
2015-08-21,233.71,,0.000126,,,0.0077,,,,
2015-08-20,235.49,,0.000127,,,0.007815,,,,
2015-08-19,227.84,,0.000129,,,0.007884,,,,
2015-08-18,247.43,,0.000129,,,0.00805,,,,
2015-08-17,258.49,,0.000131,,,0.007751,,,,
2015-08-16,259.19,,0.000132,,,0.007433,,,,
2015-08-15,262.21,,0.000129,,,0.007551,,,,
2015-08-14,266.52,,0.000133,,,0.007492,,,,
2015-08-13,264.92,,0.000129,,,0.007126,,,,
2015-08-12,269.43,,0.000128,,,0.007397,,,,
2015-08-11,271.2,,0.000138,,,0.007552,,,,
2015-08-10,265.18,,0.000137,,,0.007722,,,,
2015-08-09,267.91,,0.000145,,,0.007881,,,,
2015-08-08,261.08,,0.000139,,,0.007872,,,,
2015-08-07,279.54,,0.000131,,,0.007758,,,,
2015-08-06,279.91,,0.000134,,,0.007552,,,,
2015-08-05,282.24,,0.00015,,,0.008301,,,,
2015-08-04,285.31,,0.000148,,,0.008315,,,,
2015-08-03,281.63,,0.000155,,,0.00842,,,,
2015-08-02,282.55,,0.000158,,,0.008337,,,,
2015-08-01,282.06,,0.000156,,,0.008147,,,,
2015-07-31,284.68,,0.00016,,,0.008271,,,,
2015-07-30,288.25,,0.000164,,,0.008591,,,,
2015-07-29,289.53,,0.00016,,,0.00875,,,,
2015-07-28,295.73,,0.000162,,,0.008808,,,,
2015-07-27,294.44,,0.000158,,,0.008476,,,,
2015-07-26,293.25,,0.000168,,,0.008152,,,,
2015-07-25,289.64,,0.000168,,,0.008024,,,,
2015-07-24,289.48,,0.000173,,,0.008224,,,,
2015-07-23,276.91,,0.000176,,,0.008271,,,,
2015-07-22,277.5,,0.000173,,,0.008281,,,,
2015-07-21,277.13,,0.000172,,,0.00823,,,,
2015-07-20,278.7,,0.000175,,,0.008222,,,,
2015-07-19,275.59,,0.000184,,,0.008437,,,,
2015-07-18,277.56,,0.000183,,,0.008491,,,,
2015-07-17,279.95,,0.000184,,,0.008519,,,,
2015-07-16,278.71,,0.000188,,,0.008449,,,,
2015-07-15,285.22,,0.000189,,,0.008562,,,,
2015-07-14,288.2,,0.000187,,,0.008115,,,,
2015-07-13,292.35,,0.000188,,,0.007888,,,,
2015-07-12,311.96,,0.000188,,,0.007656,,,,
2015-07-11,294.77,,0.000178,,,0.007487,,,,
2015-07-10,286.85,,0.000184,,,0.007579,,,,
2015-07-09,270.21,,0.00017,,,0.007711,,,,
2015-07-08,270.64,,0.000174,,,0.007948,,,,
2015-07-07,267.19,,0.000169,,,0.008091,,,,
2015-07-06,270.41,,0.000177,,,0.00806,,,,
2015-07-05,271.15,,0.00018,,,0.008026,,,,
2015-07-04,260.72,,0.000171,,,0.008062,,,,
2015-07-03,256.36,,0.000186,,,0.008516,,,,
2015-07-02,255.22,,0.000194,,,0.008631,,,,
2015-07-01,257.97,,0.0002,,,0.008569,,,,
2015-06-30,264.94,,0.000211,,,0.008614,,,,
2015-06-29,257.57,,0.000201,,,0.008615,,,,
2015-06-28,249.79,,0.000203,,,0.008847,,,,
2015-06-27,251.67,,0.000195,,,0.008987,,,,
2015-06-26,243,,0.000189,,,0.009449,,,,
2015-06-25,242.14,,0.000189,,,0.00958,,,,
2015-06-24,240.89,,0.000192,,,0.009873,,,,
2015-06-23,244.07,,0.000194,,,0.010022,,,,
2015-06-22,247.75,,0.000191,,,0.010782,,,,
2015-06-21,244.64,,0.000191,,,0.011099,,,,
2015-06-20,246.67,,0.000191,,,0.011037,,,,
2015-06-19,245.56,,0.000193,,,0.011198,,,,
2015-06-18,248.93,,0.000199,,,0.01132,,,,
2015-06-17,248.37,,0.000214,,,0.011977,,,,
2015-06-16,251.93,,0.000204,,,0.011467,,,,
2015-06-15,237.47,,0.00021,,,0.011445,,,,
2015-06-14,233.6,,0.000201,,,0.011288,,,,
2015-06-13,233.18,,0.000186,,,0.011048,,,,
2015-06-12,230.26,,0.000178,,,0.010914,,,,
2015-06-11,229.62,,0.000187,,,0.010667,,,,
2015-06-10,228.67,,0.000219,,,0.010567,,,,
2015-06-09,229.74,,0.000209,,,0.010314,,,,
2015-06-08,229.02,,0.00021,,,0.011039,,,,
2015-06-07,223.96,,0.000209,,,0.011207,,,,
2015-06-06,225.02,,0.00021,,,0.010252,,,,
2015-06-05,225.33,,0.000197,,,0.009678,,,,
2015-06-04,224.31,,0.000198,,,0.009424,,,,
2015-06-03,225.57,,0.00017,,,0.008579,,,,
2015-06-02,225.25,,0.000167,,,0.008147,,,,
2015-06-01,223.6,,0.000165,,,0.008093,,,,
2015-05-31,229.88,,0.000161,,,0.008057,,,,
2015-05-30,232.93,,0.00016,,,0.008042,,,,
2015-05-29,236.94,,0.000157,,,0.007999,,,,
2015-05-28,236.8,,0.000162,,,0.007995,,,,
2015-05-27,237.74,,0.000163,,,0.008,,,,
2015-05-26,237.61,,0.000152,,,0.007874,,,,
2015-05-25,237.47,,0.000158,,,0.007905,,,,
2015-05-24,240.91,,0.000153,,,0.007956,,,,
2015-05-23,239.07,,0.000152,,,0.007879,,,,
2015-05-22,240.34,,0.000151,,,0.008012,,,,
2015-05-21,235.72,,0.00016,,,0.007981,,,,
2015-05-20,234.25,,0.000141,,,0.007579,,,,
2015-05-19,232.4,,0.000154,,,0.00829,,,,
2015-05-18,233.28,,0.000162,,,0.008409,,,,
2015-05-17,237.22,,0.000178,,,0.009056,,,,
2015-05-16,236.73,,0.000192,,,0.007857,,,,
2015-05-15,237.84,,0.000184,,,0.006937,,,,
2015-05-14,237.19,,0.000161,,,0.006794,,,,
2015-05-13,237.56,,0.000142,,,0.006925,,,,
2015-05-12,242.81,,0.000143,,,0.006809,,,,
2015-05-11,242.81,,0.000136,,,0.0068,,,,
2015-05-10,241.25,,0.000139,,,0.006649,,,,
2015-05-09,242.57,,0.000134,,,0.006573,,,,
2015-05-08,244.65,,0.000134,,,0.006636,,,,
2015-05-07,237.91,,0.00012,,,0.006539,,,,
2015-05-06,230.89,,0.000116,,,0.005748,,,,
2015-05-05,236.18,,0.000115,,,0.006329,,,,
2015-05-04,239.8,,0.000117,,,0.006588,,,,
2015-05-03,240.63,,0.00012,,,0.006655,,,,
2015-05-02,236.26,,0.000114,,,0.006602,,,,
2015-05-01,234.01,,0.000108,,,0.006857,,,,
2015-04-30,236.59,,0.000111,,,0.007213,,,,
2015-04-29,225.91,,0.000093,,,0.00736,,,,
2015-04-28,225.48,,0.00009,,,0.007382,,,,
2015-04-27,227.2,,0.000092,,,0.007574,,,,
2015-04-26,220.5,,0.000092,,,0.007491,,,,
2015-04-25,227.06,,0.000089,,,0.007529,,,,
2015-04-24,232.38,,0.000087,,,0.007782,,,,
2015-04-23,235.49,,0.000089,,,0.00791,,,,
2015-04-22,234,,0.000089,,,0.008017,,,,
2015-04-21,234.91,,0.00009,,,0.008055,,,,
2015-04-20,225.04,,0.000097,,,0.008037,,,,
2015-04-19,224.05,,0.000098,,,0.008018,,,,
2015-04-18,223.99,,0.000103,,,0.008029,,,,
2015-04-17,223.5,,0.000098,,,0.007863,,,,
2015-04-16,229.09,,0.000099,,,0.00763,,,,
2015-04-15,223.88,,0.000104,,,0.007765,,,,
2015-04-14,220.53,,0.0001,,,0.00774,,,,
2015-04-13,238.03,,0.000103,,,0.008291,,,,
2015-04-12,238.03,,0.000105,,,0.008077,,,,
2015-04-11,238.13,,0.00011,,,0.008019,,,,
2015-04-10,235.86,,0.000111,,,0.008025,,,,
2015-04-09,243.65,,0.000111,,,0.007968,,,,
2015-04-08,246.65,,0.000106,,,0.007932,,,,
2015-04-07,255.67,,0.000106,,,0.007846,,,,
2015-04-06,257.57,,0.000107,,,0.0079,,,,
2015-04-05,261.46,,0.000107,,,0.008025,,,,
2015-04-04,254.87,,0.000108,,,0.00801,,,,
2015-04-03,255.68,,0.000105,,,0.007949,,,,
2015-04-02,254.48,,0.000103,,,0.008159,,,,
2015-04-01,247.25,,0.000106,,,0.008194,,,,
2015-03-31,245.26,,0.000114,,,0.00861,,,,
2015-03-30,248.59,,0.000114,,,0.0083,,,,
2015-03-29,243.58,,0.000113,,,0.008512,,,,
2015-03-28,253.47,,0.000117,,,0.00878,,,,
2015-03-27,248.68,,0.000117,,,0.009198,,,,
2015-03-26,250.16,,0.000122,,,0.009071,,,,
2015-03-25,247,,0.000124,,,0.008786,,,,
2015-03-24,248.81,,0.000127,,,0.008739,,,,
2015-03-23,265.61,,0.000128,,,0.008844,,,,
2015-03-22,270,,0.000129,,,0.00872,,,,
2015-03-21,261.83,,0.000129,,,0.007906,,,,
2015-03-20,263.71,,0.000128,,,0.007668,,,,
2015-03-19,263.28,,0.000126,,,0.007772,,,,
2015-03-18,258.51,,0.000128,,,0.008453,,,,
2015-03-17,286.87,,0.000127,,,0.008498,,,,
2015-03-16,292.03,,0.000131,,,0.008851,,,,
2015-03-15,287.46,,0.000129,,,0.008895,,,,
2015-03-14,284.29,,0.000132,,,0.008764,,,,
2015-03-13,287,,0.000131,,,0.009115,,,,
2015-03-12,296.11,,0.000129,,,0.009757,,,,
2015-03-11,296.63,,0.000137,,,0.010309,,,,
2015-03-10,292.56,,0.000132,,,0.010196,,,,
2015-03-09,290.23,,0.000131,,,0.010182,,,,
2015-03-08,274.82,,0.000133,,,0.010446,,,,
2015-03-07,276.33,,0.000133,,,0.01048,,,,
2015-03-06,273.91,,0.000133,,,0.010575,,,,
2015-03-05,277.12,,0.000144,,,0.010929,,,,
2015-03-04,273.56,,0.000145,,,0.010968,,,,
2015-03-03,282.42,,0.000143,,,0.010817,,,,
2015-03-02,274.93,,0.000144,,,0.011088,,,,
2015-03-01,258.78,,0.000141,,,0.010511,,,,
2015-02-28,255.51,,0.000143,,,0.010359,,,,
2015-02-27,255.96,,0.000145,,,0.010229,,,,
2015-02-26,237.1,,0.000139,,,0.010086,,,,
2015-02-25,238.45,,0.000144,,,0.010643,,,,
2015-02-24,240.13,,0.00014,,,0.009961,,,,
2015-02-23,239.69,,0.000141,,,0.010535,,,,
2015-02-22,236.72,,0.000142,,,0.010856,,,,
2015-02-21,245.86,,0.000141,,,0.011544,,,,
2015-02-20,245.89,,0.000143,,,0.010032,,,,
2015-02-19,242.42,,0.000144,,,0.010593,,,,
2015-02-18,235.91,,0.000149,,,0.012192,,,,
2015-02-17,244,,0.000146,,,0.012239,,,,
2015-02-16,236.82,,0.000145,,,0.012998,,,,
2015-02-15,234,,0.000146,,,0.01336,,,,
2015-02-14,257.48,,0.000143,,,0.013299,,,,
2015-02-13,236.65,,0.000142,,,0.013401,,,,
2015-02-12,222.45,,0.00014,,,0.013396,,,,
2015-02-11,220.02,,0.000142,,,0.013334,,,,
2015-02-10,220.84,,0.000141,,,0.01313,,,,
2015-02-09,222.19,,0.000145,,,0.013286,,,,
2015-02-08,224.16,,0.000144,,,0.013481,,,,
2015-02-07,228.7,,0.000146,,,0.013758,,,,
2015-02-06,222.82,,0.000143,,,0.013791,,,,
2015-02-05,216,,0.000146,,,0.014031,,,,
2015-02-04,226.5,,0.000144,,,0.01375,,,,
2015-02-03,228.31,,0.000141,,,0.013712,,,,
2015-02-02,237.79,,0.000151,,,0.014956,,,,
2015-02-01,227,,0.000143,,,0.014566,,,,
2015-01-31,219,,0.000142,,,0.014039,,,,
2015-01-30,232.55,,0.000138,,,0.013776,,,,
2015-01-29,234.52,,0.000141,,,0.013649,,,,
2015-01-28,236.14,,0.00014,,,0.013994,,,,
2015-01-27,262.69,,0.000141,,,0.014426,,,,
2015-01-26,270,,0.000145,,,0.014577,,,,
2015-01-25,254.53,,0.000144,,,0.015185,,,,
2015-01-24,240,,0.000142,,,0.014466,,,,
2015-01-23,235,,0.000147,,,0.013498,,,,
2015-01-22,226.32,,0.000147,,,0.013025,,,,
2015-01-21,225.51,,0.000151,,,0.01367,,,,
2015-01-20,208,,0.000144,,,0.014139,,,,
2015-01-19,225.51,,0.000139,,,0.014298,,,,
2015-01-18,184,,0.000142,,,0.014443,,,,
2015-01-17,184,,0.000147,,,0.014706,,,,
2015-01-16,199.46,,0.000144,,,0.01497,,,,
2015-01-15,211.91,,0.000158,,,0.015841,,,,
2015-01-14,120,,0.000163,,,0.016019,,,,
2015-01-13,260,,0.000166,,,0.016578,,,,
2015-01-12,288.99,,0.000166,,,0.016736,,,,
2015-01-11,288.99,,0.000156,,,0.016734,,,,
2015-01-10,288.99,,0.000155,,,0.01701,,,,
2015-01-09,288.99,,0.000153,,,0.016653,,,,
2015-01-08,288.99,,0.000141,,,0.016112,,,,
2015-01-07,340,,0.00014,,,0.015991,,,,
2015-01-06,340,,0.00014,,,0.015622,,,,
2015-01-05,340,,0.000135,,,0.015361,,,,
2015-01-04,340,,0.000142,,,0.016403,,,,
2015-01-03,340,,0.00014,,,0.016444,,,,
2015-01-02,340,,0.000115,,,0.014233,,,,
2015-01-01,340,,0.000136,,,0.015648,,,,
2014-12-31,340,,0.000156,,,0.018434,,,,
2014-12-30,340,,0.00016,,,0.018765,,,,
2014-12-29,340,,0.000162,,,0.019233,,,,
2014-12-28,340,,0.000171,,,0.020576,,,,
2014-12-27,340,,0.000168,,,0.020676,,,,
2014-12-26,340,,0.000173,,,0.020843,,,,
2014-12-25,340,,0.000168,,,0.020732,,,,
2014-12-24,340,,0.000161,,,0.020316,,,,
2014-12-23,340,,0.000158,,,0.018928,,,,
2014-12-22,340,,0.000167,,,0.022106,,,,
2014-12-21,340,,0.000186,,,0.024318,,,,
2014-12-20,340,,0.000183,,,0.02439,,,,
2014-12-19,340,,0.000187,,,0.024438,,,,
2014-12-18,340,,0.000179,,,0.0242,,,,
2014-12-17,350,,0.000182,,,0.024231,,,,
2014-12-16,350,,0.000184,,,0.023764,,,,
2014-12-15,350,,0.000184,,,0.024074,,,,
2014-12-14,350,,0.00019,,,0.025308,,,,
2014-12-13,350,,0.000185,,,0.024138,,,,
2014-12-12,350,,0.00019,,,0.023382,,,,
2014-12-11,360.5,,0.000195,,,0.023878,,,,
2014-12-10,360.5,,0.000195,,,0.025562,,,,
2014-12-09,375,,0.000193,,,0.024921,,,,
2014-12-08,375,,0.000206,,,0.024207,,,,
2014-12-07,378,,0.000194,,,0.023338,,,,
2014-12-06,378,,0.000177,,,0.02794,,,,
2014-12-05,377.1,,0.000179,,,0.026065,,,,
2014-12-04,377.1,,0.000173,,,0.021539,,,,
2014-12-03,378,,0.000188,,,0.018242,,,,
2014-12-02,378,,0.000196,,,0.017127,,,,
2014-12-01,370,,0.000202,,,0.016992,,,,
,,,0.000206,,,0.016374,,,,
,,,0.000206,,,0.016374,,,,
,,,0.000209,,,0.015907,,,,
,,,0.00021,,,0.015068,,,,
,,,0.000221,,,0.013421,,,,
,,,0.000229,,,0.014794,,,,
,,,0.00023,,,0.014406,,,,
,,,0.000233,,,0.013785,,,,
,,,0.00023,,,0.013343,,,,
,,,0.000237,,,0.01313,,,,
,,,0.00024,,,0.013158,,,,
,,,0.000242,,,0.012559,,,,