5/21/2015 16:00:00,31.25,211058,35.03,35.03,30
5/22/2015 16:00:00,34.94,224174,32.32,38,32
5/25/2015 16:00:00,37.26,105460,35,37.47,35
5/26/2015 16:00:00,36.92,75935,37.26,37.69,36.3
5/27/2015 16:00:00,34.5,135778,38,38.16,33.63
5/28/2015 16:00:00,34,28756,34.6,34.6,33.14
5/29/2015 16:00:00,33.52,15319,33.71,34.11,33.35
6/1/2015 16:00:00,33.85,8839,33.73,34.27,33.52
6/2/2015 16:00:00,33.13,7318,34.72,34.72,33.13
6/3/2015 16:00:00,34.19,29821,33.98,34.26,33
6/4/2015 16:00:00,33.45,32221,34.99,34.99,31.88
6/5/2015 16:00:00,33.98,4341,33.97,33.98,33.1
6/8/2015 16:00:00,33.64,4818,33.98,34.11,33.5
6/9/2015 16:00:00,34.99,12200,33.29,34.99,33.01
6/10/2015 16:00:00,34.5,11558,34.83,34.99,34.37
6/11/2015 16:00:00,37.65,23911,35.5,37.65,35.5
6/12/2015 16:00:00,41.45,61824,38.92,41.5,38.67
6/15/2015 16:00:00,43.5,87251,42,46.99,41.36
6/16/2015 16:00:00,46.95,62258,44.89,47.2,44.69
6/17/2015 16:00:00,47.19,106688,48.8,51.92,47.01
6/18/2015 16:00:00,43.5,83245,47.2,47.2,42
6/19/2015 16:00:00,43.2,56508,44.44,44.73,40
6/23/2015 16:00:00,43.41,27499,47.13,47.2,43.41
6/24/2015 16:00:00,44.6,22812,44.49,46.22,42.5
6/25/2015 16:00:00,43.3,14354,44.99,45.15,42.9
6/26/2015 16:00:00,41.2,25017,43.45,43.45,40.6
6/29/2015 16:00:00,38.77,25632,40.34,41.45,38.66
6/30/2015 16:00:00,42.38,22790,38.99,42.74,38.99
7/2/2015 16:00:00,39.25,28036,39.68,40.06,38.6
7/3/2015 16:00:00,39.8,6818,39,40.07,39
7/6/2015 16:00:00,38.46,9288,38.45,39.95,38.45
7/7/2015 16:00:00,39.01,23303,38.46,39.01,36.41
7/8/2015 16:00:00,37.05,24171,39,39,37.05
7/9/2015 16:00:00,37.25,8520,37.65,38.5,36.7
7/10/2015 16:00:00,37.48,13072,38.42,38.5,37.15
7/13/2015 16:00:00,38.75,14189,38,39.55,38
7/14/2015 16:00:00,39.45,17185,39.62,39.79,39.05
7/15/2015 16:00:00,37.9,16406,39.99,39.99,37.5
7/16/2015 16:00:00,38,5086,38.01,38.47,37.5
7/17/2015 16:00:00,41.9,39740,38.5,41.9,38
7/20/2015 16:00:00,43.64,31165,41.89,44,41.5
7/21/2015 16:00:00,43,24482,44.16,44.89,41.73
7/22/2015 16:00:00,42.06,13990,41.89,43.49,41
7/23/2015 16:00:00,42.83,12409,43.29,44.75,42.75
7/24/2015 16:00:00,43.56,20155,43.84,45.37,43.56
7/27/2015 16:00:00,42.86,10115,42.99,43.91,41.82
7/28/2015 16:00:00,44.25,11159,42.86,44.58,42.54
7/29/2015 16:00:00,44.52,13871,43.95,44.8,43.2
7/30/2015 16:00:00,49.5,84781,50,52,47.97
7/31/2015 16:00:00,48.88,25170,48.02,49.72,47.74
8/4/2015 16:00:00,50.4,44667,50.68,53.5,50.4
8/5/2015 16:00:00,50.38,22264,50.56,52.5,50.16
8/6/2015 16:00:00,47.32,42935,49.98,50.75,46.26
8/7/2015 16:00:00,46.51,17100,47.53,47.53,45.01
8/10/2015 16:00:00,43.06,19771,47.2,47.25,42.87
8/11/2015 16:00:00,46.05,19572,42.92,46.71,42.92
8/12/2015 16:00:00,45.26,11561,45.6,45.6,43.83
8/13/2015 16:00:00,46.45,16411,45.74,47.69,45
8/14/2015 16:00:00,45.48,12984,47.18,47.18,44.8
8/17/2015 16:00:00,45.36,7093,45.51,45.55,43.86
8/18/2015 16:00:00,42.52,14265,44.32,44.55,42.52
8/19/2015 16:00:00,40.91,28331,42.25,42.25,40.27
8/20/2015 16:00:00,38.58,27844,40.91,40.91,38.26
8/21/2015 16:00:00,36.68,29216,37.75,39.3,36
8/24/2015 16:00:00,35,100879,31.05,37.42,30.5
8/25/2015 16:00:00,36.03,43675,37.55,39.5,35.89
8/26/2015 16:00:00,37.65,29366,37.91,37.99,35.1
8/27/2015 16:00:00,37.57,22117,37.8,39.15,37.28
8/28/2015 16:00:00,36.99,15852,37.35,38.25,36.71
8/31/2015 16:00:00,36.71,14690,37,37.89,36
9/1/2015 16:00:00,34.98,30747,36.24,36.24,34.9
9/2/2015 16:00:00,35.3,9816,35.5,36.06,34.75
9/3/2015 16:00:00,36.09,8592,35.3,36.82,35.3
9/4/2015 16:00:00,35.5,5949,36.4,36.4,35
9/8/2015 16:00:00,35.51,6546,36.3,36.49,35.46
9/9/2015 16:00:00,34.38,26159,36,37.69,34.37
9/10/2015 16:00:00,34,7537,34.43,35,34
9/11/2015 16:00:00,34.9,6368,34.88,35,34.05
9/14/2015 16:00:00,36,8395,34.6,36,34.5
9/15/2015 16:00:00,37.22,10717,36.49,37.5,36
9/16/2015 16:00:00,38.09,5063,37.84,38.7,37.46
9/17/2015 16:00:00,47.25,165217,39.49,49.85,39.28
9/18/2015 16:00:00,46.94,99752,47.5,48.75,45.04
9/21/2015 16:00:00,46.05,61488,46.1,48.82,45.8
9/22/2015 16:00:00,44.48,52751,45.48,45.78,43.63
9/23/2015 16:00:00,44.73,32860,45.14,46,43.83
9/24/2015 16:00:00,44.46,60111,44.62,45.5,42.88
9/25/2015 16:00:00,45.21,62726,45.08,47.45,44.23
9/28/2015 16:00:00,44.25,62555,45.09,45.21,43.48
9/29/2015 16:00:00,45.25,31299,43.04,45.41,43.04
9/30/2015 16:00:00,46.66,18188,46.03,47.65,45.33
10/1/2015 16:00:00,46.38,31883,47.46,47.46,44.8
10/2/2015 16:00:00,47.28,30552,46.88,47.5,45.27
10/5/2015 16:00:00,48,91897,47.47,51.29,47.43
10/6/2015 16:00:00,47.11,75327,49,49,45.6
10/7/2015 16:00:00,48.5,46657,46.97,48.71,46.84
10/8/2015 16:00:00,49.72,66284,49.58,50.85,47.89
10/9/2015 16:00:00,47.95,22750,49.94,49.95,47.73
10/13/2015 16:00:00,43.22,91128,46.08,46.5,43.03
10/14/2015 16:00:00,43.44,61174,44.22,44.83,41.91
10/15/2015 16:00:00,43.85,19254,43.5,44.32,43
10/16/2015 16:00:00,44.46,25146,44.25,44.5,43.27
10/19/2015 16:00:00,43.39,33710,45.36,45.36,43.24
10/20/2015 16:00:00,40.9,59381,43.6,43.6,40.51
10/21/2015 16:00:00,42,46517,41.05,42.62,40.86
10/22/2015 16:00:00,41.91,22928,42.17,42.53,41.63
10/23/2015 16:00:00,41.73,36389,42.96,42.96,41
10/26/2015 16:00:00,41.02,29543,41.7,41.7,40.5
10/27/2015 16:00:00,40.87,40709,40.51,41.14,39.49
10/28/2015 16:00:00,41.15,22183,41,41.15,40.12
10/29/2015 16:00:00,41.61,25921,41.13,41.91,39.7
10/30/2015 16:00:00,42.06,31362,41.32,42.36,41
11/2/2015 16:00:00,40.52,51399,42.36,43.99,40.52
11/3/2015 16:00:00,41.3,66522,41.19,41.5,39.16
11/4/2015 16:00:00,41.5,114496,43.99,44.24,38.94
11/5/2015 16:00:00,41.72,65365,42.72,44.06,41.42
11/6/2015 16:00:00,41.9,58798,42.75,43,41.9
11/9/2015 16:00:00,40.1,64950,42.1,42.1,39.55
11/10/2015 16:00:00,38.16,69725,40.96,40.96,37.36
11/11/2015 16:00:00,37.37,21108,38.2,38.2,36.8
11/12/2015 16:00:00,38.39,24270,37.02,39.54,36.84
11/13/2015 16:00:00,37.92,54226,39.21,39.78,37.5
11/16/2015 16:00:00,36.56,81639,38.31,38.31,35.37
11/17/2015 16:00:00,35.24,109724,35.05,36,34
11/18/2015 16:00:00,37.34,81045,35.78,37.34,35.47
11/19/2015 16:00:00,39.18,64773,37.33,39.44,36.98
11/20/2015 16:00:00,37.62,55751,39.49,39.49,37
11/23/2015 16:00:00,38.74,30116,37.75,38.78,37.29
11/24/2015 16:00:00,35.98,103452,38.2,38.2,35.73
11/25/2015 16:00:00,35.24,36571,36.09,36.58,35
11/26/2015 16:00:00,36.36,22262,35.97,36.75,35.5
11/27/2015 16:00:00,36.2,26591,36.16,36.2,35.32
11/30/2015 16:00:00,35.24,118550,36.02,36.02,35.05
12/1/2015 16:00:00,35.21,59222,35.22,35.7,34.98
12/2/2015 16:00:00,35.29,31500,35.25,35.43,34.51
12/3/2015 16:00:00,35.75,16725,35.86,35.86,35.07
12/4/2015 16:00:00,36.32,28749,36.03,36.45,35.9
12/7/2015 16:00:00,36.3,19418,36.11,36.56,35.95
12/8/2015 16:00:00,35.99,14721,36.01,36.39,35.5
12/9/2015 16:00:00,33.66,73347,35.59,35.59,33.25
12/10/2015 16:00:00,34.07,18281,33.31,34.33,33.31
12/11/2015 16:00:00,34.08,14138,33.9,34.22,33.62
12/14/2015 16:00:00,33.55,17343,34,34.14,33.3
12/15/2015 16:00:00,34.94,39172,33.31,35.02,33.3
12/16/2015 16:00:00,36.16,25733,35.5,36.34,35.01
12/17/2015 16:00:00,37,71876,36.71,37.44,36.4
12/18/2015 16:00:00,35.35,45371,37.19,37.19,35.35
12/21/2015 16:00:00,34.14,39899,35.7,36.06,33.64
12/22/2015 16:00:00,34.43,21874,34.12,34.55,33.88
12/23/2015 16:00:00,34.5,11095,34.06,35.1,34.06
12/24/2015 16:00:00,34.99,4513,34.61,35.25,34.59
12/29/2015 16:00:00,34.8,36054,34.79,35.6,34.67
12/30/2015 16:00:00,36.09,33269,35.11,37,35.11
12/31/2015 16:00:00,35.6,18272,36.21,36.25,34.94
1/4/2016 16:00:00,35.92,36602,35.48,36,34.15
1/5/2016 16:00:00,35.45,50031,36.16,36.82,35.24
1/6/2016 16:00:00,35.61,18691,35.13,35.66,34
1/7/2016 16:00:00,34.76,28230,35.57,35.75,34.75
1/8/2016 16:00:00,35.15,18152,34.89,35.7,34.89
1/11/2016 16:00:00,33.89,38676,35.37,35.37,33.5
1/12/2016 16:00:00,33.8,48238,34.45,35.08,33.5
1/13/2016 16:00:00,30.68,46089,33.96,33.96,30.63
1/14/2016 16:00:00,29.59,39248,30.28,30.52,28.56
1/15/2016 16:00:00,28.9,60149,29.44,29.44,26.84
1/18/2016 16:00:00,28.59,10867,28.18,28.93,28.15
1/19/2016 16:00:00,29.56,55058,30.74,31.29,29.5
1/20/2016 16:00:00,29.73,51563,29.49,30.31,27.2
1/21/2016 16:00:00,32.6,76461,29.44,33.3,29.44
1/22/2016 16:00:00,32.7,35390,33.45,33.48,32.05
1/25/2016 16:00:00,33.1,39098,33.29,33.71,32.3
1/26/2016 16:00:00,32.51,22107,33.28,33.28,31.75
1/27/2016 16:00:00,31.03,46751,32.12,32.7,31.03
1/28/2016 16:00:00,31.61,28463,31.19,32,30.92
1/29/2016 16:00:00,32.5,84613,31.34,32.68,31.29
2/1/2016 16:00:00,32.72,10012,33.06,33.06,32.1
2/2/2016 16:00:00,31.76,39866,32.69,33.01,31.2
2/3/2016 16:00:00,31.67,83953,31.77,31.77,30.36
2/4/2016 16:00:00,32.23,54418,32.16,32.52,31.44
2/5/2016 16:00:00,30.41,54861,32.37,32.37,29.65
2/8/2016 16:00:00,28.44,53779,29.21,29.88,27.81
2/9/2016 16:00:00,27.53,22911,28.03,29,27.34
2/10/2016 16:00:00,27.75,24443,28.41,28.5,27.67
2/11/2016 16:00:00,26.95,20116,27.3,27.89,26.35
2/12/2016 16:00:00,26.81,32831,27.03,27.38,25.85
2/16/2016 16:00:00,28.48,266340,28.96,29.64,27.64
2/17/2016 16:00:00,30.7,190959,33.32,34.26,29.71
2/18/2016 16:00:00,28.34,146724,31.49,31.5,28.3
2/19/2016 16:00:00,28.34,85051,28.78,28.78,27.5
2/22/2016 16:00:00,29.16,54168,28.72,29.2,28.32
2/23/2016 16:00:00,27.71,68019,29.51,29.51,27
2/24/2016 16:00:00,28.71,59772,27.89,28.95,27.27
2/25/2016 16:00:00,29.38,38905,29.03,29.58,28.38
2/26/2016 16:00:00,29.79,45598,29.64,29.85,29
2/29/2016 16:00:00,30.13,152429,29.92,30.9,29.64
3/1/2016 16:00:00,30.41,44712,30.12,30.62,29.9
3/2/2016 16:00:00,32.53,75221,30.47,32.74,30.4
3/3/2016 16:00:00,32.61,83375,32.56,34.41,31.75
3/4/2016 16:00:00,33.51,40003,32.83,33.93,32.82
3/7/2016 16:00:00,34.24,69334,33.95,34.39,33.03
3/8/2016 16:00:00,35.88,103872,34.99,36.15,34.82
3/9/2016 16:00:00,34.59,73626,36.36,36.36,34.53
3/10/2016 16:00:00,34.03,59122,35.27,35.27,33.65
3/11/2016 16:00:00,35.37,42262,34.33,35.4,34.12
3/14/2016 16:00:00,35.28,40906,35.94,35.94,34.89
3/15/2016 16:00:00,34.59,50441,35.29,35.29,34.34
3/16/2016 16:00:00,35.16,41935,34.67,35.49,34.25
3/17/2016 16:00:00,35.22,29414,35.02,35.49,34.7
3/18/2016 16:00:00,36.99,121125,36.15,37.48,35.8
3/21/2016 16:00:00,36.67,53278,37.41,37.55,36.16
3/22/2016 16:00:00,35.84,80002,36.66,36.77,35.31
3/23/2016 16:00:00,34.58,47938,35.67,35.95,34.43
3/24/2016 16:00:00,35.85,35324,35.99,36.41,34.95
3/28/2016 16:00:00,36.37,40350,36.68,36.68,35.52
3/29/2016 16:00:00,36.6,32545,36.57,36.88,36.2
3/30/2016 16:00:00,36.1,44915,36.86,37.08,35.96
3/31/2016 16:00:00,36.72,44068,36.5,36.92,35.96
4/1/2016 16:00:00,37.03,56407,36.65,37.26,36.2
4/4/2016 16:00:00,38.12,93478,37.52,39.09,37.52
4/6/2016 16:00:00,38.66,33582,37.95,38.95,37.92
4/7/2016 16:00:00,38.4,26666,38.66,38.98,38.14
4/8/2016 16:00:00,38.33,25638,38.5,38.86,38.05
4/11/2016 16:00:00,38.11,40652,39.31,39.31,38.07
4/12/2016 16:00:00,37.95,43836,38.1,38.43,37.8
4/13/2016 16:00:00,38.22,37775,38.62,38.75,38
4/14/2016 16:00:00,39.78,47241,38.59,39.78,38.26
4/15/2016 16:00:00,39.83,28433,39.78,39.93,39.3
4/18/2016 16:00:00,40.35,52644,39.99,40.84,39.22
4/19/2016 16:00:00,40.5,52183,40.5,40.99,40
4/20/2016 16:00:00,39.85,44785,40.88,40.9,39.85
4/21/2016 16:00:00,40.18,24481,40,40.32,39.86
4/22/2016 16:00:00,40.25,30032,40.16,40.52,39.5
4/25/2016 16:00:00,39.59,30404,40.62,40.62,39.1
4/26/2016 16:00:00,39.76,21057,39.75,39.77,39.06
4/27/2016 16:00:00,40.19,30173,40.1,40.27,39.53
4/28/2016 16:00:00,39.89,27352,40.25,40.3,39.71
4/29/2016 16:00:00,39.94,35070,39.89,40.36,39.73
5/2/2016 16:00:00,39.42,101129,39.8,39.8,38.75
5/3/2016 16:00:00,39.19,32599,39.33,39.7,38.9
5/4/2016 16:00:00,38.19,201787,39,39.59,36
5/5/2016 16:00:00,36.78,142573,38.23,38.23,36.25
5/6/2016 16:00:00,35.91,69138,36.39,36.66,35.52
5/9/2016 16:00:00,34.37,81478,35.81,35.81,33.5
5/10/2016 16:00:00,34.46,57568,34.31,34.64,33.88
5/11/2016 16:00:00,33.79,73308,34.47,34.47,33.49
5/12/2016 16:00:00,34.61,56936,33.53,34.81,33.53
5/13/2016 16:00:00,34.03,78470,34.65,35.11,33.85
5/16/2016 16:00:00,33.71,44750,34.09,34.2,33.55
5/17/2016 16:00:00,34.59,49426,33.94,34.79,33.71
5/18/2016 16:00:00,34.37,65062,34.95,35.45,34.11
5/19/2016 16:00:00,34.02,56913,34.34,34.5,33.8
5/20/2016 16:00:00,34.25,32945,34.38,34.66,34.15
5/24/2016 16:00:00,35.57,70905,34.53,35.82,34.49
5/25/2016 16:00:00,36.71,70863,35.82,36.9,35.55
5/26/2016 16:00:00,36.01,57421,36.93,36.93,35.83
5/27/2016 16:00:00,37.27,44028,36.35,37.37,36.17
5/30/2016 16:00:00,38.2,61692,37.73,38.81,37.28
5/31/2016 16:00:00,38.47,500266,37.99,38.58,37.4
6/1/2016 16:00:00,40.57,255130,39.4,41,39.18
6/2/2016 16:00:00,39.12,90330,40.61,40.61,38.98
6/3/2016 16:00:00,38.28,59569,39.06,39.06,37.95
6/6/2016 16:00:00,38.43,36108,38.76,38.76,38.02
6/7/2016 16:00:00,38.14,29491,38.52,38.64,37.77
6/8/2016 16:00:00,38.25,29603,38.08,38.54,37.76
6/9/2016 16:00:00,37.44,27540,38.44,38.44,37.32
6/10/2016 16:00:00,36.12,43880,37.27,37.27,35.9
6/13/2016 16:00:00,35.82,46419,36.06,36.23,35.54
6/14/2016 16:00:00,37.32,36239,35.76,37.36,35.76
6/15/2016 16:00:00,37.1,42376,37.57,38,37.01
6/16/2016 16:00:00,36.71,36162,37.6,37.6,36.4
6/17/2016 16:00:00,37.26,53822,36.62,37.45,36.35
6/20/2016 16:00:00,38.14,191022,37.65,38.54,36.95
6/21/2016 16:00:00,38.25,115976,38.13,38.42,37.76
6/22/2016 16:00:00,38.24,38526,38.43,38.43,37.81
6/23/2016 16:00:00,39.87,101989,38.56,40.24,37.97
6/24/2016 16:00:00,37.86,82787,38,39,37.02
6/27/2016 16:00:00,35.51,98345,37.88,37.88,34.45
6/28/2016 16:00:00,37.16,107469,36.37,37.18,35.6
6/29/2016 16:00:00,39.35,113601,37.91,39.4,37.91
6/30/2016 16:00:00,39.76,65218,39.58,40.39,38.95
7/4/2016 16:00:00,40.18,25987,40.5,40.8,39.62
7/5/2016 16:00:00,39.61,41581,40.13,40.13,39.29
7/6/2016 16:00:00,39.68,43265,39.4,39.89,39.15
7/7/2016 16:00:00,39.48,32935,39.64,39.7,39.34
7/8/2016 16:00:00,40.44,45735,39.66,40.63,39.66
7/11/2016 16:00:00,41.8,57164,40.43,41.9,40.43
7/12/2016 16:00:00,42.36,114367,41.64,43.2,41.64
7/13/2016 16:00:00,41.47,39939,42.59,42.92,41.4
7/14/2016 16:00:00,41.41,33383,41.99,42,41.15
7/15/2016 16:00:00,41.8,34600,41.5,42,41.15
7/18/2016 16:00:00,41.72,30580,42.5,42.72,41.55
7/19/2016 16:00:00,43.32,90797,42.23,43.54,42
7/20/2016 16:00:00,43.2,64598,42.77,43.88,42.77
7/21/2016 16:00:00,42.85,28747,43.24,43.57,42.11
7/22/2016 16:00:00,43.18,44688,43.24,44,42.58
7/25/2016 16:00:00,43.13,25282,43.41,43.69,43
7/26/2016 16:00:00,42.93,35412,43.35,43.35,42.09
7/27/2016 16:00:00,43.8,32272,42.99,44.27,42.99
7/28/2016 16:00:00,45.14,61624,43.82,45.52,43.82
7/29/2016 16:00:00,44.75,53076,45.2,45.37,43.95
8/2/2016 16:00:00,43.93,69337,44.74,45.02,42.94
8/3/2016 16:00:00,48.01,272890,46,48.54,44
8/4/2016 16:00:00,47.96,96783,47.51,48.11,46.39
8/5/2016 16:00:00,48.86,68474,49,49.27,47.96
8/8/2016 16:00:00,50.53,95935,49.31,50.93,49.13
8/9/2016 16:00:00,50.85,48668,50.84,51.41,50.22
8/10/2016 16:00:00,51.37,86703,50.87,51.87,50.87
8/11/2016 16:00:00,51.71,97458,51.84,53.11,51.6
8/12/2016 16:00:00,51.06,73123,51.51,52.49,50.58
8/15/2016 16:00:00,50.43,68754,51.53,51.54,50.27
8/16/2016 16:00:00,49.38,142653,49.5,50.71,47.66
8/17/2016 16:00:00,49.8,115795,50.18,50.86,49.64
8/18/2016 16:00:00,51.36,85941,49.89,51.95,49.65
8/19/2016 16:00:00,55.4,336798,52.43,55.4,51.81
8/22/2016 16:00:00,55.04,98991,55.26,55.26,53.6
8/23/2016 16:00:00,53.96,99705,55.01,56.3,53.87
8/24/2016 16:00:00,52.9,81809,54.29,55.11,52.65
8/25/2016 16:00:00,52.61,113177,52.9,53.14,52.1
8/26/2016 16:00:00,54.07,59328,52.51,54.15,52.51
8/29/2016 16:00:00,53.85,42477,54.49,54.49,53.67
8/30/2016 16:00:00,54.02,27292,54.48,54.48,53.5
8/31/2016 16:00:00,54.4,178539,54.05,54.4,53.64
9/1/2016 16:00:00,53.35,95470,54.45,54.45,52.31
9/2/2016 16:00:00,55.04,99430,53.4,56.92,53.35
9/6/2016 16:00:00,55.58,57585,55.54,55.95,54.74
9/7/2016 16:00:00,55.22,69888,56,56,54.64
9/8/2016 16:00:00,55.86,47860,55.24,56,54.72
9/9/2016 16:00:00,53.55,83375,55.74,55.78,53.11
9/12/2016 16:00:00,54.37,78155,52.99,55.3,52.22
9/13/2016 16:00:00,53.53,65145,54.39,54.54,52.62
9/14/2016 16:00:00,54,84322,53.99,54.86,53.56
9/15/2016 16:00:00,54.95,75036,54.54,55.31,53.88
9/16/2016 16:00:00,54.68,97978,55.49,55.49,53.95
9/19/2016 16:00:00,56.88,150270,55.21,59.03,55.06
9/20/2016 16:00:00,56.12,104517,56.88,57.25,54.88
9/21/2016 16:00:00,58.29,111030,56.62,58.52,56.4
9/22/2016 16:00:00,57.33,120196,58.99,58.99,56.93
9/23/2016 16:00:00,57.18,67073,58.02,58.02,56.5
9/26/2016 16:00:00,56.98,48713,57.02,57.37,56.52
9/27/2016 16:00:00,58.01,69843,57.28,58.04,57.11
9/28/2016 16:00:00,56.09,239940,56.58,57.04,54
9/29/2016 16:00:00,56.59,97596,55.83,57.58,55.83
9/30/2016 16:00:00,56.29,39184,56.83,56.87,56.1
10/3/2016 16:00:00,56.4,78708,57.49,57.49,55.52
10/4/2016 16:00:00,57.27,93167,57.53,57.99,56.9
10/5/2016 16:00:00,57.88,72346,57.79,58.31,57.25
10/6/2016 16:00:00,57.73,64559,57.88,58,57.18
10/7/2016 16:00:00,59.1,63566,58,59.13,57.66
10/11/2016 16:00:00,56.04,151928,58.95,58.95,55.67
10/12/2016 16:00:00,56.25,93582,56.11,56.66,55.33
10/13/2016 16:00:00,55.59,131747,55.56,55.82,53.31
10/14/2016 16:00:00,56.31,76075,55.97,57.3,55.97
10/17/2016 16:00:00,55.17,51724,56.24,56.24,54.8
10/18/2016 16:00:00,55.76,53396,55.78,55.88,55.33
10/19/2016 16:00:00,57.01,72828,55.76,57.84,55.6
10/20/2016 16:00:00,57.15,49077,57.62,57.66,56.55
10/21/2016 16:00:00,57.96,85654,57.36,58.23,56.96
10/24/2016 16:00:00,58.81,64681,58.5,59,58.3
10/25/2016 16:00:00,58.08,63332,59,59,57.56
10/26/2016 16:00:00,57.47,56127,58.11,58.4,57.39
10/27/2016 16:00:00,55.34,96410,57.65,58.26,55.34
10/28/2016 16:00:00,54.7,82313,55.55,55.71,54.67
10/31/2016 16:00:00,55.58,47271,55.25,55.89,54.79
11/1/2016 16:00:00,54.94,37589,56.1,56.13,54.75
11/2/2016 16:00:00,58.29,197636,56,60.21,56
11/3/2016 16:00:00,54.04,211546,57.99,57.99,51.78
11/4/2016 16:00:00,52.52,78332,54.45,54.5,52.3
11/7/2016 16:00:00,53.75,89252,54.43,54.43,52.97
11/8/2016 16:00:00,55.02,74643,53.8,55.26,53.28
11/9/2016 16:00:00,54.32,107080,53.51,55.35,53.03
11/10/2016 16:00:00,54.02,94124,55.02,56,53.28
11/11/2016 16:00:00,53.73,76052,54.07,54.07,52.76
11/14/2016 16:00:00,51.36,93281,54.22,54.22,51.17
11/15/2016 16:00:00,53.65,121351,50.84,54.29,50.84
11/16/2016 16:00:00,54.3,56488,53.74,54.62,53.41
11/17/2016 16:00:00,56.91,108921,54.62,56.91,54.3
11/18/2016 16:00:00,59.55,150562,57.48,59.78,57
11/21/2016 16:00:00,60.23,105967,59.7,60.93,59
11/22/2016 16:00:00,57.81,102956,60.6,60.6,57.2
11/23/2016 16:00:00,58.1,70881,58.22,58.55,57.49
11/24/2016 16:00:00,58.62,36982,58.49,59,58.46
11/25/2016 16:00:00,58.99,44515,58.96,59.04,58.21
11/28/2016 16:00:00,56.94,79143,58.82,58.82,56.8
11/29/2016 16:00:00,57.33,56789,57.27,57.97,57
11/30/2016 16:00:00,56.38,123923,57.96,57.96,55.89
12/1/2016 16:00:00,52.86,233149,56,56.27,52.8
12/2/2016 16:00:00,52.08,207316,52.83,53.59,51.46
12/5/2016 16:00:00,54.02,126972,53.02,54.56,52.51
12/6/2016 16:00:00,54.41,91194,54.99,54.99,53.45
12/7/2016 16:00:00,54.11,98281,54.79,54.79,53.19
12/8/2016 16:00:00,56.17,121175,54.45,56.69,53.66
12/9/2016 16:00:00,55.8,90303,56.87,57.55,55.11
12/12/2016 16:00:00,55.38,74471,56.32,56.32,55.05
12/13/2016 16:00:00,55.46,46397,55.37,55.94,55.02
12/14/2016 16:00:00,55.6,146924,55.54,55.63,54.44
12/15/2016 16:00:00,56.62,83214,55.53,57.19,55.31
12/16/2016 16:00:00,56.25,38923,57.14,57.14,56.04
12/19/2016 16:00:00,56.18,62902,56.36,57.39,56.02
12/20/2016 16:00:00,55.29,59258,56.18,56.26,55
12/21/2016 16:00:00,54.65,49215,55.66,55.66,54.48
12/22/2016 16:00:00,54.3,81173,54.95,55.17,53.75
12/23/2016 16:00:00,55.93,58412,54.98,56,54.4
12/28/2016 16:00:00,58.72,144216,58.5,60,58.18
12/29/2016 16:00:00,58.18,67144,59.45,59.45,57.44
12/30/2016 16:00:00,57.7,31056,58.47,58.47,57.25
1/3/2017 16:00:00,57.65,83632,58.22,58.4,56.6
1/4/2017 16:00:00,58.86,84716,57.96,59.02,57.15
1/5/2017 16:00:00,63.16,268340,58.8,63.43,58.5
1/6/2017 16:00:00,62.03,198457,62.98,63.05,60.34
1/9/2017 16:00:00,62.54,79175,62.12,62.86,61.75
1/10/2017 16:00:00,63.34,131031,62.44,64.74,62.28
1/11/2017 16:00:00,63.74,144239,63.75,64.47,62.56
1/12/2017 16:00:00,63.83,79687,64,64,62.56
1/13/2017 16:00:00,63.14,114854,63.9,64.88,63.02
1/16/2017 16:00:00,64,30407,63.82,64,63.3
1/17/2017 16:00:00,64.61,144473,64.37,64.97,63
1/18/2017 16:00:00,66.17,155674,64.99,66.31,64.22
1/19/2017 16:00:00,67.47,175538,66.69,68.21,66.28
1/20/2017 16:00:00,66.71,167717,67.96,68.58,66.5
1/23/2017 16:00:00,65.53,159111,67,67.13,65.38
1/24/2017 16:00:00,65.23,159356,66.22,66.22,64.5
1/25/2017 16:00:00,67.04,114903,65.89,67.94,65.68
1/26/2017 16:00:00,66.8,107224,68,68,66.31
1/27/2017 16:00:00,67.7,107679,66.86,67.8,66.86
1/30/2017 16:00:00,66.4,143435,67.97,67.97,65.47
1/31/2017 16:00:00,66.04,66254,65.98,66.13,65.31
2/1/2017 16:00:00,66.7,65640,67.23,67.5,66.2
2/2/2017 16:00:00,68.22,152034,66.54,68.5,66.5
2/3/2017 16:00:00,67.89,99538,68.5,68.5,66.86
2/6/2017 16:00:00,68.93,74166,68.3,69,67.27
2/7/2017 16:00:00,69.89,136605,69.46,70.6,69.33
2/8/2017 16:00:00,70.24,118762,70.57,70.57,69.42
2/9/2017 16:00:00,71.69,138828,70.64,72.25,70.45
2/10/2017 16:00:00,72.24,176438,72.41,73.5,71.84
2/13/2017 16:00:00,73.22,204057,73.3,74.9,72.37
2/14/2017 16:00:00,73.24,167616,73.59,73.59,72.28
2/15/2017 16:00:00,79.22,587733,72.91,80.41,71.23
2/16/2017 16:00:00,79.71,292342,80,81.4,77.78
2/17/2017 16:00:00,80.66,166454,80,80.79,78.68
2/21/2017 16:00:00,82.89,254373,82,84.05,81.44
2/22/2017 16:00:00,83.81,215766,83.1,84.09,81.41
2/23/2017 16:00:00,82.25,224081,84.29,84.29,81.09
2/24/2017 16:00:00,81.17,264732,81,81.39,79.48
2/27/2017 16:00:00,78.84,234160,81,81.12,78.43
2/28/2017 16:00:00,78.87,214805,78.49,80.66,78.47
3/1/2017 16:00:00,79.55,174675,79.99,80.12,78.8
3/2/2017 16:00:00,80.08,143429,80.01,81.15,79.5
3/3/2017 16:00:00,80.65,127223,80.23,80.99,79.29
3/6/2017 16:00:00,79.55,100232,80.63,80.63,78.62
3/7/2017 16:00:00,80.76,123978,79.54,81.33,79.42
3/8/2017 16:00:00,82.17,177052,81.35,82.81,80.83
3/9/2017 16:00:00,84.2,158361,82.5,84.47,81.96
3/10/2017 16:00:00,86.35,202618,85.38,86.5,84.2
3/13/2017 16:00:00,87.36,172678,87,87.69,86.01
3/14/2017 16:00:00,86.05,210486,87.28,87.32,85.6
3/15/2017 16:00:00,86.39,210413,86.22,86.56,84.86
3/16/2017 16:00:00,86.99,101403,86.77,86.99,85.98
3/17/2017 16:00:00,89.14,167211,87.46,89.82,86.92
3/20/2017 16:00:00,92,189759,89.98,92,89.55
3/21/2017 16:00:00,90,464533,92.58,95,89.08
3/22/2017 16:00:00,88.91,229097,89.58,90.34,86.73
3/23/2017 16:00:00,90.3,202752,89.35,91.06,89.04
3/24/2017 16:00:00,92.3,171805,91.06,93.68,90.62
3/27/2017 16:00:00,94.46,240248,91.24,94.53,90.1
3/28/2017 16:00:00,96.74,303499,94.62,97.5,94.46
3/29/2017 16:00:00,97,222026,97.68,97.68,94.8
3/30/2017 16:00:00,92.32,457594,96.71,96.87,91.35
3/31/2017 16:00:00,90.71,352506,90.41,92.32,89.23
4/3/2017 16:00:00,92.79,195469,90.92,92.79,90
4/4/2017 16:00:00,91.85,201154,93.01,94,91.48
4/5/2017 16:00:00,91.4,180027,92.22,93.3,90.93
4/6/2017 16:00:00,91.8,125563,91.49,92.42,91.07
4/7/2017 16:00:00,92.34,82892,91.6,92.37,91.38
4/10/2017 16:00:00,92.29,127014,92.25,93.5,91.8
4/11/2017 16:00:00,91.91,169455,92.09,92.98,90.05
4/12/2017 16:00:00,91.88,132606,92.31,93.04,91.72
4/13/2017 16:00:00,94.25,242020,91.99,95.32,91.45
4/17/2017 16:00:00,95.5,140852,95.09,95.95,94.1
4/18/2017 16:00:00,95.81,148659,95.69,96.49,94.73
4/19/2017 16:00:00,97.79,282021,96.3,98.92,96.29
4/20/2017 16:00:00,102.71,347043,99.14,102.75,98.86
4/21/2017 16:00:00,103.17,285688,105.25,105.25,101.35
4/24/2017 16:00:00,102.56,243029,105,105.24,101.63
4/25/2017 16:00:00,103.9,225375,103.68,104.15,101.34
4/26/2017 16:00:00,101.05,451709,101.97,102,98.42
4/27/2017 16:00:00,99.76,281378,99.71,101.41,96.73
4/28/2017 16:00:00,103.72,246257,100.24,103.84,99.98
5/1/2017 16:00:00,106.07,378596,103.43,106.34,102.22
5/2/2017 16:00:00,113.94,801736,110.87,115.64,106.5
5/3/2017 16:00:00,112.19,388497,112.3,114.61,110.67
5/4/2017 16:00:00,111.82,322354,113.48,113.59,111.33
5/5/2017 16:00:00,116.83,301785,112.45,117.57,112.45
5/8/2017 16:00:00,118.81,283565,118.62,119.2,117.5
5/9/2017 16:00:00,122.63,330844,119.99,125.13,119.22
5/10/2017 16:00:00,127.15,397952,122.74,127.72,122.65
5/11/2017 16:00:00,125.81,428058,128.7,128.7,121.99
5/12/2017 16:00:00,128.14,292240,125.72,130.27,124.73
5/15/2017 16:00:00,128.97,322341,128.89,130.85,127.54
5/16/2017 16:00:00,128.9,537756,129.28,130.42,126.1
5/17/2017 16:00:00,122.55,560715,126.54,127,122
5/18/2017 16:00:00,125.32,906262,114.37,126.67,110.14
5/19/2017 16:00:00,120.33,687848,123.83,124.83,118.49
5/23/2017 16:00:00,122.12,467373,122.78,122.87,121.05
5/24/2017 16:00:00,122.3,228653,122.31,123.28,121.26
5/25/2017 16:00:00,121.67,296413,122.7,123.39,120.25
5/26/2017 16:00:00,122.29,284317,121.73,122.53,121.07
5/29/2017 16:00:00,124.2,166844,122.94,124.65,122.74
5/30/2017 16:00:00,121.91,500901,123.18,125.75,120.82
5/31/2017 16:00:00,124.72,4700848,122.59,124.72,120.22
6/1/2017 16:00:00,126.12,649713,124.79,126.62,122.16
6/2/2017 16:00:00,131.9,674941,126.94,132.07,126.34
6/5/2017 16:00:00,131.77,416747,132.95,134,129.59
6/6/2017 16:00:00,132.87,389358,130.54,134.2,129.73
6/7/2017 16:00:00,131.21,376589,133.49,133.88,130.45
6/8/2017 16:00:00,133.54,334643,131.93,133.54,129.03
6/9/2017 16:00:00,122.8,932634,133.35,135.42,120.55
6/12/2017 16:00:00,118.57,1008277,121,121.46,111
6/13/2017 16:00:00,114.95,827800,115.62,119.81,111.76
6/14/2017 16:00:00,113.02,511527,114.95,116.33,112.04
6/15/2017 16:00:00,113.57,759560,108.83,113.57,108.18
6/16/2017 16:00:00,114.92,3898574,115.3,116.88,113.44
6/19/2017 16:00:00,119.9,588229,117.12,120.04,116.07
6/20/2017 16:00:00,118.05,406471,120.99,121.85,117.61
6/21/2017 16:00:00,121.75,596226,118.99,122.25,118.66
6/22/2017 16:00:00,121.15,262346,121.16,122,119.4
6/23/2017 16:00:00,125.36,325384,121.32,126.26,120.7
6/26/2017 16:00:00,122.22,504097,126,128.12,119.6
6/27/2017 16:00:00,114.37,521078,120.64,121.47,114.22
6/28/2017 16:00:00,116.63,398498,114.95,116.71,111.99
6/29/2017 16:00:00,112.58,471401,116.01,116.01,108.34
6/30/2017 16:00:00,112.6,432014,111.5,114.29,110.99
7/4/2017 16:00:00,110.01,118293,112.97,113.28,109.39
7/5/2017 16:00:00,114.76,419797,110.99,116.2,110.99
7/6/2017 16:00:00,111.81,245298,112.49,113.64,111.23
7/7/2017 16:00:00,114.75,208595,112.17,114.9,112.13
7/10/2017 16:00:00,117.46,312676,114.99,117.89,113.89
7/11/2017 16:00:00,118.14,224746,117.46,119.55,116.47
7/12/2017 16:00:00,120.61,265635,119.84,121.14,119
7/13/2017 16:00:00,118.52,296747,122.36,123.5,117.78
7/14/2017 16:00:00,116.8,167301,119.55,119.55,116.47
7/17/2017 16:00:00,115.03,203193,116.51,117.99,113.65
7/18/2017 16:00:00,117.58,192937,114.28,118.6,113.6
7/19/2017 16:00:00,115.97,199347,117.85,118.92,114.96
7/20/2017 16:00:00,114.28,231479,116.79,116.95,113.58
7/21/2017 16:00:00,112.11,210618,113.31,114.47,111.99
7/24/2017 16:00:00,116.91,264433,112,117.04,111.97
7/25/2017 16:00:00,115.11,297072,117.05,117.17,113.58
7/26/2017 16:00:00,117,276672,116.24,118.88,116.2
7/27/2017 16:00:00,113.81,643332,117.83,119.23,111.11
7/28/2017 16:00:00,115.66,329877,111.73,116.17,110.05
7/31/2017 16:00:00,114.89,479986,116.99,117.95,114.18
8/1/2017 16:00:00,130.61,1153460,128.36,132,123.25
8/2/2017 16:00:00,123.72,811032,131,131.49,122.23
8/3/2017 16:00:00,122.28,409564,125.77,125.77,121.46
8/4/2017 16:00:00,121.81,273760,122.52,124.24,121.5
8/8/2017 16:00:00,122.23,357938,124.38,125.3,121.55
8/9/2017 16:00:00,120.97,374500,120.8,122.6,119.85
8/10/2017 16:00:00,112.57,713379,119.61,119.75,112.25
8/11/2017 16:00:00,116.39,425214,112.01,117.9,112.01
8/14/2017 16:00:00,119.59,351904,118.91,121.16,118.66
8/15/2017 16:00:00,118.69,262434,120.46,120.53,118.22
8/16/2017 16:00:00,119.43,277177,119.29,120.43,118.28
8/17/2017 16:00:00,118.55,595700,119.48,121.07,118.49
8/18/2017 16:00:00,119.12,268128,118.05,119.6,117.17
8/21/2017 16:00:00,121.15,390566,119.12,121.26,119.12
8/22/2017 16:00:00,123.88,315190,121.69,124.25,121.1
8/23/2017 16:00:00,128.59,492453,123.12,128.98,122.68
8/24/2017 16:00:00,133.5,683840,128.95,133.95,128.72
8/25/2017 16:00:00,129.45,412865,134,134,128.18
8/28/2017 16:00:00,129.75,281260,129.28,130.88,126.66
8/29/2017 16:00:00,130.69,339413,127.3,131.5,126.78
8/30/2017 16:00:00,136.82,499455,131.81,137.27,131.72
8/31/2017 16:00:00,138,650623,137.41,139.41,135.85
9/1/2017 16:00:00,137.3,287295,138.75,138.75,136.13
9/5/2017 16:00:00,137.1,387024,136.77,138.48,133.74
9/6/2017 16:00:00,134.57,428656,137.98,138.9,133
9/7/2017 16:00:00,137.5,300668,134.01,137.71,133.95
9/8/2017 16:00:00,138.03,284640,137.53,139.35,136.41
9/11/2017 16:00:00,143.01,394694,140,143.69,139.57
9/12/2017 16:00:00,146.69,468258,144.64,147.22,142.14
9/13/2017 16:00:00,145.25,475956,146.91,149.4,143.83
9/14/2017 16:00:00,146.43,300996,145.01,147.5,142.4
9/15/2017 16:00:00,146.21,345376,146.24,147.71,145.43
9/18/2017 16:00:00,150.6,335865,147.23,151.75,147.23
9/19/2017 16:00:00,150.75,295447,151.85,151.88,150.01
9/20/2017 16:00:00,146.97,434247,150.95,151.36,145.5
9/21/2017 16:00:00,148.18,347536,146.94,148.9,143.57
9/22/2017 16:00:00,148.45,261063,147.99,149.49,145.96
9/25/2017 16:00:00,141.64,499997,147.6,147.75,140.22
9/26/2017 16:00:00,140.06,413569,143.14,145.5,138.57
9/27/2017 16:00:00,146.48,506700,141.86,147.86,141.23
9/28/2017 16:00:00,144.87,297038,146.42,146.93,143.4
9/29/2017 16:00:00,145.12,347690,145.69,146.95,144
10/2/2017 16:00:00,148.83,262496,146.12,149.66,146.1
10/3/2017 16:00:00,145.7,403142,149.95,150.9,145.31
10/4/2017 16:00:00,128.95,2498614,145.82,145.88,125.8
10/5/2017 16:00:00,126.19,1947570,121.64,129.66,117
10/6/2017 16:00:00,122.92,1183379,123.05,125.96,119.98
10/10/2017 16:00:00,115.76,1989003,121.33,123.67,111.68
10/11/2017 16:00:00,118.4,1354476,114.65,120.82,114.65
10/12/2017 16:00:00,117.48,559770,120.1,121.5,117.31
10/13/2017 16:00:00,117.76,313693,117.27,118.78,116.98
10/16/2017 16:00:00,121.37,421584,118.25,121.76,117.01
10/17/2017 16:00:00,120.57,338774,121.89,122.32,119.78
10/18/2017 16:00:00,123.3,348855,120.66,124.34,120.06
10/19/2017 16:00:00,122.71,432581,122.53,122.95,120.2
10/20/2017 16:00:00,129.03,451938,124.7,129.31,124.07
10/23/2017 16:00:00,130.15,490391,130.5,131.69,128.2
10/24/2017 16:00:00,135.13,591972,130.16,136.36,130.16
10/25/2017 16:00:00,131.99,846636,136.14,137.51,129.02
10/26/2017 16:00:00,133.88,445996,132.44,135.31,131.69
10/27/2017 16:00:00,137.59,654174,137.91,139.03,135.82
10/30/2017 16:00:00,140.22,602929,139.65,140.28,135.02
10/31/2017 16:00:00,128.26,1332803,131.33,135,121.89
11/1/2017 16:00:00,123.68,831649,128.78,129.66,122.35
11/2/2017 16:00:00,128.05,584342,122.5,129.07,122.25
11/3/2017 16:00:00,126.06,344920,128.61,129.73,125.79
11/6/2017 16:00:00,126.98,231737,127.6,128.75,126.1
11/7/2017 16:00:00,127.48,241734,127.5,128.53,125.8
11/8/2017 16:00:00,126.52,261662,126.59,127.3,125.6
11/9/2017 16:00:00,123.09,456469,124.88,125.15,121.27
11/10/2017 16:00:00,126.97,475403,122.58,127.84,122.45
11/13/2017 16:00:00,125.68,228895,125.46,126.16,124.47
11/14/2017 16:00:00,125.97,277435,123.75,127.31,123.75
11/15/2017 16:00:00,125.01,246521,124.27,127.06,124.27
11/16/2017 16:00:00,132.51,604782,126.05,133.55,125.92
11/17/2017 16:00:00,133.82,331094,132.62,135.25,132.43
11/20/2017 16:00:00,139,389820,134.41,139.48,134
11/21/2017 16:00:00,140.85,468547,140.65,143.36,140.06
11/22/2017 16:00:00,140.3,265452,140.85,142.15,137.11
11/23/2017 16:00:00,141.14,73999,140.31,141.88,140.31
11/24/2017 16:00:00,142.2,184658,141.51,143.01,140.94
11/27/2017 16:00:00,144.69,444455,145.37,148.97,144.05
11/28/2017 16:00:00,143.49,349821,146.11,146.11,141.6
11/29/2017 16:00:00,133.4,814867,143.02,143.44,129.61
11/30/2017 16:00:00,135.16,563018,136.01,136.04,133.11
12/1/2017 16:00:00,130.84,448066,133.17,133.5,127.25
12/4/2017 16:00:00,122.64,659320,133.74,133.74,122.44
12/5/2017 16:00:00,120.95,494446,121.26,124.93,117.11
12/6/2017 16:00:00,122.37,552039,120,122.65,119.75
12/7/2017 16:00:00,128.28,405251,123.62,128.44,123.47
12/8/2017 16:00:00,129.5,382402,131.09,132.24,128.63
12/11/2017 16:00:00,133.8,393454,130.04,135.02,130.04
12/12/2017 16:00:00,130.48,321542,133.31,133.7,129.49
12/13/2017 16:00:00,132.39,239129,131.33,133.8,130.91
12/14/2017 16:00:00,131.59,178269,132.77,134.38,131
12/15/2017 16:00:00,135.2,534414,132.29,136.85,131.69
12/18/2017 16:00:00,138.33,280723,137,138.96,136.93
12/19/2017 16:00:00,136,227171,138.25,138.58,136
12/20/2017 16:00:00,134.99,203938,136.7,137.18,133.2
12/21/2017 16:00:00,133.47,168627,135.39,135.71,133.16
12/22/2017 16:00:00,131.99,142344,133.3,133.3,130.63
12/27/2017 16:00:00,132.2,156041,132.35,132.94,130.63
12/28/2017 16:00:00,128.62,213366,132.6,132.6,127.75
12/29/2017 16:00:00,127.11,228201,128.59,128.72,126.06
1/2/2018 16:00:00,132.06,250963,127.32,132.23,126.65
1/3/2018 16:00:00,135.15,400215,133.27,135.57,133.12
1/4/2018 16:00:00,137.46,409837,135.96,137.74,134.3
1/5/2018 16:00:00,137.26,308634,137.47,138.64,135
1/8/2018 16:00:00,139.51,182512,137.13,139.93,136.78
1/9/2018 16:00:00,137.94,197888,139.9,141.56,136.76
1/10/2018 16:00:00,139.29,209665,136.99,139.53,136.27
1/11/2018 16:00:00,139.14,141324,139.26,139.97,138.5
1/12/2018 16:00:00,140.76,255962,139.25,143.1,138.97
1/15/2018 16:00:00,142.8,150457,140.01,143.1,140.01
1/16/2018 16:00:00,139.13,416336,142.88,142.88,138.39
1/17/2018 16:00:00,142.72,341499,139.1,143.62,138.15
1/18/2018 16:00:00,142.55,292242,142.01,145.38,142.01
1/19/2018 16:00:00,144.47,220427,143.03,144.47,142.5
1/22/2018 16:00:00,148.87,220628,143.51,149.1,143.51
1/23/2018 16:00:00,147.31,227804,149.64,149.67,144.79
1/24/2018 16:00:00,147.52,248148,147.9,150.48,146.15
1/25/2018 16:00:00,154.3,409265,148.46,155.6,148.17
1/26/2018 16:00:00,159.07,346936,156,160.69,153.17
1/29/2018 16:00:00,156.87,283152,159.99,160.31,154.62
1/30/2018 16:00:00,153.01,488181,150.5,155.03,147.01
1/31/2018 16:00:00,157.04,342316,154.74,158.08,154.21
2/1/2018 16:00:00,154.9,311114,155.98,160.97,154.28
2/2/2018 16:00:00,155.45,575061,154.65,159.28,152.75
2/5/2018 16:00:00,149.12,654341,150.33,158.75,148.52
2/6/2018 16:00:00,152.66,868616,143.79,153.57,140.7
2/7/2018 16:00:00,154.94,462098,154.22,160.3,152.25
2/8/2018 16:00:00,149.5,570938,155.4,159.78,149.43
2/9/2018 16:00:00,150.38,901211,151.26,156.13,144.09
2/12/2018 16:00:00,161.05,687244,155.27,162.39,154
2/13/2018 16:00:00,158.72,515077,161.25,164.41,157.75
2/14/2018 16:00:00,171.49,814559,158,173.16,157.98
2/15/2018 16:00:00,171.91,895010,168.51,175.99,163.12
2/16/2018 16:00:00,172.6,575343,170.66,174,168.5
2/20/2018 16:00:00,180.68,601412,172.49,184.35,172.45
2/21/2018 16:00:00,168.64,865995,173.59,173.98,168.59
2/22/2018 16:00:00,170.52,524317,170.23,173.7,169.34
2/23/2018 16:00:00,173.28,338176,172.48,173.45,168.98
2/26/2018 16:00:00,172.55,351422,174.99,175.57,171.44
2/27/2018 16:00:00,176.11,410373,173.15,177.77,172.61
2/28/2018 16:00:00,177.5,641118,177.51,179.7,177.14
3/1/2018 16:00:00,175.62,498273,176.69,178.22,171.36
3/2/2018 16:00:00,176.42,490665,173.57,177.23,173.16
3/5/2018 16:00:00,180.8,379183,175.8,181.62,174.07
3/6/2018 16:00:00,182.52,312126,181.31,184.92,180.5
3/7/2018 16:00:00,185,422143,180.26,186.63,179.7
3/8/2018 16:00:00,189.86,437340,186.87,191.28,186.74
3/9/2018 16:00:00,191.43,346833,192.78,192.86,189.6
3/12/2018 16:00:00,190.1,245497,192.5,192.9,189.15
3/13/2018 16:00:00,188.6,297400,190.55,191.85,187.35
3/14/2018 16:00:00,189.29,243362,188.93,191.99,186.11
3/15/2018 16:00:00,192.86,296664,191.33,194.34,190.66
3/16/2018 16:00:00,192.53,333532,192.86,193.61,190.47
3/19/2018 16:00:00,190.36,343425,191.43,193.89,187.25
3/20/2018 16:00:00,200.28,628147,190.25,202.45,189.75
3/21/2018 16:00:00,193,457800,199.52,199.68,192.1
3/22/2018 16:00:00,188,390839,190,197.1,187.91
3/23/2018 16:00:00,182.65,357197,187.98,190.19,181.94
3/26/2018 16:00:00,176.01,539404,187.01,190.75,168.62
3/27/2018 16:00:00,165.65,449905,174.93,179.03,164.1
3/28/2018 16:00:00,157,524492,162.91,164.74,156
3/29/2018 16:00:00,160.32,533406,156,162.64,153.04
4/2/2018 16:00:00,157.66,295249,161.42,164.31,155.62
4/3/2018 16:00:00,152.72,286491,158.66,161.01,150.95
4/4/2018 16:00:00,154.05,301912,145.99,154.88,145.15
4/5/2018 16:00:00,153.46,341869,157.8,160.75,152.73
4/6/2018 16:00:00,149.81,169076,151.94,153.65,148.29
4/9/2018 16:00:00,151.18,322436,151.06,157.09,151
4/10/2018 16:00:00,154.65,319127,154.99,155.63,150.11
4/11/2018 16:00:00,150.05,219412,154.32,156.04,150.05
4/12/2018 16:00:00,151.98,162772,151.91,152.99,150.25
4/13/2018 16:00:00,148,242661,153.04,153.56,146.85
4/16/2018 16:00:00,146.78,193439,148.27,148.27,143.01
4/17/2018 16:00:00,158.04,373942,147.84,159.75,147.84
4/18/2018 16:00:00,161.12,267469,159.76,162.05,155.29
4/19/2018 16:00:00,160.27,165756,159.47,163.33,158.34
4/20/2018 16:00:00,161.86,213018,161.02,162.39,159.64
4/23/2018 16:00:00,157.95,265786,162.74,162.91,155.5
4/24/2018 16:00:00,157.93,281306,159.33,162.55,156
4/25/2018 16:00:00,154.04,235624,158.21,158.58,152.72
4/26/2018 16:00:00,160.11,222145,156.12,161.5,156.12
4/27/2018 16:00:00,160.83,196520,163,163.5,159.88
4/30/2018 16:00:00,172.01,379519,162.53,172.47,162.53
5/1/2018 16:00:00,163.5,697828,160.99,164.54,153.25
5/2/2018 16:00:00,160.99,445447,162.02,167.15,157.48
5/3/2018 16:00:00,173.49,406049,158.79,174.04,158.79
5/4/2018 16:00:00,174.95,222704,173.5,177.48,171
5/7/2018 16:00:00,178.55,271453,176.81,178.86,175.56
5/8/2018 16:00:00,185.51,369737,180,189.03,179.47
5/9/2018 16:00:00,187.6,290517,186.97,188.32,184.54
5/10/2018 16:00:00,186.4,194457,187.57,188.19,185.78
5/11/2018 16:00:00,184.53,205886,186.4,187.32,182.5
5/14/2018 16:00:00,182.3,242517,185.1,189.49,182.09
5/15/2018 16:00:00,183.5,162000,182,183.64,178.2
5/16/2018 16:00:00,181.87,163088,182.12,185.05,181.79
5/17/2018 16:00:00,186.82,223434,182,187.74,181.46
5/18/2018 16:00:00,189.25,170257,186.5,190.25,186.5
5/22/2018 16:00:00,177.66,528239,179.28,182.39,175.54
5/23/2018 16:00:00,180.55,222829,177,181.8,177
5/24/2018 16:00:00,184.19,196394,180.55,185.22,180.55
5/25/2018 16:00:00,186,159137,185.02,187.65,184.85
5/28/2018 16:00:00,187.9,66424,185.61,188.44,185.05
5/29/2018 16:00:00,186.51,169923,186.26,189.11,184.73
5/30/2018 16:00:00,188.01,178525,187.37,189.52,186.83
5/31/2018 16:00:00,192.33,355256,187.51,194.33,187.51
6/1/2018 16:00:00,195.41,238277,193.79,196.7,191.55
6/4/2018 16:00:00,202.62,269479,196.05,204.07,196.05
6/5/2018 16:00:00,209.06,233761,203.67,211.37,203.67
6/6/2018 16:00:00,214.44,247415,209.42,214.5,206.72
6/7/2018 16:00:00,209.2,281421,214.43,214.8,206.14
6/8/2018 16:00:00,210.68,182699,207.86,212.65,206
6/11/2018 16:00:00,208.15,152494,211.51,214.25,207.81
6/12/2018 16:00:00,215.04,242720,208.29,215.9,208.27
6/13/2018 16:00:00,214.58,256072,215,221.84,213.08
6/14/2018 16:00:00,220.21,202545,215.34,220.6,215.34
6/15/2018 16:00:00,221.99,228142,219.5,223.29,216.82
6/18/2018 16:00:00,228.14,185008,220.11,228.25,219.96
6/19/2018 16:00:00,226.42,249302,225.85,228.97,222.22
6/20/2018 16:00:00,229.34,191506,228.52,232.65,228.52
6/21/2018 16:00:00,218.6,367420,230.41,231.5,218.49
6/22/2018 16:00:00,216.17,288061,221.95,221.95,213.36
6/25/2018 16:00:00,203.6,390698,213.49,213.49,201
6/26/2018 16:00:00,205.88,362699,205.07,211.16,205.07
6/27/2018 16:00:00,193.61,471631,207.84,207.84,192.02
6/28/2018 16:00:00,194.53,307392,190,196.17,186.31
6/29/2018 16:00:00,191.71,235444,196.97,197.75,191.1
7/3/2018 16:00:00,197.85,211567,196.21,200,193.5
7/4/2018 16:00:00,202.32,145393,198.21,206,198.02
7/5/2018 16:00:00,200.37,170584,201.64,201.82,196.89
7/6/2018 16:00:00,205.61,168482,200.26,206.09,199.66
7/9/2018 16:00:00,207.93,196504,207.48,209.31,201.67
7/10/2018 16:00:00,208.75,143709,208.69,210.25,207.16
7/11/2018 16:00:00,212.48,171643,207.04,213.73,205.32
7/12/2018 16:00:00,220.46,196618,214.09,221.45,213.49
7/13/2018 16:00:00,218.89,180111,221,221.88,215.99
7/16/2018 16:00:00,217.43,121663,218.94,222.34,216.57
7/17/2018 16:00:00,222.82,205645,214.99,224.89,212.07
7/18/2018 16:00:00,224.14,178833,223.39,225.88,221.07
7/19/2018 16:00:00,227.46,188033,224.01,228.25,222.81
7/20/2018 16:00:00,225.03,163872,226.98,229.89,224.8
7/23/2018 16:00:00,228.04,176771,225.64,229.33,222.9
7/24/2018 16:00:00,221.14,219247,229.85,232.43,219.35
7/25/2018 16:00:00,226.55,152805,219.16,227.5,216.89
7/26/2018 16:00:00,222.85,197893,221.56,224.59,220.14
7/27/2018 16:00:00,209.47,244058,224.7,224.93,208.2
7/30/2018 16:00:00,191.86,351373,209,209.37,191.72
7/31/2018 16:00:00,181.22,612502,182,187,174.13
8/1/2018 16:00:00,177.02,366516,181.5,182.5,175.25
8/2/2018 16:00:00,187.45,388968,175,187.57,172.9
8/3/2018 16:00:00,184.1,208348,189.5,189.5,182.75
8/7/2018 16:00:00,184.93,268710,185.5,190.13,184.01
8/8/2018 16:00:00,185.75,200587,186.78,187.55,184
8/9/2018 16:00:00,191,248858,185.05,192.14,185.05
8/10/2018 16:00:00,195.81,218532,190.15,198.5,189
8/13/2018 16:00:00,187.58,249487,196.35,198.27,187.07
8/14/2018 16:00:00,188.64,154736,188.83,191.2,185.25
8/15/2018 16:00:00,182.35,240984,186.07,189.57,180.23
8/16/2018 16:00:00,183.27,196262,184.34,186.9,182.77
8/17/2018 16:00:00,179.09,237444,182.52,183.42,177.76
8/20/2018 16:00:00,177.19,237546,180,180.22,173.98
8/21/2018 16:00:00,173.93,241435,176.8,179.71,173.8
8/22/2018 16:00:00,178.57,252932,173,180.01,172.95
8/23/2018 16:00:00,179.8,223701,179.4,183.91,179.21
8/24/2018 16:00:00,182.98,137079,181.21,184.39,180.3
8/27/2018 16:00:00,186.4,186287,184.36,187.5,181.5
8/28/2018 16:00:00,187.43,131932,187.47,188.37,184.49
8/29/2018 16:00:00,187.27,161407,188.23,189.4,186.28
8/30/2018 16:00:00,188.02,158157,187.02,190.02,186.5
8/31/2018 16:00:00,189.86,245679,187.81,190.8,187.35
9/4/2018 16:00:00,192.57,158473,191.71,193.5,189.4
9/5/2018 16:00:00,184.39,365251,188.88,190.2,180.01
9/6/2018 16:00:00,176.08,321631,183.68,185.43,174.8
9/7/2018 16:00:00,185.35,270336,173.85,185.8,172.1
9/10/2018 16:00:00,187.09,234808,186.31,187.6,183.13
9/11/2018 16:00:00,193.5,202284,186.05,194.26,184.9
9/12/2018 16:00:00,198.83,256921,193.36,199.51,190.52
9/13/2018 16:00:00,202.22,207851,200,206,200
9/14/2018 16:00:00,201.75,207114,204,207,200.41
9/17/2018 16:00:00,200.19,173764,205.03,207.34,200.01
9/18/2018 16:00:00,210.33,323742,201.06,213,200.27
9/19/2018 16:00:00,213.33,289551,211.6,215.47,209.5
9/20/2018 16:00:00,215.68,221188,214.07,217.77,212.45
9/21/2018 16:00:00,208.84,266835,215.63,217.09,207.53
9/24/2018 16:00:00,209.64,224168,207.88,213.4,203.26
9/25/2018 16:00:00,208.45,323543,210.38,213.56,205.95
9/26/2018 16:00:00,210.7,254510,209.66,213.5,207.49
9/27/2018 16:00:00,214.06,157060,211.69,214.7,211.69
9/28/2018 16:00:00,212.3,231695,213.91,217.69,210.87
10/1/2018 16:00:00,209.04,172732,213.97,213.97,208.22
10/2/2018 16:00:00,200.29,230130,208.99,210.35,200
10/3/2018 16:00:00,205.98,199692,201.99,208.05,201.98
10/4/2018 16:00:00,192.35,390809,205.91,206.32,191.14
10/5/2018 16:00:00,189.04,472585,192.38,195.64,182.73
10/9/2018 16:00:00,181.58,351913,182.74,186.1,180.58
10/10/2018 16:00:00,169.99,662486,181.15,181.7,166.63
10/11/2018 16:00:00,166.72,561258,166.01,174.52,166
10/12/2018 16:00:00,176.2,363778,174.9,178,169.94
10/15/2018 16:00:00,176.16,262380,177.01,177.7,171.68
10/16/2018 16:00:00,188.91,403433,179.29,189.01,179.29
10/17/2018 16:00:00,178.89,520423,189.22,190,174.14
10/18/2018 16:00:00,176.07,375126,178.97,182.59,174.8
10/19/2018 16:00:00,166.07,505210,177.49,179.9,165.5
10/22/2018 16:00:00,176.12,386030,169.76,177.5,165
10/23/2018 16:00:00,173.01,367075,168.25,174.18,166.58
10/24/2018 16:00:00,159.47,387810,173.91,176.31,159.25
10/25/2018 16:00:00,178.82,636226,173.29,180.99,167
10/26/2018 16:00:00,174.5,514653,170.5,180.99,168.91
10/29/2018 16:00:00,168.62,339907,180.13,180.13,164.47
10/30/2018 16:00:00,169.63,311839,165.41,173.61,161.45
10/31/2018 16:00:00,181.87,500393,173.51,182.42,171.78
11/1/2018 16:00:00,189.01,401175,181.78,190,177.58
11/2/2018 16:00:00,190.95,431957,189.88,195,186.68
11/5/2018 16:00:00,185.01,321337,188,189.1,183.12
11/6/2018 16:00:00,185.15,245612,185.38,188.73,182.63
11/7/2018 16:00:00,193.87,459903,188.38,195.91,186.63
11/8/2018 16:00:00,197.02,282627,193.51,197.6,192.62
11/9/2018 16:00:00,186.23,350693,194,194,183.19
11/12/2018 16:00:00,179.57,399942,184.77,184.77,173.15
11/13/2018 16:00:00,183.93,394588,181.2,185.57,177.7
11/14/2018 16:00:00,189,296728,185.99,191.18,185
11/15/2018 16:00:00,197.87,440777,188.16,199.05,187.85
11/16/2018 16:00:00,198.8,329782,191.99,199,190.21
11/19/2018 16:00:00,176.33,514116,198.45,199.25,176.02
11/20/2018 16:00:00,179.34,591654,164.8,180.42,162
11/21/2018 16:00:00,175.69,433921,185,185.99,175.34
11/22/2018 16:00:00,176.38,60647,175.99,178.1,175.41
11/23/2018 16:00:00,178.25,143645,174.5,180.11,172.17
11/26/2018 16:00:00,191.45,330223,182.25,191.58,181.3
11/27/2018 16:00:00,192.03,282111,188.88,194.72,187.61
11/28/2018 16:00:00,199,321398,194.67,199.1,193.68
11/29/2018 16:00:00,197.86,291531,198.7,201.06,194.3
11/30/2018 16:00:00,202.24,365850,199.02,203.15,197.07
12/3/2018 16:00:00,207.35,388433,207.49,209.6,203.36
12/4/2018 16:00:00,199.12,321887,205.87,210.05,197.91
12/5/2018 16:00:00,199.7,94341,200.99,203,196.5
12/6/2018 16:00:00,209.65,437888,191.71,210,190.8
12/7/2018 16:00:00,195.13,425300,208.7,212.25,193.18
12/10/2018 16:00:00,203.23,354638,195.28,203.23,192.96
12/11/2018 16:00:00,207.3,364193,207.34,212.76,205.21
12/12/2018 16:00:00,213.78,445825,211.01,218.25,210.56
12/13/2018 16:00:00,215.12,322361,215.94,219.3,213.16
12/14/2018 16:00:00,187.66,938899,198.68,199.59,187.24
12/17/2018 16:00:00,173.8,643867,187.24,187.24,172.52
12/18/2018 16:00:00,181.01,468950,180,183.13,176.58
12/19/2018 16:00:00,179.44,451595,182.02,188.8,177.86
12/20/2018 16:00:00,172.09,845565,177,181.99,164.27
12/21/2018 16:00:00,166.39,588559,173.22,173.96,165.59
12/24/2018 14:30:00,161.56,381252,162.6,166.85,160.02
12/27/2018 16:00:00,180.26,440135,171.03,180.5,171
12/28/2018 16:00:00,182.02,351144,183.77,185.45,176.58
12/31/2018 16:00:00,188.79,301294,185,191.65,184.1
1/2/2019 16:00:00,187.11,301619,182.02,188.99,179.14
1/3/2019 16:00:00,174.91,315696,184.84,184.84,174.59
1/4/2019 16:00:00,184.98,268375,180,186.75,179.15
1/7/2019 16:00:00,191.91,280448,186.86,193.9,185.2
1/8/2019 16:00:00,193.21,276355,195,199.09,191.68
1/9/2019 16:00:00,196.36,259798,194.65,198.67,191
1/10/2019 16:00:00,195.96,167895,194.86,198.3,191.51
1/11/2019 16:00:00,198.13,153081,194.81,199.11,194.62
1/14/2019 16:00:00,197.7,229633,195.2,199,191.75
1/15/2019 16:00:00,204.72,264690,198.9,205.88,198.47
1/16/2019 16:00:00,209.11,275748,206.03,210.24,203.56
1/17/2019 16:00:00,209.68,218971,208.97,212.6,207.68
1/18/2019 16:00:00,210.55,227862,212.5,212.5,209.05
1/21/2019 16:00:00,210.19,75030,210.25,211.78,208.04
1/22/2019 16:00:00,208.87,201559,209.33,211.27,205.67
1/23/2019 16:00:00,209.19,181361,210.88,213.8,206.5
1/24/2019 16:00:00,211.5,156830,209.01,212.73,208.87
1/25/2019 16:00:00,215.46,239174,212.91,216.37,212.2
1/28/2019 16:00:00,211.31,179931,211.64,213.82,210.2
1/29/2019 16:00:00,208.61,224604,212.87,212.87,205.07
1/30/2019 16:00:00,213.62,158752,211.11,214.04,208.8
1/31/2019 16:00:00,221.18,348123,213.5,222.83,212.95
2/1/2019 16:00:00,223.25,159086,221.25,223.76,219.33
2/4/2019 16:00:00,227.61,162584,223.55,229.37,223.55
2/5/2019 16:00:00,227.95,167961,228.64,232.25,227.56
2/6/2019 16:00:00,229.12,182619,226.6,229.82,225.04
2/7/2019 16:00:00,228.72,207143,226.89,231,226.89
2/8/2019 16:00:00,233.3,247981,226.8,234.69,225.25
2/11/2019 16:00:00,229.83,331573,235,239.5,229.83
2/12/2019 16:00:00,232.37,445503,216.7,232.93,212.82
2/13/2019 16:00:00,227.53,268912,235.54,238.18,226.4
2/14/2019 16:00:00,234.39,256703,227,235.51,226.05
2/15/2019 16:00:00,236.05,223146,235.03,236.68,230.36
2/19/2019 16:00:00,239.75,326150,237.03,245.5,235.5
2/20/2019 16:00:00,236.35,233163,241.04,242.6,233.56
2/21/2019 16:00:00,236.16,214292,236.97,238.25,233.74
2/22/2019 16:00:00,241.47,182962,237.63,241.47,236.89
2/25/2019 16:00:00,247.73,233607,244.99,248.74,242.68
2/26/2019 16:00:00,244.14,227205,246.86,248.2,242.52
2/27/2019 16:00:00,248.87,188078,243.96,248.97,242.74
2/28/2019 16:00:00,249.28,295398,248.95,252,247.12
3/1/2019 16:00:00,254.71,237569,252,256.35,250.33
3/4/2019 16:00:00,248.21,326014,255.55,259.39,243.17
3/5/2019 16:00:00,250.92,210787,248.21,252.68,245.98
3/6/2019 16:00:00,251.95,244359,251.8,252.9,247.54
3/7/2019 16:00:00,251.93,203623,251.05,255.3,248.41
3/8/2019 16:00:00,254.36,327946,245.13,254.74,243
3/11/2019 16:00:00,268.46,590493,256.9,269.35,256.68
3/12/2019 16:00:00,270.52,447751,268.46,272.61,264.24
3/13/2019 16:00:00,273.38,452299,272.5,275.5,269.94
3/14/2019 16:00:00,277.29,468177,272.99,279.38,271.21
3/15/2019 16:00:00,273.42,5829405,278.65,279.57,271.74
3/18/2019 16:00:00,274.92,422203,272.7,274.92,268.87
3/19/2019 16:00:00,268.77,539662,276.36,276.36,262.53
3/20/2019 16:00:00,267.48,362294,267.45,270.72,265
3/21/2019 16:00:00,274,316480,265.95,274.5,265.26
3/22/2019 16:00:00,267.02,462093,274.01,274.34,266.44
3/25/2019 16:00:00,269.9,329553,265.82,271.9,264
3/26/2019 16:00:00,273.53,397185,273.49,277.48,271.51
3/27/2019 16:00:00,268.37,348136,276.35,276.38,264
3/28/2019 16:00:00,273.54,289358,268.87,273.84,264.64
3/29/2019 16:00:00,275.86,216615,275.2,277.29,271.93
4/1/2019 16:00:00,274.38,249847,278.91,280.26,271.5
4/2/2019 16:00:00,268.84,404848,275.25,275.25,264.5
4/3/2019 16:00:00,273.7,342645,270.33,274.1,265.2
4/4/2019 16:00:00,260.25,580039,273.71,273.71,254.23
4/5/2019 16:00:00,263.56,239159,261.46,265,260.83
4/8/2019 16:00:00,266.42,264575,262.24,267.39,260.83
4/9/2019 16:00:00,271.82,380413,264.52,272.05,262.27
4/10/2019 16:00:00,275.15,239552,272.1,276.1,270.63
4/11/2019 16:00:00,282.17,263703,277.82,282.93,276.04
4/12/2019 16:00:00,286.47,394567,284.7,286.5,282.89
4/15/2019 16:00:00,291.67,248573,286.56,294.19,284.24
4/16/2019 16:00:00,287.48,272577,294.19,296.21,285.44
4/17/2019 16:00:00,289.53,193563,288.54,291.21,281.88
4/18/2019 16:00:00,295.45,244013,289.84,295.45,285.6
4/22/2019 16:00:00,299.49,203640,293.25,301.49,293.25
4/23/2019 16:00:00,299.79,280854,302.1,305.11,298.28
4/24/2019 16:00:00,296.33,240165,301.6,301.81,294.72
4/25/2019 16:00:00,295.37,177320,297.77,299.75,292.48
4/26/2019 16:00:00,299.1,273017,296.21,303.13,295.5
4/29/2019 16:00:00,303.04,224937,302.32,307.65,301.25
4/30/2019 16:00:00,325.75,554233,304,332.76,304
5/1/2019 16:00:00,331,464898,325.95,338.4,318.88
5/2/2019 16:00:00,343.85,675755,331.9,350.98,330.43
5/3/2019 16:00:00,354.86,308621,348.95,357.54,342.48
5/6/2019 16:00:00,357.14,375507,346.58,358.44,344.1
5/7/2019 16:00:00,348.07,341731,354,358.6,343.57
5/8/2019 16:00:00,352.67,260633,348,356,347
5/9/2019 16:00:00,350.2,254273,350,352.16,343.1
5/10/2019 16:00:00,347.27,419415,349.28,351.91,339.51
5/13/2019 16:00:00,337.78,387077,333.79,340.02,329.84
5/14/2019 16:00:00,340.87,370422,330.4,342.08,326.69
5/15/2019 16:00:00,355.01,248719,338.11,356.35,337.95
5/16/2019 16:00:00,374.49,483662,356.81,376,356.01
5/17/2019 16:00:00,368.05,301759,372.4,377,366.32
5/21/2019 16:00:00,365.94,272996,366.03,366.86,361.48
5/22/2019 16:00:00,373.54,285457,364.23,376.23,363.23
5/23/2019 16:00:00,365.87,263456,370,374.63,361.85
5/24/2019 16:00:00,370.73,220909,369.56,374.88,366.5
5/27/2019 16:00:00,376.23,99574,373,376.23,372.8
5/28/2019 16:00:00,381.42,716708,376.16,385.35,375
5/29/2019 16:00:00,367.85,290906,377.75,378.8,365.84
5/30/2019 16:00:00,374.06,181578,370.89,375,365.17
5/31/2019 16:00:00,371.84,201458,369.88,376.99,368.25
6/3/2019 16:00:00,355.84,435094,371.85,374.43,352.63
6/4/2019 16:00:00,367.95,453762,361.64,367.95,354.73
6/5/2019 16:00:00,392.24,465188,372.83,393,371.26
6/6/2019 16:00:00,397.46,335299,392.15,399.5,387.08
6/7/2019 16:00:00,405.69,386242,398.04,410.55,397.21
6/10/2019 16:00:00,407.35,322997,408.7,418.15,404.11
6/11/2019 16:00:00,407.49,295044,411.92,413.11,397.09
6/12/2019 16:00:00,413.9,250739,405.2,417,402.05
6/13/2019 16:00:00,409.69,249838,417.23,418.04,407.5
6/14/2019 16:00:00,409.15,228937,408.39,410.23,404
6/17/2019 16:00:00,410.53,205952,408.94,412.33,406.1
6/18/2019 16:00:00,407.19,220148,415.75,417.6,406.81
6/19/2019 16:00:00,434.95,455952,409.24,435.37,403.98
6/20/2019 16:00:00,433.02,401821,438.13,446.4,430.06
6/21/2019 16:00:00,431.5,719366,432.8,437.57,428.5
6/24/2019 16:00:00,410.7,319409,427.81,428.31,410.3
6/25/2019 16:00:00,373.79,456363,402.9,407.31,371.4
6/26/2019 16:00:00,379.45,322235,380,388.47,370.45
6/27/2019 16:00:00,394.66,282707,379.46,396.26,379.45
6/28/2019 16:00:00,393.58,261256,397.72,398.29,383.09
7/2/2019 16:00:00,409.2,222505,399.21,412.18,399.21
7/3/2019 16:00:00,410.35,190966,408.63,416.19,405.7
7/4/2019 16:00:00,414.04,52542,411.01,414.99,409.33
7/5/2019 16:00:00,410.59,274109,408.33,410.59,398.4
7/8/2019 16:00:00,421.47,324698,409.8,431.49,408.8
7/9/2019 16:00:00,422.74,291737,423.21,426,419.36
7/10/2019 16:00:00,417.24,220803,425.05,427.1,416.59
7/11/2019 16:00:00,411.21,171238,416.86,417.92,411.19
7/12/2019 16:00:00,404.06,236825,410.96,411.77,395.1
7/15/2019 16:00:00,422.8,219198,403.74,423.1,399
7/16/2019 16:00:00,415.6,193649,422.6,423.33,411.72
7/17/2019 16:00:00,424.65,324577,417.94,439.63,416.58
7/18/2019 16:00:00,431.43,244005,424.38,434.5,422.48
7/19/2019 16:00:00,431.05,212085,435.15,442.99,430.61
7/22/2019 16:00:00,439.46,185843,434.18,446.5,433.97
7/23/2019 16:00:00,434,231926,443.87,446,432
7/24/2019 16:00:00,433.34,194846,433.76,435.9,425.56
7/25/2019 16:00:00,438.79,234332,434.5,445.48,430.69
7/26/2019 16:00:00,442.99,195930,441.39,446.77,438.6
7/29/2019 16:00:00,420.47,427466,445.15,445.15,413
7/30/2019 16:00:00,413.83,223707,414.8,424.62,409.41
7/31/2019 16:00:00,419.41,303833,415.86,421.64,410.11
8/1/2019 16:00:00,451.58,613048,441.8,463,435
8/2/2019 16:00:00,438.95,411934,450.1,452.01,427.38
8/6/2019 16:00:00,441.88,367930,435,442.61,430
8/7/2019 16:00:00,453.65,348088,436.46,456.16,436.46
8/8/2019 16:00:00,473.1,337202,456.29,474.25,455.3
8/9/2019 16:00:00,488.36,444015,468.65,490.95,468.51
8/12/2019 16:00:00,485.68,323047,483.54,492.5,477.9
8/13/2019 16:00:00,488.49,328455,483.98,491.88,469.59
8/14/2019 16:00:00,470.07,405289,476.93,488.16,463
8/15/2019 16:00:00,467.52,311724,473.16,479.1,463.86
8/16/2019 16:00:00,476.54,246678,475.69,479.45,467.51
8/19/2019 16:00:00,481.62,186731,482.8,486.09,477
8/20/2019 16:00:00,499.15,290376,481,501.5,479.77
8/21/2019 16:00:00,519.07,305621,506.8,519.69,501
8/22/2019 16:00:00,517.05,308064,520,522,505.96
8/23/2019 16:00:00,508.41,450844,518.76,533,506.94
8/26/2019 16:00:00,524.34,296581,515.74,528.15,511.25
8/27/2019 16:00:00,541.49,486875,533.57,543.76,529.5
8/28/2019 16:00:00,525.63,365745,540.62,542.75,519.86
8/29/2019 16:00:00,522.06,309380,533.37,536.74,521.28
8/30/2019 16:00:00,512.82,493819,524.21,524.47,494.58
9/3/2019 16:00:00,512.58,305400,511.11,524.64,507.68
9/4/2019 16:00:00,511.33,275829,519.8,521.81,506.3
9/5/2019 16:00:00,519.51,299175,515.59,519.68,502.7
9/6/2019 16:00:00,501.7,240742,517.35,521.75,501.25
9/9/2019 16:00:00,472.05,453088,504.79,505,461.5
9/10/2019 16:00:00,442.98,315010,464.99,467.71,440.41
9/11/2019 16:00:00,458.28,374101,444.72,462.48,442.01
9/12/2019 16:00:00,471.1,301454,467.06,475.2,463.5
9/13/2019 16:00:00,449.23,316761,474.8,474.8,448.42
9/16/2019 16:00:00,447.48,234740,435,455,433.87
9/17/2019 16:00:00,435.67,294792,432.97,444.52,428.19
9/18/2019 16:00:00,432.8,238281,439,439,423.1
9/19/2019 16:00:00,430.65,151802,435,440.19,426.8
9/20/2019 16:00:00,423.13,483752,431.52,439.51,413.87
9/23/2019 16:00:00,415.5,195883,420.24,431.59,412.38
9/24/2019 16:00:00,390.72,459238,414.76,418.65,381.76
9/25/2019 16:00:00,417.54,352529,385.2,418.83,380.21
9/26/2019 16:00:00,415.72,212803,418.36,418.54,401.33
9/27/2019 16:00:00,404.9,187898,415.75,419.88,400.01
9/30/2019 16:00:00,412.3,255680,404.87,418.9,400.75
10/1/2019 16:00:00,414.16,234582,414.27,422.67,410
10/2/2019 16:00:00,412.87,154636,411,414.07,399.97
10/3/2019 16:00:00,434.16,227199,413.21,435.34,406.42
10/4/2019 16:00:00,435.53,185498,435.39,439.1,426.35
10/7/2019 16:00:00,433.99,137554,434.08,441,428.97
10/8/2019 16:00:00,414.39,190001,430,433.15,414.03
10/9/2019 16:00:00,418.65,137761,417.3,421.55,415.25
10/10/2019 16:00:00,431.24,180971,417.01,437.12,415
10/11/2019 16:00:00,434.98,278612,439.9,445.5,429.24
10/15/2019 16:00:00,456.91,278948,459,462.97,454.1
10/16/2019 16:00:00,426.94,170732,453.6,453.61,425.28
10/17/2019 16:00:00,435.6,142439,429.72,438.7,426.94
10/18/2019 16:00:00,412.16,229140,438.5,440,410.26
10/21/2019 16:00:00,418.04,229620,415.05,427.5,409
10/22/2019 16:00:00,392.02,249466,422.11,427.44,386.77
10/23/2019 16:00:00,388.21,160209,391.8,405,380.8
10/24/2019 16:00:00,422.34,293908,394.21,423.94,392.91
10/25/2019 16:00:00,414.58,141356,415.5,419.32,405
10/28/2019 16:00:00,422.75,157947,423.8,429.55,409
10/29/2019 16:00:00,409.36,233841,400,420.45,390.1
10/30/2019 16:00:00,419.91,135957,409.38,421.02,405
10/31/2019 16:00:00,413,151473,417.97,420.5,406.89
11/1/2019 16:00:00,416.19,114189,417,424.25,411.64
11/4/2019 16:00:00,405.23,238245,421.03,422.36,399.75
11/5/2019 16:00:00,389.15,234879,405.91,405.91,387.65
11/6/2019 16:00:00,388.99,196941,389.19,396.2,384.93
11/7/2019 16:00:00,376.54,210325,389.99,392,372.57
11/8/2019 16:00:00,393.75,194491,372.01,395.1,372.01
11/11/2019 16:00:00,401.41,160237,393.69,403.36,388.59
11/12/2019 16:00:00,404.9,144043,402.62,410.7,401
11/13/2019 16:00:00,416.28,254639,402.77,417.25,401.57
11/14/2019 16:00:00,413.81,132845,416.52,424,410.48
11/15/2019 16:00:00,413.19,107230,417,418.1,410
11/18/2019 16:00:00,426.66,234582,413.18,430.37,410.5
11/19/2019 16:00:00,419.65,160297,430.5,430.52,417
11/20/2019 16:00:00,421.76,167186,417.56,431.71,415.08
11/21/2019 16:00:00,419.86,131694,424.06,427.1,417.99
11/22/2019 16:00:00,418.26,130636,421.14,424.45,411.5
11/25/2019 16:00:00,421.85,131691,419.31,424.2,415.77
11/26/2019 16:00:00,443.57,364734,422.67,447.42,422.22
11/27/2019 16:00:00,453.19,224365,449.7,455.13,438
11/28/2019 16:00:00,454,39233,453.21,455.49,452.17
11/29/2019 16:00:00,445.45,128216,452.88,457.5,445.45
12/2/2019 16:00:00,440.21,265800,447.18,447.39,414.38
12/3/2019 16:00:00,466.42,248558,427.27,467,427.23
12/4/2019 16:00:00,490.77,329991,464.39,497.27,463.65
12/5/2019 16:00:00,479.25,212109,490.51,496.11,475
12/6/2019 16:00:00,483.35,169511,487,493.68,478.35
12/9/2019 16:00:00,489.94,259911,484.2,503.85,483
12/10/2019 16:00:00,487.04,184994,494,494,482.65
12/11/2019 16:00:00,491.71,167750,487.5,493.5,483.97
12/12/2019 16:00:00,489.61,227538,491.65,495.02,481.22
12/13/2019 16:00:00,508.43,312817,488.94,516.6,488.9
12/16/2019 16:00:00,517.42,221975,513.98,521.26,502.85
12/17/2019 16:00:00,510.85,252381,517.2,521.97,500.77
12/18/2019 16:00:00,520.56,391152,513,530.17,512.97
12/19/2019 16:00:00,516.06,178895,520.99,526.66,513.85
12/20/2019 16:00:00,513.22,715483,516.2,524.99,510.29
12/23/2019 16:00:00,511.62,243940,516.83,524.99,510.37
12/24/2019 13:30:00,525.39,125214,512.46,527.17,508.21
12/27/2019 16:00:00,534.76,156355,539.97,544,528
12/30/2019 16:00:00,517.79,162031,535.36,535.36,512.57
