Year,Month,Amount,Term,Zip,CreateJob,NoEmp,RealEstate,RevLineCr,UrbanRural,Default
2001,11,32812,36,92801,0,1,0,1,0,0
2001,4,30000,56,90505,0,1,0,1,0,0
2001,4,30000,36,92103,0,10,0,1,0,0
2003,10,50000,36,92108,0,6,0,1,0,0
2006,7,343000,240,91345,3,65,1,0,2,0
2003,7,55825,84,95831,0,1,0,1,0,0
2006,7,67047,84,90808,2,1,0,1,1,0
2004,4,17500,84,94583,0,4,0,1,2,0
2004,7,17536,84,94103,0,1,0,1,2,0
2004,1,33276,84,95746,0,12,0,1,2,0
2004,11,30502,60,95965,0,8,0,1,2,0
2006,12,25000,60,91505,7,13,0,1,2,0
2004,2,20000,84,94550,0,1,0,1,2,0
1997,12,1000000,300,92101,0,15,1,0,0,0
2004,6,10000,84,91356,0,22,0,1,2,0
2006,6,79000,240,92507,8,13,1,0,2,0
2006,2,249000,240,92507,8,13,1,0,2,0
2006,10,59450,84,91604,0,3,0,1,1,0
2004,4,25530,84,94080,0,3,0,1,2,0
2005,4,64000,32,95030,0,5,0,1,2,0
2005,12,39000,84,94901,0,4,0,0,2,0
2005,3,25000,84,94707,0,3,0,0,2,0
2005,4,32697,84,95037,0,2,0,1,2,0
2005,12,25000,84,91208,0,4,0,1,2,0
2005,10,10000,84,95630,0,1,0,1,2,0
2005,12,10000,84,93610,0,2,0,0,1,0
2005,12,35000,84,92656,0,1,0,0,2,0
1997,12,150500,300,92545,0,30,1,0,0,0
2005,9,100000,84,92708,0,8,0,0,2,0
2005,8,50000,84,92307,0,3,0,1,2,0
2005,2,11000,84,93546,0,2,0,1,1,0
2005,7,50000,84,92590,0,7,0,0,2,0
2005,9,229540,84,91941,0,6,0,1,2,0
2005,7,113000,84,92648,0,4,0,1,2,0
2005,8,50000,84,92083,2,18,0,0,2,0
2005,3,10000,84,91505,0,2,0,1,2,0
2005,7,100000,84,92260,4,58,0,0,2,0
2006,8,229000,240,95945,6,13,1,0,1,0
2005,7,50000,84,92887,0,4,0,1,2,0
2005,3,50000,84,95628,1,4,0,0,2,0
2005,6,50000,84,93604,1,30,0,0,1,0
2005,4,64000,84,94070,0,6,0,1,2,0
2005,1,60000,60,92879,0,2,0,0,2,0
2005,3,58602,84,94526,0,4,0,1,2,0
1997,7,100000,119,92115,0,3,0,0,0,0
2005,8,19700,84,90210,1,2,0,1,2,0
2005,11,67597,84,93010,0,5,0,1,2,0
2006,6,568000,240,92807,20,345,1,0,2,0
1997,6,357000,240,92056,13,7,1,0,0,0
2005,5,14900,84,91311,0,1,0,1,2,0
2005,5,10000,84,94588,0,1,0,1,2,0
2005,4,10000,36,91607,0,30,0,0,2,0
2005,6,10000,84,91914,0,2,0,1,2,0
2005,11,35000,84,92173,2,4,0,0,2,0
2005,2,139892,84,90274,1,4,0,1,2,0
1997,1,504000,300,90006,0,5,1,0,0,0
2005,9,111500,84,91030,3,12,0,1,2,0
2005,11,50000,84,91780,3,5,0,0,2,0
1997,8,48449,84,94706,0,1,0,0,2,0
2006,2,557000,240,94115,5,6,1,0,2,0
2005,9,12970,33,93906,0,1,0,0,2,0
2005,8,28500,84,91606,0,4,0,1,1,0
2005,5,79500,84,91201,0,4,0,1,2,0
2006,11,914000,240,92084,6,34,1,0,2,0
2005,4,30000,84,92627,0,6,0,1,2,0
2005,3,50000,84,90211,0,3,0,0,2,0
1997,4,302000,300,93611,0,6,1,0,0,0
2005,3,50000,84,90266,0,80,0,0,2,0
2005,7,92446,84,91601,0,1,0,1,2,0
2005,11,55000,84,94523,0,6,0,1,2,0
2005,7,93000,84,92101,1,5,0,1,2,0
2005,1,20000,36,92553,0,5,0,0,2,0
2005,2,69500,84,91776,3,3,0,1,2,0
2005,12,21500,84,92549,0,5,0,1,2,0
2006,4,150000,73,90201,69,31,0,1,2,0
2005,6,1240000,300,90631,0,21,1,0,2,0
2005,10,140000,84,92110,50,21,0,0,2,0
2005,4,22964,84,92110,50,21,0,1,2,0
1997,9,257000,300,92234,0,9,1,0,0,0
2005,9,65000,84,90004,1,1,0,1,2,0
2006,9,105000,240,92501,3,20,1,0,2,0
2005,9,61483,84,92404,0,1,0,1,2,0
1997,8,140000,120,93433,0,7,0,0,0,0
2005,5,70112,84,94104,0,3,0,1,2,0
2006,9,825000,120,93905,0,6,0,0,2,0
1997,8,720000,300,90004,0,7,1,0,0,0
2005,9,10800,60,93654,2,2,0,0,2,0
1997,6,369000,300,92630,0,130,1,0,0,0
2006,4,50000,84,92009,0,1,0,1,2,0
2006,5,329825,84,90266,0,1,0,1,2,0
2006,12,50000,84,91762,3,1,0,0,2,0
2006,10,98863,84,91789,0,5,0,1,1,0
2006,1,83768,84,91362,2,5,0,1,1,0
1997,5,100000,120,90004,0,7,0,0,0,0
2006,8,60399,84,94541,0,2,0,1,2,0
1997,5,50000,120,90706,0,1,0,0,0,0
2006,3,12973,84,94089,1,1,0,1,2,0
2006,7,40000,60,92653,1,7,0,1,2,0
2006,12,45736,84,90025,1,5,0,1,2,0
2006,12,252539,84,94111,0,2,0,1,2,0
2006,1,669000,240,92701,3,13,1,0,2,0
2006,7,49310,84,95128,0,3,0,1,2,0
2006,2,952000,300,91205,4,4,1,0,2,0
1997,10,500000,300,91360,0,10,1,0,0,0
2006,1,89500,84,90046,0,3,0,1,2,0
2006,1,65000,84,94541,0,1,0,1,2,0
2006,9,15000,84,94108,1,4,0,0,2,0
2006,12,905000,240,91730,5,34,1,0,2,0
2006,4,50000,84,90020,2,2,0,0,2,0
1998,10,50000,120,92509,0,2,0,0,0,0
2006,8,9350,55,91773,0,4,0,1,2,0
2006,3,50000,84,94023,0,1,0,1,2,0
2006,3,29000,84,90041,0,1,0,1,2,0
2006,7,452942,84,95361,3,1,0,1,2,0
2006,10,123471,84,94124,0,2,0,1,2,0
2006,4,1117000,240,92627,6,19,1,0,2,0
2006,1,50000,84,92106,0,3,0,1,2,0
2006,5,181219,84,94574,0,2,0,1,2,0
2006,2,89186,84,92648,1,2,0,1,2,0
2006,11,118885,84,92056,1,1,0,1,2,0
2006,6,399602,24,92106,0,2,0,1,2,0
2006,7,73000,84,94111,0,1,0,1,2,0
2006,6,89313,84,90274,0,1,0,1,2,0
1998,5,100000,120,94577,0,1,0,0,0,0
2006,7,14121,5,91733,0,1,0,1,2,0
2006,6,25000,84,94133,0,1,0,0,2,0
2006,1,990000,300,91208,4,8,1,0,2,0
2006,9,25000,84,95826,1,1,0,0,2,0
1998,3,105000,120,95540,0,1,0,0,0,0
2006,6,1525000,120,94545,0,15,0,0,2,0
2006,12,50000,84,93219,1,2,0,1,1,0
2006,7,278400,120,92592,2,3,0,0,2,0
2006,4,10000,84,90265,0,2,0,1,1,0
2006,1,62000,84,91786,0,3,0,0,2,0
2006,10,2000000,120,96013,0,150,0,0,1,0
2006,6,15000,84,95926,3,2,0,0,2,0
2006,10,110174,84,94117,3,8,0,1,2,0
2006,8,184101,69,93291,4,1,0,0,2,0
2006,2,100000,32,93292,4,1,0,1,2,0
2006,10,109842,84,92010,0,1,0,1,2,0
2006,3,164554,84,90720,0,2,0,1,2,0
2006,6,25000,84,91784,2,4,0,0,2,0
2006,12,20000,84,95128,0,1,0,1,2,0
2006,3,5000,84,93702,1,1,0,1,2,0
2006,6,10000,84,94044,0,1,0,1,2,0
2006,4,1000000,120,92544,0,23,0,0,2,0
2006,9,25000,84,90680,0,2,0,0,2,0
2006,7,25015,84,90680,0,2,0,1,2,0
2006,9,320000,120,93612,5,1,0,0,2,0
2006,11,5000,84,90212,10,6,0,1,2,0
2006,7,28000,60,95816,2,2,0,0,2,0
2006,8,263954,84,94070,0,1,0,1,2,0
2006,1,454000,240,95401,9,1,1,0,2,0
2006,6,11975,84,95678,1,2,0,1,2,0
2006,5,5000,84,90804,0,3,0,1,1,0
2006,1,89947,84,91304,0,1,0,1,2,0
2006,7,125000,90,90036,1,2,0,0,2,0
2006,7,161000,240,95451,10,35,1,0,2,0
1998,7,808600,109,90505,0,6,0,0,0,0
2006,12,76500,300,93257,2,2,1,0,1,0
2006,2,12500,84,93257,2,2,0,0,1,0
2006,6,10000,60,93257,2,2,0,1,1,0
2006,8,404000,240,94585,2,9,1,0,2,0
2006,9,15000,84,91355,0,7,0,1,2,0
2006,8,25000,84,93730,0,1,0,0,2,0
2006,9,100000,84,90716,0,2,0,0,2,0
2006,5,109368,36,93449,0,1,0,1,1,0
2006,8,344000,240,95337,10,5,1,0,2,0
2006,3,547000,240,94531,15,1,1,0,2,0
2006,3,48204,84,95131,2,2,0,1,2,0
2006,11,16000,84,95132,0,1,0,1,2,0
2006,7,309056,72,90010,5,8,0,1,2,0
2006,11,43922,84,92867,1,3,0,1,2,0
2006,3,78180,84,95110,0,3,0,1,2,0
2006,9,15000,84,90242,0,11,0,1,2,0
1998,4,100000,84,95201,0,21,0,0,0,0
2006,5,150000,240,92626,1,2,1,0,2,0
2006,5,15000,84,93221,0,1,0,0,2,0
2006,9,785000,240,95070,50,100,1,0,2,0
1998,11,27000,84,90066,0,6,0,0,0,0
1998,11,1000000,120,91405,0,20,0,0,0,0
2007,12,13000,84,95816,0,1,0,1,2,0
2007,6,25000,84,95959,0,1,0,0,2,0
2007,11,62758,84,95695,0,1,0,1,2,0
2007,12,68571,84,92886,0,1,0,1,2,0
2006,4,105000,120,95132,2,2,0,0,2,0
2006,5,10000,84,92359,3,1,0,1,2,0
2006,11,475000,240,94513,12,7,1,0,2,0
2007,12,15000,84,95377,0,1,0,0,2,0
2007,2,232760,84,95131,0,3,0,1,2,0
2007,5,70000,60,91344,0,4,0,0,2,0
2007,3,25000,84,94587,2,3,0,0,2,0
1998,2,360000,120,93529,0,7,0,0,0,0
2007,11,50000,90,94123,4,2,0,0,2,0
2007,8,25000,84,95131,0,1,0,0,2,0
1998,9,60000,84,94110,0,5,0,0,0,0
2007,1,25000,84,94087,0,1,0,1,2,0
2007,9,264888,84,94550,0,5,0,1,2,0
2007,3,102653,84,94404,2,1,0,1,2,0
1998,10,50000,120,90706,0,1,0,0,0,0
2006,8,109300,84,90094,1,1,0,1,2,0
2007,11,36379,84,92879,0,1,0,1,2,0
1998,11,60000,84,93933,0,5,0,0,0,0
2007,9,250000,12,93711,1,1,0,1,2,0
1998,7,100000,98,90717,0,20,0,0,0,0
2007,10,32100,60,95691,1,1,0,0,2,0
1998,6,29000,60,93232,0,4,0,0,0,0
1998,12,881800,276,93230,0,23,1,0,0,0
1998,10,105000,120,93003,0,6,0,0,0,0
2007,7,12550,84,92807,0,5,0,1,2,0
1998,11,188000,300,94134,0,7,1,0,0,0
2006,4,230500,300,91710,0,4,1,0,2,0
2006,5,389000,240,96001,37,13,1,0,1,0
2007,12,50000,84,92037,0,1,0,1,2,0
2006,4,18770,84,92083,0,1,0,1,2,0
1998,9,180000,300,91335,0,5,1,0,0,0
2007,4,25000,84,95014,0,2,0,0,2,0
2006,9,50000,84,92037,1,3,0,1,1,0
2007,6,22500,84,90040,0,4,0,1,2,0
1998,3,50000,84,90401,0,10,0,1,0,0
1998,10,688500,300,91340,2,4,1,0,0,0
2006,3,497000,240,93274,15,1,1,0,2,0
2007,10,94049,84,94941,0,2,0,1,2,0
2007,11,96367,84,94903,0,2,0,1,2,0
2007,9,87550,84,91204,0,9,0,1,2,0
2007,9,526000,300,91352,3,7,1,0,2,0
2007,7,19300,60,95138,0,2,0,0,2,0
2007,2,50000,84,93940,0,1,0,0,2,0
2006,10,100000,60,92404,2,2,0,0,2,0
2006,8,70460,84,95014,0,2,0,1,1,0
2007,10,37500,84,93003,0,16,0,1,2,0
2006,2,341000,240,94107,15,50,1,0,2,0
2006,11,104000,60,91324,0,2,0,0,2,0
2007,5,10000,84,94116,1,1,0,0,2,0
2006,8,580000,240,95816,15,16,1,0,2,0
2007,10,5000,84,95111,0,3,0,1,2,0
2007,5,35331,111,91101,0,6,0,0,2,0
1998,12,30000,84,93612,0,7,0,0,0,0
2007,7,47000,84,90069,0,12,0,1,2,0
1998,9,300000,120,93706,0,5,0,0,0,0
2007,12,30000,84,93710,1,4,0,1,2,0
2007,10,300000,120,92891,1,2,0,0,2,0
1998,8,134000,300,92116,0,1,1,0,0,0
2007,5,25000,84,91709,1,1,0,0,2,0
2006,5,60401,84,92656,0,4,0,1,2,0
2007,11,20500,84,90044,0,1,0,0,2,0
2006,2,286000,240,94531,5,15,1,0,2,0
1998,8,100000,120,90066,0,2,0,0,0,0
2006,3,165000,240,95834,30,5,1,0,2,0
2006,4,724000,240,95138,4,7,1,0,2,0
1998,7,32900,84,91776,0,25,0,1,0,0
2007,5,100000,84,94086,1,2,0,0,2,0
2006,10,371000,240,90068,5,5,1,0,2,0
1998,10,970000,276,92632,0,3,1,0,0,0
2006,5,598000,240,95138,2,7,1,0,2,0
2006,1,1003000,240,92408,7,7,1,0,2,0
2006,4,1836000,240,92019,26,1,1,0,2,0
2006,1,1386000,240,91104,8,6,1,0,2,0
2007,3,1329000,300,91405,1,4,1,0,2,0
2007,7,120000,300,91405,1,4,1,0,2,0
2006,1,764000,240,95111,45,140,1,0,2,0
2007,6,73750,84,95120,0,2,0,1,2,0
2007,2,52808,84,95501,0,1,0,1,1,0
2007,8,125347,84,94510,0,1,0,1,2,0
2006,4,150000,36,92606,3,6,0,1,2,0
2006,10,170000,84,91601,9,5,0,0,2,0
2007,2,30000,84,93921,0,1,0,1,2,0
2006,4,129783,84,92021,1,5,0,1,2,0
2007,7,5000,84,95382,0,1,0,1,2,0
2007,11,8500,84,92557,0,4,0,1,2,0
2007,9,50000,84,94560,0,2,0,1,2,0
2007,6,5000,84,95650,0,3,0,1,2,0
2007,5,15382,84,93458,0,1,0,1,2,0
2007,7,50000,84,92116,0,4,0,0,2,0
2007,8,15000,40,90057,0,0,0,0,2,0
2007,2,20100,84,92592,0,1,0,1,2,0
2007,11,300000,120,90660,0,8,0,0,2,0
2007,1,146000,240,92562,4,18,1,0,2,0
2007,9,93800,84,94104,1,3,0,1,2,0
1999,6,76000,108,90005,0,3,0,0,0,0
2007,11,58372,84,95023,0,1,0,1,2,0
2007,1,804000,240,92123,4,36,1,0,2,0
1999,7,326000,84,94114,0,5,0,0,0,0
2007,4,534200,288,93410,2,3,1,0,2,0
2007,2,350000,120,90015,11,0,0,0,2,0
2007,6,80000,60,91722,0,5,0,0,2,0
2007,12,43550,12,93401,2,2,0,1,1,0
2007,8,234000,240,90807,7,10,1,0,2,0
2007,11,49190,72,91355,0,9,0,1,2,0
2007,10,385024,84,90065,0,24,0,1,2,0
2007,3,1620000,240,95377,35,65,1,0,2,0
2007,5,883000,240,94118,2,2,1,0,2,0
2007,1,848000,240,95125,20,7,1,0,2,0
2007,11,35000,84,90242,0,8,0,1,2,0
2007,10,7500,120,92647,0,2,0,0,2,0
1999,1,124000,300,90044,0,7,1,0,0,0
2007,12,15000,84,94511,0,1,0,0,2,0
2007,9,544000,240,92701,11,1,1,0,2,0
2007,7,248000,240,92618,7,10,1,0,2,0
2007,9,322000,240,92618,7,10,1,0,2,0
2007,11,64900,84,95966,0,1,0,1,2,0
2007,7,44700,84,94533,0,10,0,0,2,0
1999,6,21200,84,94526,2,1,0,0,0,0
2007,10,85128,84,91423,0,2,0,1,2,0
2007,10,25500,84,93923,1,2,0,1,2,0
2007,4,15000,84,95828,1,1,0,0,2,0
2007,6,157000,240,95307,4,2,1,0,2,0
2007,1,51918,84,90405,0,1,0,1,2,0
2007,8,1124000,240,92121,8,15,1,0,2,0
2007,8,100000,84,93455,1,5,0,0,2,0
2007,11,1029000,240,94110,8,40,1,0,2,0
2007,4,798000,240,95678,19,4,1,0,2,0
2007,11,37500,84,93536,0,7,0,0,2,0
2007,5,409000,240,92117,3,5,1,0,2,0
2007,12,1491000,240,90505,3,20,1,0,2,0
1999,10,250000,120,90048,0,10,0,0,0,0
1999,4,150800,300,95961,0,4,1,0,0,0
2007,12,100000,24,90248,2,6,0,1,2,0
2007,12,597000,240,90807,60,40,1,0,2,0
2007,7,45000,84,91302,0,2,0,1,2,0
2007,5,161873,84,96161,0,1,0,1,1,0
2007,6,648000,240,94806,3,1,1,0,2,0
2007,5,35000,84,94539,0,1,0,0,2,0
2007,6,1400000,300,91205,0,2,1,0,2,0
2007,4,29672,84,95051,0,6,0,1,2,0
2007,3,20000,36,95490,0,2,0,0,1,0
2007,11,86967,84,94526,2,2,0,1,2,0
2007,3,310000,240,92618,2,3,1,0,2,0
2007,8,49320,84,94550,0,1,0,1,2,0
2007,11,641000,240,92056,10,70,1,0,2,0
2007,12,200000,12,90274,1,1,0,1,2,0
2007,12,55077,84,90241,2,4,0,1,1,0
2007,3,43753,84,90046,2,2,0,1,1,0
2007,8,17487,84,92805,0,1,0,1,2,0
2007,4,25000,84,92056,0,2,0,1,2,0
2007,2,10000,24,92801,0,2,0,0,2,0
2007,12,761000,240,92562,4,9,1,0,2,0
2007,2,231000,240,91914,3,1,1,0,2,0
2007,8,320500,168,95020,2,2,0,0,2,0
2007,9,50000,84,90066,2,2,0,1,2,0
2007,7,36317,84,91746,0,1,0,1,1,0
2007,2,529000,240,91910,8,25,1,0,2,0
2007,11,67011,84,94538,0,1,0,1,2,0
2007,8,110010,84,92129,0,2,0,1,2,0
2007,9,41471,84,95370,0,3,0,0,2,0
2007,11,61401,84,95926,0,1,0,1,2,0
2007,5,720000,240,92868,5,17,1,0,2,0
2007,5,200000,80,94925,0,2,0,0,2,0
2007,9,18238,84,92130,2,2,0,1,2,0
2007,12,115000,84,91748,1,2,0,1,2,0
2007,8,100000,85,94080,2,11,0,0,2,0
2007,10,48350,84,94544,0,1,0,1,2,0
2007,4,450000,120,91784,0,3,0,0,2,0
1999,11,216000,120,95010,0,7,0,0,0,0
2007,8,148000,120,92101,0,2,0,0,2,0
2008,3,70000,84,91364,0,2,0,1,2,0
1999,1,108000,300,92069,0,2,1,0,0,0
2007,12,1093000,240,94087,2,3,1,0,2,0
2007,7,125155,84,94602,4,6,0,1,1,0
1999,4,414000,240,93706,5,15,1,0,0,0
2007,8,277000,85,95340,1,1,0,0,2,0
2007,8,25000,84,91344,0,3,0,1,2,0
2008,10,12350,84,91789,0,6,0,1,2,0
2007,11,50000,36,91730,0,17,0,0,2,0
2007,7,585000,240,92065,18,42,1,0,1,0
2008,12,20000,84,91101,1,1,0,0,2,0
2007,9,1025000,240,93534,8,113,1,0,2,0
2007,11,89026,84,94610,0,32,0,1,2,0
2007,3,46543,84,90048,0,3,0,1,2,0
2007,4,27000,84,90004,0,1,0,1,2,0
1999,7,10000,84,90045,2,3,0,0,0,0
2007,12,45061,84,94541,0,5,0,1,2,0
2008,9,12500,109,95112,4,3,0,0,2,0
2008,11,15000,84,95123,0,1,0,1,2,0
1999,11,50000,108,90201,1,1,0,0,0,0
2007,4,425000,240,91768,2,4,1,0,2,0
2008,11,150000,84,91504,0,5,0,1,2,0
1999,5,394000,240,94618,10,6,1,0,0,0
2008,5,10121,84,92683,0,8,0,1,2,0
1999,7,300000,120,91605,0,12,0,0,0,0
1999,8,245000,240,94550,8,3,1,0,0,0
2007,3,20000,60,92115,0,3,0,0,2,0
2007,11,866900,120,92324,0,24,0,0,2,0
2008,2,10000,84,92103,1,1,0,1,2,0
2008,6,50000,84,95112,0,2,0,1,2,0
1999,2,315000,300,91744,0,10,1,0,0,0
2007,8,291000,240,94502,4,1,1,0,2,0
2007,1,25000,36,92705,0,1,0,0,2,0
2007,7,25000,36,92804,0,3,0,0,2,0
2007,8,29509,68,95337,0,3,0,1,1,0
2008,11,30665,84,95688,1,3,0,1,2,0
1999,5,158500,300,92069,0,8,1,0,0,0
2007,1,24939,84,92626,0,35,0,1,2,0
2007,5,22500,84,90069,0,3,0,1,2,0
2008,5,20100,84,92078,0,3,0,1,2,0
2007,2,281000,240,92801,1,3,1,0,2,0
2008,5,28163,28,95820,2,6,0,1,2,0
2007,1,268000,240,94531,4,2,1,0,2,0
2007,8,25000,60,92624,0,2,0,0,2,0
1999,1,252200,300,93065,4,74,1,0,0,0
1999,8,100000,120,93065,4,74,0,0,0,0
1999,10,510800,300,92653,0,67,1,0,0,0
2007,10,1799000,240,91364,5,10,1,0,2,0
2008,12,46000,84,95608,2,7,0,1,2,0
2007,12,30000,48,91978,0,1,0,0,2,0
2007,1,1048000,300,90680,12,12,1,0,2,0
2008,1,5600,84,91011,1,2,0,1,2,0
2008,11,30000,84,90024,0,4,0,1,2,0
2008,6,36034,60,94124,0,2,0,1,2,0
1999,8,307000,120,95405,0,16,0,0,0,0
2007,12,158144,84,90254,1,4,0,1,2,0
1999,10,452000,240,92084,4,16,1,0,0,0
2007,3,30000,84,91040,4,1,0,1,2,0
1999,6,501000,240,94545,0,15,1,0,0,0
2007,12,1596200,264,90255,5,25,1,0,2,0
1999,11,75000,120,90048,0,12,0,0,0,0
2007,9,40000,84,92868,5,3,0,1,2,0
2008,7,20000,84,90041,0,8,0,0,2,0
2007,1,268000,240,92656,5,4,1,0,2,0
2007,10,50000,84,92009,0,1,0,1,2,0
2008,8,80606,84,94010,0,2,0,1,2,0
2007,1,318000,240,95127,1,3,1,0,2,0
2007,6,1655000,240,94558,15,12,1,0,2,0
1999,7,180000,300,93001,0,10,1,0,2,0
2007,4,50000,60,94536,4,4,0,0,2,0
2007,9,1583000,240,95828,50,50,1,0,2,0
2008,6,34520,84,94514,0,4,0,1,2,0
2008,2,34433,84,91321,0,2,0,1,2,0
2008,3,47499,12,93401,0,4,0,1,1,0
1999,2,523000,240,92103,10,34,1,0,2,0
2008,5,148180,84,93004,0,1,0,1,2,0
1999,6,1000000,240,95132,0,10,1,0,2,0
2008,10,98653,84,92844,0,20,0,1,2,0
2008,12,675000,240,90254,4,3,1,0,2,0
2008,6,129972,84,91436,2,3,0,1,2,0
2008,2,201000,240,91723,10,20,1,0,2,0
1999,6,36000,120,94086,1,3,0,0,2,0
2008,12,33739,84,92037,0,3,0,1,2,0
1999,11,78800,60,95620,0,1,0,0,2,0
1999,7,212400,300,92345,3,11,1,0,2,0
2008,6,12500,120,95123,7,2,0,0,2,0
1999,12,405000,300,90045,4,12,1,0,2,0
1999,10,297000,300,90006,5,30,1,0,2,0
1999,11,180000,120,94609,0,3,0,0,2,0
2008,6,37725,84,92109,1,6,0,1,2,0
2008,6,364000,240,91361,2,3,1,0,2,0
2008,12,83943,84,90210,0,14,0,1,2,0
2008,11,365000,240,91710,1,18,1,0,2,0
2008,9,7500,84,91206,2,15,0,1,2,0
2008,8,910000,120,91206,2,15,0,0,2,0
2008,3,123799,84,95926,3,3,0,1,2,0
1999,3,526500,300,92707,0,10,1,0,2,0
1999,10,708000,301,92037,6,6,1,0,2,0
2008,8,165000,240,91355,1,5,1,0,2,0
2008,9,10000,114,90211,1,2,0,0,2,0
2008,8,575000,120,85008,0,5,0,0,2,0
2008,9,151463,84,92683,0,5,0,1,2,0
2008,8,296000,240,92056,1,3,1,0,2,0
2008,1,308500,84,92003,0,2,0,0,2,0
1999,5,450000,300,94115,4,4,1,0,2,0
2008,4,820000,240,91761,8,4,1,0,2,0
1999,4,320000,120,91423,0,16,0,0,2,0
1999,5,38000,300,93706,0,3,1,0,2,0
2008,12,639400,143,94080,10,20,0,0,2,0
2008,8,1682000,240,92154,10,20,1,0,2,0
2000,1,180000,300,96022,4,4,1,0,2,0
2008,7,658000,240,93063,1,5,1,0,2,0
2000,6,771000,240,92504,23,102,1,0,2,0
2008,8,750000,120,90028,0,12,0,0,2,0
2008,11,50000,36,93433,0,15,0,0,1,0
2009,8,50000,84,90066,0,1,0,1,2,0
2009,5,10000,120,95136,4,2,0,0,2,0
2009,5,2000000,108,92109,0,20,0,0,2,0
2008,7,130000,60,91321,3,1,0,0,2,0
2008,12,460000,84,90755,2,9,0,0,2,0
2009,8,5000,120,90272,0,3,0,0,2,0
2000,3,266400,300,91941,0,2,1,0,2,0
2009,3,25000,84,94044,1,2,0,0,2,0
2000,2,52200,60,95620,0,1,0,0,2,0
2008,8,712700,300,94401,9,9,1,0,2,0
2000,1,427500,300,94587,6,10,1,0,2,0
2000,6,200000,120,90026,2,1,0,0,2,0
2008,8,215000,240,91352,1,1,1,0,2,0
1989,9,93000,300,90222,0,1,1,0,0,0
2009,6,1665000,300,92024,1,1,1,0,2,0
2000,7,48270,60,92780,0,1,0,1,2,0
2009,5,285000,300,92562,0,4,1,0,2,0
2009,4,243000,90,91201,0,2,0,0,2,0
2008,3,250000,84,91362,3,15,0,0,2,0
2009,4,50000,84,92082,0,5,0,0,1,0
1989,7,252000,120,92691,0,10,0,0,0,0
2000,6,255000,300,90026,0,18,1,0,2,0
1989,12,85000,120,93003,0,4,0,0,0,0
2009,3,936000,120,92590,24,24,0,0,2,0
1989,7,50000,84,90650,0,3,0,0,0,0
1989,7,115000,216,93701,0,4,0,0,0,0
2000,5,125000,120,91932,0,5,0,0,2,0
2008,1,803000,240,91355,6,4,1,0,2,0
1989,12,49500,24,95525,0,3,0,0,0,0
2009,10,50570,84,95382,0,7,0,1,1,0
1989,5,50000,96,95066,0,10,0,0,0,0
1989,12,250000,120,92064,0,1,0,0,0,0
1989,7,212000,300,90745,0,12,1,0,0,0
2009,4,122049,84,92101,2,1,0,1,2,0
1989,7,200000,84,95825,0,10,0,0,0,0
1989,2,171000,240,92227,0,16,1,0,0,0
2009,5,10000,120,92114,5,2,0,0,2,0
1989,10,125000,84,95404,0,27,0,0,0,0
2000,12,180000,240,91901,6,2,1,0,2,0
1990,10,550000,120,90211,0,7,0,0,0,0
1990,3,230000,155,92675,0,12,0,0,0,0
1990,1,270000,240,90301,0,1,1,0,0,0
2000,1,138000,120,96093,2,2,0,0,1,0
2009,5,1500000,120,91502,0,23,0,0,2,0
1990,4,120000,300,95120,0,1,1,0,0,0
1990,10,115000,84,95129,0,3,0,0,0,0
2000,7,348000,300,93003,6,6,1,0,2,0
2000,12,723000,240,92865,3,3,1,0,2,0
1990,8,80000,84,92707,0,4,0,0,0,0
2000,9,480000,300,94925,0,3,1,0,2,0
2000,1,75000,60,95661,2,8,0,1,2,0
2009,6,25000,84,94501,0,3,0,0,2,0
2009,10,200000,84,90744,1,4,0,0,2,0
1990,12,90000,120,92408,0,6,0,0,0,0
2000,11,200000,120,91605,0,10,0,0,2,0
1990,10,100000,300,92020,0,5,1,0,0,0
2009,2,1556000,300,92037,2,8,1,0,2,0
2010,5,504000,120,91352,4,36,0,0,2,0
2010,6,872400,300,90266,0,4,1,0,2,0
2010,4,580000,300,90007,2,5,1,0,2,0
2000,8,225000,288,95076,0,1,1,0,2,0
2000,11,40000,84,93638,3,5,0,0,1,0
2000,8,1000000,306,92008,12,13,1,0,2,0
2000,2,250000,84,90302,10,55,0,0,2,0
2000,7,574000,240,91203,0,13,1,0,2,0
2010,11,446800,300,95131,2,2,1,0,2,0
2000,10,250000,120,90292,0,5,0,0,2,0
1990,7,150000,96,92675,0,4,0,0,0,0
2010,2,632100,300,92562,9,1,1,0,2,0
2010,10,1177500,300,92571,0,12,1,0,2,0
2000,9,129000,240,92102,4,6,1,0,2,0
2000,8,675000,300,90031,0,9,1,0,2,0
2000,10,183619,240,92802,5,5,1,0,2,0
2010,4,2000000,300,92121,0,32,1,0,2,0
2000,7,25200,60,95682,0,1,0,0,2,0
2000,3,500000,300,90005,0,10,1,0,2,0
2010,8,1150000,300,94901,0,3,1,0,2,0
2010,4,300000,300,93263,0,2,1,0,1,0
2000,5,222000,303,91723,0,2,1,0,2,0
2010,7,71015,84,92663,0,5,0,1,2,0
2010,3,450000,84,92844,2,20,0,0,2,0
2010,6,327000,240,90640,0,15,1,0,2,0
1990,4,161000,300,92082,0,2,1,0,0,0
2010,7,618000,300,91709,0,3,1,0,2,0
2000,4,500000,180,95069,2,3,0,0,2,0
2000,11,135000,300,93550,5,2,1,0,2,0
2010,10,100000,60,92673,8,13,0,0,2,0
2000,6,1344400,300,92111,0,26,1,0,2,0
2000,1,136500,300,92111,0,26,1,0,2,0
2010,3,225000,300,90301,0,10,1,0,2,0
2010,10,1665000,120,92806,0,150,0,0,2,0
2000,3,193000,300,95816,0,57,1,0,2,0
2000,7,126000,300,92651,0,4,1,0,2,0
2000,11,619000,240,94588,14,18,1,0,2,0
2000,6,64270,60,95765,0,5,0,1,2,0
2000,4,594000,300,91304,2,5,1,0,2,0
2010,9,250000,300,91709,0,3,1,0,2,0
2000,1,1149000,300,92805,4,130,1,0,2,0
2000,5,577000,240,92688,17,16,1,0,2,0
2000,9,292500,84,91761,20,2,0,0,2,0
2001,4,115400,120,95949,0,3,0,0,2,0
2001,12,333000,300,95115,0,1,1,0,2,0
2001,4,25000,114,93117,2,2,0,0,2,0
2001,1,517500,300,91786,0,10,1,0,2,0
2001,10,607000,306,92618,0,6,1,0,2,0
2010,9,35000,84,95628,2,4,0,1,2,0
2001,9,92370,83,92118,1,2,0,1,2,0
2001,6,414000,240,94545,4,47,1,0,2,0
2010,12,50300,84,91406,0,2,0,0,2,0
2010,6,215000,240,95678,8,14,1,0,2,0
2001,6,163000,240,92865,5,5,1,0,2,0
2001,3,100000,87,91203,2,10,0,0,2,0
2010,2,135000,84,94533,0,1,0,0,2,0
2010,1,5000,85,95380,2,2,0,0,2,0
2010,11,50000,84,91607,20,14,0,1,2,0
1990,11,35000,84,92028,0,2,0,0,0,0
2001,8,536000,240,92101,5,15,1,0,2,0
2001,4,162000,240,92590,5,3,1,0,2,0
2001,7,150000,240,92116,3,7,1,0,2,0
2001,5,314000,240,93307,5,5,1,0,2,0
2001,12,55000,36,90404,0,4,0,1,2,0
2001,12,75000,36,92887,3,3,0,1,2,0
2001,9,440000,240,92708,10,18,1,0,2,0
2001,2,229200,109,90670,0,2,0,0,2,0
2010,9,158772,84,91302,0,1,0,1,2,0
2001,6,125100,300,93635,0,2,1,0,2,0
1990,2,200000,108,91748,0,3,0,0,0,0
1990,5,90000,120,91311,0,4,0,0,0,0
2001,5,1000000,120,91408,2,68,0,0,2,0
2001,3,100000,84,93240,4,1,0,0,2,0
2001,10,100000,120,91352,1,3,0,0,2,0
2001,5,635000,240,91763,20,40,1,0,2,0
2010,10,29700,84,92625,1,1,0,1,2,0
2001,4,1000000,303,90066,0,1,1,0,2,0
2010,5,15003,84,90403,1,2,0,1,2,0
2010,12,205000,84,91352,1,3,0,0,2,0
2001,12,30000,60,95376,0,1,0,0,2,0
2010,4,250000,84,92618,0,10,0,1,2,0
2010,4,452000,240,95051,7,1,1,0,2,0
2010,2,55000,120,93309,1,1,0,0,1,0
2001,3,638000,300,91320,0,6,1,0,2,0
2001,10,80000,84,92243,8,1,0,0,1,0
2001,8,220000,120,94507,1,2,0,0,2,0
2001,2,306000,300,92315,7,3,1,0,2,0
2001,7,322400,240,93308,0,2,1,0,2,0
1990,6,150000,120,92360,0,2,0,0,0,0
2001,4,750000,300,95472,10,20,1,0,2,0
2001,1,249000,240,92104,4,12,1,0,2,0
2001,6,250000,84,92807,3,2,0,0,2,0
1991,9,25000,96,95066,0,10,0,0,0,0
2011,7,495000,84,93063,0,24,0,0,2,0
2011,11,538000,300,94014,0,6,1,0,2,0
2001,4,409500,300,93401,0,10,1,0,1,0
2011,12,510000,300,90034,0,14,1,0,2,0
1991,9,200000,120,91301,0,6,0,0,0,0
1991,10,60000,76,91011,0,2,0,0,0,0
2001,2,222700,300,91506,2,4,1,0,2,0
2001,9,158000,240,95376,2,6,1,0,2,0
1991,7,80000,84,92804,0,1,0,0,0,0
1991,4,210000,120,91301,0,2,0,0,0,0
2011,4,500000,120,95076,0,1,0,0,1,0
2001,6,254500,120,91405,1,1,0,0,2,0
1991,7,619000,240,92807,18,60,1,0,0,0
1991,6,50000,120,91326,0,5,0,0,0,0
2011,12,150000,84,95060,0,1,0,0,2,0
2001,3,99000,84,90201,0,2,0,0,2,0
2001,2,330000,300,90302,0,3,1,0,2,0
2011,8,512000,300,95971,0,1,1,0,2,0
2001,3,157000,300,91722,0,13,1,0,2,0
1991,1,75000,84,90278,0,3,0,0,0,0
2001,11,455000,120,94710,0,4,0,0,2,0
2011,1,12781,84,95501,0,2,0,1,1,0
2001,6,35000,60,94710,0,4,0,1,2,0
2011,7,90000,120,93726,0,3,0,0,2,0
2011,12,271800,300,92503,0,40,1,0,2,0
2001,9,181000,240,91006,3,2,1,0,2,0
1991,4,140000,84,93108,0,5,0,0,0,0
2001,12,333000,300,90006,0,35,1,0,2,0
2001,3,311600,300,94538,1,5,1,0,2,0
2001,12,254500,300,90803,0,20,1,0,2,0
2011,6,285000,14,92243,0,7,0,1,1,0
2001,8,545000,300,94103,4,6,1,0,2,0
2011,2,2315000,300,91502,6,6,1,0,2,0
1991,7,240000,300,95370,0,2,1,0,0,0
2001,9,143000,300,95205,0,50,1,0,2,0
2001,8,434000,240,94109,0,2,1,0,2,0
1991,3,369000,84,94577,0,9,0,0,0,0
2001,11,30619,84,95987,1,3,0,1,2,0
2001,10,1000000,240,92656,40,600,1,0,2,0
2001,8,270000,120,92109,0,12,0,0,2,0
1991,12,58000,120,94550,0,2,0,0,0,0
2001,7,135000,108,95540,0,2,0,0,1,0
1991,3,150000,180,92126,0,13,0,0,0,0
1991,8,183000,87,91604,0,4,0,0,0,0
1991,4,60000,84,94002,0,3,0,0,0,0
2001,5,220000,300,90640,0,1,1,0,2,0
1991,1,94000,120,95662,0,2,0,0,0,0
2001,7,435000,120,92324,1,3,0,0,2,0
1991,4,222280,240,95901,0,8,1,0,0,0
1991,10,110000,240,92373,0,7,1,0,0,0
1991,2,700000,272,95677,0,10,1,0,0,0
2001,12,400000,120,93308,15,9,0,0,2,0
2001,3,899000,304,95050,0,5,1,0,2,0
1991,6,135000,84,95827,0,25,0,0,0,0
2001,3,866800,300,95401,0,7,1,0,2,0
2001,7,435000,300,95404,0,5,1,0,2,0
2001,6,864000,300,91364,4,13,1,0,2,0
1991,12,60000,96,95076,0,2,0,0,0,0
1991,12,64700,72,95324,0,2,0,0,0,0
1991,9,100000,120,95005,0,5,0,0,0,0
2001,8,800100,300,94070,0,10,1,0,2,0
2001,10,168000,240,93060,5,15,1,0,2,0
2001,10,280000,300,95066,0,6,1,0,2,0
1991,3,85000,120,91020,0,3,0,0,0,0
2001,6,74300,300,91773,6,10,1,0,2,0
2001,7,848000,240,91331,6,24,1,0,2,0
2001,4,1000000,240,91201,40,55,1,0,2,0
2001,12,862500,123,91350,4,12,0,0,2,0
2001,12,120000,120,90241,0,5,0,0,2,0
1992,10,97500,276,92115,0,25,1,0,0,0
1992,10,626000,300,92115,0,25,1,0,0,0
2001,3,360000,300,90046,4,2,1,0,2,0
1992,8,320000,273,90024,0,4,1,0,0,0
2001,2,726000,240,90045,2,3,1,0,2,0
2001,12,235000,240,93711,5,5,1,0,2,0
1992,8,75000,84,93725,0,3,0,0,0,0
2001,12,428000,300,91205,0,6,1,0,2,0
2001,11,125000,66,92270,0,6,0,0,2,0
2001,4,150000,123,91606,1,4,0,0,2,0
2001,4,225000,180,90019,2,5,0,0,2,0
2001,12,300000,180,92064,4,8,0,0,2,0
2001,6,330000,84,93561,0,11,0,0,2,0
2001,10,96800,300,92105,0,12,1,0,2,0
2001,2,201000,84,91324,0,2,0,0,2,0
1992,5,170000,228,95006,0,10,0,0,0,0
2001,1,250000,120,91763,0,23,0,0,2,0
2001,2,375000,120,93455,0,15,0,0,2,0
2012,8,14915,84,92647,0,1,0,1,2,0
2001,11,614700,300,91355,0,9,1,0,2,0
2001,11,134000,300,91352,0,4,1,0,2,0
2001,6,280000,84,95833,5,1,0,0,2,0
2001,3,50000,12,93304,1,15,0,0,0,0
1992,1,65000,60,95361,0,2,0,0,0,0
2001,12,68000,240,91761,6,6,1,0,2,0
2001,4,296011,60,90036,0,20,0,1,2,0
1992,7,670000,240,93433,0,14,1,0,0,0
2001,1,1000000,240,92008,5,30,1,0,2,0
2001,1,115000,122,92108,0,8,0,0,1,0
2001,8,25000,84,95641,1,1,0,0,1,0
2001,8,152500,116,93063,1,2,0,0,2,0
2001,12,954000,240,90221,130,60,1,0,2,0
2002,10,396000,300,90042,0,8,1,0,2,0
2002,9,250000,180,92078,3,13,0,0,2,0
1992,3,80000,120,90232,0,5,0,0,0,0
2002,4,1000000,240,91436,16,129,1,0,2,0
2002,12,330000,120,91406,0,35,0,0,2,0
2002,5,145900,120,92121,0,1,0,0,2,0
2002,3,497000,300,91732,0,6,1,0,2,0
1992,3,130000,300,92391,0,13,1,0,0,0
2002,3,373000,240,92069,4,32,1,0,2,0
2002,1,175000,120,93004,0,3,0,0,2,0
1992,11,199598,300,91502,0,13,1,0,0,0
2002,9,857000,240,92833,15,57,1,0,2,0
2002,8,315000,300,94544,5,2,1,0,2,0
2002,2,377500,300,93940,0,2,1,0,2,0
2002,10,323000,300,92701,0,34,1,0,2,0
2002,11,732000,240,95113,2,9,1,0,2,0
2002,2,52983,84,95713,0,1,0,1,2,0
2002,5,50000,84,92802,0,1,0,0,2,0
1992,2,167300,120,94509,0,9,0,0,0,0
2002,4,283000,120,90241,0,4,0,0,2,0
2002,7,55000,84,92078,0,6,0,0,2,0
2002,11,125000,120,90404,0,2,0,0,2,0
2002,8,148500,300,92780,0,5,1,0,2,0
2002,5,712300,305,92835,0,10,1,0,2,0
2002,6,637000,300,96161,0,2,1,0,2,0
2002,5,1278000,240,90221,20,40,1,0,2,0
2002,11,346000,300,91761,2,5,1,0,2,0
2002,4,138000,240,95624,21,4,1,0,2,0
2002,4,760500,300,90670,0,10,1,0,2,0
2002,2,240500,108,92104,0,2,0,0,2,0
2002,12,150000,300,91910,0,3,1,0,2,0
2002,4,803000,240,92660,10,10,1,0,2,0
2002,2,186800,120,91362,0,1,0,0,2,0
2002,6,45000,36,92109,5,1,0,1,2,0
2002,2,218900,204,92886,0,2,0,0,2,0
2002,10,10000,36,92084,0,3,0,1,2,0
2002,6,331000,240,94103,0,6,1,0,2,0
2002,4,50000,84,95832,1,1,0,0,2,0
2002,5,496000,300,90277,0,2,1,0,2,0
2002,7,175000,300,91104,0,7,1,0,2,0
2002,7,150000,60,91016,5,8,0,0,2,0
2002,5,400000,300,93449,0,1,1,0,1,0
2002,11,738700,300,90019,5,2,1,0,2,0
2002,9,399000,240,90058,5,16,1,0,2,0
2002,3,30000,84,92604,1,4,0,1,2,0
2002,10,574000,300,91042,0,6,1,0,2,0
2002,3,1333000,120,94583,0,6,0,0,2,0
2002,1,201000,300,92590,2,1,1,0,2,0
2002,3,711000,240,91910,75,225,1,0,2,0
2002,3,30000,36,95966,0,1,0,0,2,0
2002,9,150000,96,93551,1,7,0,0,2,0
2002,7,50133,70,90019,1,1,0,1,2,0
2002,6,25000,36,92108,2,7,0,1,2,0
1993,2,100000,120,91324,0,8,0,0,0,0
2002,6,25000,60,92108,2,7,0,0,2,0
2002,2,191000,120,92057,0,2,0,0,2,0
2002,5,550000,300,95008,0,3,1,0,2,0
2002,10,10000,84,95482,0,1,0,1,2,0
2002,7,343400,300,92703,0,11,1,0,2,0
2002,2,925000,120,95661,0,6,0,0,2,0
2002,12,1000000,240,92881,32,65,1,0,2,0
2002,3,300000,252,95403,2,14,1,0,2,0
2002,9,223000,96,93101,2,10,0,0,2,0
2002,5,169300,288,93702,0,16,1,0,2,0
1993,4,60000,84,95401,0,15,0,0,0,0
2002,8,359000,228,92503,0,2,0,0,2,0
2002,4,416250,300,93101,2,10,1,0,2,0
2002,4,14300,84,92805,1,1,0,0,2,0
2002,1,370000,276,95822,0,5,1,0,2,0
2002,9,925000,300,90212,0,13,1,0,2,0
2002,3,135000,120,92844,0,3,0,0,2,0
2002,1,28300,84,94122,0,1,0,0,2,0
2002,5,666000,300,91207,0,2,1,0,2,0
2002,4,735000,300,92590,1,10,1,0,2,0
2002,11,84000,120,93101,2,5,0,0,2,0
2002,10,105000,84,92008,15,2,0,0,2,0
1993,7,317000,84,95405,0,30,0,0,0,0
2002,11,493400,300,91367,2,5,1,0,2,0
2002,5,595000,120,92110,0,9,0,0,2,0
1993,5,155000,120,92708,0,16,0,0,0,0
2002,3,12000,8,96161,1,7,0,0,2,0
2002,10,550000,300,94566,0,5,1,0,2,0
2002,1,1170000,300,90266,2,10,1,0,2,0
2002,9,150000,96,92806,0,9,0,0,2,0
2002,3,250000,74,93309,0,16,0,0,2,0
2002,3,1071000,240,94114,0,8,1,0,2,0
2002,5,1285000,120,91403,5,5,0,0,2,0
2002,4,243000,300,90015,0,2,1,0,2,0
2002,7,289000,300,90061,0,2,1,0,2,0
2002,5,1000000,300,91367,0,6,1,0,2,0
2002,9,50000,39,90046,4,1,0,1,2,1
2002,10,410500,300,95111,0,2,1,0,2,0
1993,11,412000,254,92672,0,4,1,0,0,0
2002,9,150000,84,92562,0,11,0,0,2,0
2002,5,1352100,276,91914,4,4,1,0,2,0
2002,3,576000,300,95125,0,8,1,0,2,0
2002,8,321300,300,93449,3,2,1,0,2,0
2002,3,20000,84,94607,2,4,0,0,0,0
2002,7,5000,1,90265,0,1,0,0,0,1
2002,3,1298000,240,91352,3,3,1,0,2,0
2002,1,600000,240,94591,3,3,1,0,2,0
2002,5,75000,60,93634,0,5,0,0,2,0
2002,12,1300000,240,92618,5,85,1,0,2,0
2002,8,21145,83,92111,0,1,0,1,2,0
2002,12,150000,36,91506,1,2,0,0,2,0
2002,6,1084000,300,91364,0,80,1,0,2,0
2002,6,150000,13,92677,3,2,0,0,2,1
2002,7,135000,91,93401,3,5,0,0,2,1
2002,9,904000,240,91364,75,237,1,0,2,0
2002,6,1250000,96,96001,6,13,0,0,2,0
2002,2,2000000,120,90505,5,48,0,0,2,0
1993,2,145590,60,91719,0,5,0,0,0,0
2002,8,153000,240,95901,1,2,1,0,2,0
2002,11,600000,300,91340,0,12,1,0,2,0
2002,1,183300,120,94063,1,4,0,0,2,0
2002,8,31458,60,92584,1,1,0,1,2,0
2002,10,138000,240,95358,3,3,1,0,2,0
2002,2,150000,78,92128,0,2,0,0,2,0
2002,4,12000,84,90620,0,1,0,1,2,0
2002,1,625500,300,91745,0,15,1,0,2,0
2002,6,25000,84,95667,1,1,0,0,2,0
2002,9,50000,84,91711,0,8,0,1,2,0
2002,9,1330000,300,90015,0,6,1,0,2,0
2002,8,292900,276,92505,0,14,1,0,2,0
2002,3,700000,84,92614,0,75,0,0,2,0
2002,8,42402,40,90210,2,4,0,1,2,1
2002,5,532000,240,92618,3,3,1,0,2,0
2002,5,739500,300,90706,0,8,1,0,2,0
2002,10,725000,300,95112,0,3,1,0,2,0
2002,5,43978,60,92037,0,2,0,1,2,0
1993,1,75000,120,92101,0,16,0,0,0,0
2002,2,23918,60,95100,0,2,0,1,2,0
2002,6,10000,84,90045,0,3,0,1,2,0
2002,7,240000,120,95002,15,2,0,0,2,0
2002,2,706100,300,92806,3,10,1,0,2,0
2002,3,541000,240,91405,25,57,1,0,2,0
2002,2,128000,240,93247,4,4,1,0,1,0
1993,10,286800,300,95366,0,6,1,0,0,0
2002,5,1282962,84,91406,1,10,0,0,2,0
2002,2,1232500,300,94544,0,20,1,0,2,0
2003,4,50000,84,90007,2,3,0,1,2,0
2003,1,107000,120,92120,2,1,0,0,2,0
1993,10,300000,120,94022,0,14,0,0,0,0
2003,5,1200000,300,90045,0,5,1,0,2,0
2003,1,562500,300,90260,0,12,1,0,2,0
2003,6,30000,84,90020,1,2,0,1,2,0
1993,2,50000,120,95684,0,1,0,0,0,0
2003,4,16200,36,92014,0,2,0,0,1,0
2003,6,10000,42,92056,5,2,0,1,2,1
1993,3,125000,132,92404,0,2,0,0,0,0
2003,7,15000,29,91606,0,2,0,0,2,1
2003,10,10000,84,90745,6,1,0,1,2,0
2003,5,40000,84,90068,0,1,0,1,2,0
1993,8,807500,300,94114,0,5,1,0,0,0
2003,3,50000,84,95125,0,2,0,0,2,0
2003,11,15000,30,94806,0,1,0,0,0,1
2003,5,50000,84,91761,0,30,0,1,2,0
2003,2,15092,84,96002,0,3,0,1,2,0
2003,5,118500,120,95993,1,2,0,0,2,0
2003,4,763000,300,90249,0,3,1,0,2,0
2003,11,35000,60,94545,1,2,0,0,2,0
2003,9,35000,13,92105,0,2,0,0,2,1
2003,3,15021,36,92316,0,1,0,1,2,0
2003,5,420000,300,94403,0,2,1,0,2,0
1993,7,200000,300,92507,0,6,1,0,0,0
2003,2,500000,300,90007,15,15,1,0,2,0
1993,4,234000,132,95127,0,1,0,0,0,0
2003,7,1020000,300,94044,0,9,1,0,2,0
2003,8,830000,120,92126,0,15,0,0,2,0
2003,2,10000,8,94568,1,2,0,0,2,1
2003,2,100000,300,90249,0,3,1,0,2,0
2003,6,35000,2,90003,1,4,0,0,2,1
1994,1,337600,300,91321,0,10,1,0,0,0
2003,7,35000,84,95207,0,8,0,0,2,0
2003,10,318700,300,92706,4,8,1,0,2,0
1994,1,397000,120,94070,0,15,0,0,0,0
2003,8,127000,240,95632,22,53,1,0,2,0
2003,1,10000,70,90401,7,2,0,0,0,1
2003,8,419000,120,95758,0,2,0,0,2,0
2003,1,999000,240,92879,10,13,1,0,2,0
2003,2,45000,41,91362,5,3,0,1,2,0
2003,6,500000,300,92590,10,1,1,0,2,0
2003,1,657000,240,92807,10,12,1,0,2,0
2003,6,397000,300,91307,1,1,1,0,2,0
2003,10,269000,240,92101,25,5,1,0,2,0
2003,6,31503,84,94509,1,3,0,1,2,0
2003,5,296200,300,91765,0,17,1,0,2,0
2003,2,50919,29,92704,0,8,0,0,2,1
2003,12,256000,240,92054,2,4,1,0,2,0
2003,5,25000,60,92116,0,1,0,1,2,0
2003,1,191584,120,95660,1,1,0,1,2,0
2003,10,500000,300,92683,0,2,1,0,2,0
2003,4,52656,36,95843,0,1,0,1,2,0
2003,6,78000,87,91362,0,6,0,0,2,0
2003,4,19100,84,92688,0,1,0,1,2,0
2003,9,500000,300,91331,2,6,1,0,2,0
2003,1,366000,240,91016,4,12,1,0,2,0
2003,11,50000,19,91364,2,3,0,1,2,1
2003,1,290000,120,90638,4,4,0,0,2,0
1994,9,180000,84,94521,0,3,0,0,0,0
2003,9,50000,84,91765,0,5,0,1,2,0
2003,6,500000,306,94533,0,2,1,0,2,0
2003,1,5000,57,94603,0,2,0,0,0,1
2003,5,298000,240,91604,6,12,1,0,2,0
2003,11,10000,84,90008,4,2,0,1,2,0
2003,9,40000,23,90004,0,3,0,1,2,1
2003,10,126000,240,90808,2,3,1,0,2,0
2003,8,120000,120,93442,1,1,0,0,1,0
2003,6,1300000,240,92054,5,15,1,0,2,0
2003,4,36000,36,93012,1,1,0,1,2,0
2003,5,10000,84,90266,0,1,0,1,2,0
2003,8,294000,300,90034,3,5,1,0,2,0
2003,7,151000,120,90034,3,5,0,0,2,0
2003,5,422000,240,92083,15,15,1,0,2,0
2003,6,26000,50,91205,1,2,0,0,2,1
2003,7,508500,300,92116,0,1,1,0,2,0
2003,7,77000,84,95008,5,7,0,1,2,0
2003,2,56355,19,92591,1,3,0,1,2,1
2003,11,120000,84,92111,0,6,0,1,2,0
2003,10,300000,120,94538,0,4,0,0,2,0
2003,2,16511,36,92270,0,1,0,1,1,0
2003,1,5000,84,91351,0,1,0,0,2,0
2003,7,123000,51,92307,1,15,0,0,2,1
2003,11,97500,84,91106,0,2,0,1,2,0
2003,2,372000,240,93551,32,65,1,0,2,0
2003,11,50000,60,92116,2,3,0,0,2,0
2003,1,351000,240,92646,10,17,1,0,2,0
2003,1,1054200,300,94010,0,2,1,0,2,0
2003,4,110000,96,94612,0,3,0,0,2,0
2003,7,946850,276,93727,0,2,1,0,2,0
2003,11,10000,84,90027,0,8,0,1,2,0
2003,8,204000,240,93301,4,4,1,0,2,0
2003,8,10000,36,92028,0,1,0,1,2,0
2003,6,50000,84,91744,0,2,0,1,2,0
2003,8,150000,84,92020,1,2,0,0,2,0
2003,8,5000,84,92677,0,2,0,1,2,0
1994,6,300000,84,90744,0,11,0,0,0,0
1994,9,220000,300,90744,0,11,1,0,0,0
2003,6,25000,63,93401,0,8,0,0,2,1
2003,4,150000,120,91040,0,2,0,0,2,0
2003,12,145000,126,92835,0,10,0,0,2,0
2003,6,4835,55,90057,0,1,0,1,2,1
2003,12,49950,58,91602,1,8,0,1,2,1
2003,10,10000,84,94589,0,1,0,0,0,0
2003,8,427100,300,91340,1,1,1,0,2,0
2003,2,25000,84,94559,0,3,0,1,2,0
2003,4,5000,84,90010,2,1,0,0,0,0
2003,11,10000,25,90010,1,4,0,0,0,1
2003,12,484000,72,96161,0,8,0,0,1,1
2003,11,107700,120,93101,0,10,0,0,2,0
2003,6,92800,120,91355,1,3,0,0,2,0
1994,5,345000,300,94065,0,16,1,0,0,0
2003,3,10000,84,92130,2,1,0,1,2,0
2003,7,1310000,120,95403,0,18,0,0,2,0
2003,2,571500,300,91406,2,8,1,0,2,0
2003,4,5000,84,90049,0,5,0,1,2,0
2003,11,765000,300,90010,0,2,1,0,2,0
2003,9,150000,60,92069,8,30,0,0,2,0
2003,7,765000,300,90601,13,70,1,0,2,0
2003,5,5000,74,94611,1,1,0,0,0,1
2003,7,127000,240,95667,0,14,1,0,1,0
2003,6,30000,83,93060,1,1,0,1,2,0
2003,8,25000,36,95747,0,1,0,1,2,0
2003,11,50000,58,94417,0,2,0,0,2,1
2003,5,25000,54,94546,5,1,0,0,2,1
2003,10,465000,300,92870,4,4,1,0,2,0
2003,5,45000,4,92129,2,1,0,1,2,1
2003,4,700000,300,91601,2,12,1,0,2,0
1994,1,58000,60,94577,0,7,0,0,0,0
2003,8,260000,120,93013,2,4,0,0,2,0
2003,12,150000,28,90068,3,4,0,0,2,1
2003,6,155000,6,90068,3,4,0,1,2,1
2003,4,40087,84,92014,1,1,0,1,1,0
2003,10,40111,84,91402,2,4,0,1,2,0
2003,5,150000,72,91604,2,6,0,0,2,0
2003,9,5000,61,90211,2,1,0,0,0,1
2003,6,10000,84,91702,0,1,0,0,2,0
2003,11,20000,84,91342,5,20,0,1,2,0
2003,10,1264600,300,92345,0,2,1,0,2,0
2003,12,10000,84,92392,0,1,0,1,2,0
2003,8,335000,120,90670,0,6,0,0,2,0
2003,8,31412,84,94618,25,2,0,1,2,0
2003,3,200000,120,91360,5,5,0,0,2,0
2003,7,150000,300,95126,0,21,1,0,2,0
1994,7,750000,84,94577,0,11,0,0,0,0
2003,8,45000,60,90631,0,2,0,0,2,0
2003,12,10000,84,92562,0,1,0,1,2,0
2003,10,500000,84,91406,0,71,0,0,2,0
2003,10,50620,23,82037,5,2,0,1,2,1
2003,9,9424,84,92844,0,2,0,1,2,0
2003,12,15000,84,95062,0,1,0,0,0,0
2003,4,340000,120,94107,3,3,0,0,2,0
2003,1,6000,84,90008,0,1,0,0,0,0
2003,11,24000,60,92311,0,1,0,0,2,0
2003,8,10000,84,91602,0,3,0,1,2,0
1994,10,275000,13,92010,0,5,0,0,0,1
2003,10,666000,84,92595,3,3,0,0,2,0
2003,10,221000,60,92841,0,15,0,0,2,0
2003,9,80000,84,94102,5,60,0,1,2,0
2003,3,100000,48,90275,0,8,0,0,2,0
2003,3,167000,120,92054,0,2,0,0,2,0
2003,12,297500,300,91411,2,6,1,0,2,0
2003,9,50030,25,93309,0,1,0,1,2,1
2003,5,603000,300,90004,5,25,1,0,2,0
2003,4,50000,84,95219,0,15,0,0,2,0
2003,2,81000,240,92595,3,3,1,0,2,0
2003,5,8600,84,90804,1,3,0,1,2,0
2003,3,768000,240,95207,15,70,1,0,2,0
2003,3,284000,240,95762,6,3,1,0,2,0
2003,6,459000,120,91356,0,2,0,0,2,0
2003,9,163726,83,92821,0,3,0,1,2,0
2003,10,5000,84,90057,0,1,0,0,2,0
2003,11,190000,120,92806,0,3,0,0,2,0
2003,7,307500,300,91042,1,2,1,0,2,0
2003,10,128683,82,95682,0,5,0,1,2,0
2003,12,951000,300,91602,2,4,1,0,2,0
2003,11,5000,79,90037,1,1,0,0,0,1
2003,10,502000,240,92880,5,6,1,0,2,0
2003,6,136000,240,94903,1,2,1,0,2,0
2003,2,50000,84,91730,2,11,0,0,2,0
2003,6,162000,87,90290,0,1,0,0,2,0
2003,6,106329,30,94526,0,1,0,1,2,1
2003,11,50000,84,93036,0,2,0,1,2,0
2003,7,10000,84,94417,0,2,0,1,2,0
2003,11,50000,84,92833,0,2,0,1,2,0
2003,10,14300,84,92065,0,1,0,1,1,0
2003,8,5292,27,95315,0,1,0,1,1,1
2003,5,640000,300,95401,0,10,1,0,2,0
2003,4,516000,240,93312,15,15,1,0,2,0
2003,3,7319,84,91104,0,2,0,1,2,0
2003,10,50000,84,92124,1,1,0,1,2,0
2003,5,904000,240,91764,13,13,1,0,2,0
2003,12,395000,240,92618,2,4,1,0,2,0
2003,5,25000,84,95437,0,1,0,0,2,0
2003,10,936000,240,94544,4,4,1,0,2,0
2003,4,110000,300,95901,0,4,1,0,2,0
2004,11,49750,51,91770,0,6,0,1,2,1
2004,8,250000,300,94070,0,7,1,0,2,0
2004,4,50000,63,91364,1,5,0,0,2,1
2004,12,135000,300,92405,4,4,1,0,2,0
2004,9,700000,300,92562,1,1,1,0,2,0
2004,1,65283,8,94541,3,10,0,1,2,1
2004,9,51831,84,91354,0,2,0,1,2,0
2004,2,337000,300,93022,2,1,1,0,2,0
2004,2,1530000,300,92656,1,7,1,0,2,0
2004,10,77300,84,92083,0,3,0,1,2,0
2004,3,460000,300,91505,1,1,1,0,2,0
2004,8,50000,31,92069,0,3,0,1,2,1
2004,10,57100,84,93550,5,4,0,0,2,0
2004,3,35000,84,95356,1,3,0,0,2,0
2004,10,9576,54,95624,0,3,0,1,2,1
2004,1,28073,50,95407,0,5,0,1,2,1
2004,9,10000,84,92397,0,12,0,1,2,0
2004,12,50000,57,91384,1,3,0,0,2,1
2004,8,907000,240,94403,63,244,1,0,2,0
2004,7,150000,120,92201,0,4,0,0,2,0
2004,3,275000,240,94609,18,90,1,0,2,0
2004,4,462000,300,91744,0,10,1,0,2,0
2004,10,680000,240,92701,20,20,1,0,2,0
2004,1,362000,240,92879,12,50,1,0,2,0
2004,11,6000,84,92345,0,3,0,1,2,0
2004,1,25500,20,92660,0,2,0,0,2,1
2004,12,22670,11,93446,0,2,0,1,1,1
2004,5,10000,84,92069,0,1,0,1,2,0
2004,9,208000,120,93101,2,10,0,0,2,0
2004,11,62126,84,90046,2,5,0,1,2,0
1994,1,65000,120,95821,0,2,0,0,0,0
2004,5,100000,12,90005,0,9,0,1,2,0
2004,8,135000,60,90601,0,2,0,0,2,0
2004,11,300000,108,95030,0,6,0,0,2,1
2004,10,50000,29,92660,0,9,0,1,2,1
2004,7,47752,59,90025,0,8,0,1,2,1
2004,5,64000,84,91604,5,1,0,1,2,0
2004,12,6000,34,93003,1,1,0,1,2,1
2004,6,89600,84,92673,0,15,0,1,2,0
2004,4,112583,22,94553,2,4,0,1,2,1
2004,1,450000,300,90038,0,5,1,0,2,0
2004,7,1385000,300,91405,3,7,1,0,2,0
2004,9,999000,240,92121,25,75,1,0,2,0
2004,2,44500,84,91604,2,8,0,1,2,0
2004,5,17443,17,94080,0,1,0,1,2,1
2004,10,10422,28,92101,0,1,0,1,2,1
2004,10,37000,55,92618,0,2,0,1,2,1
2004,11,1300000,240,94546,9,9,1,0,2,0
2004,5,100000,20,91306,0,6,0,0,2,1
2004,2,150000,106,93401,0,10,0,0,2,1
2004,7,35000,84,94506,0,1,0,0,2,0
2004,12,150000,205,93727,1,3,0,0,2,0
2004,3,589000,240,92626,14,34,1,0,2,0
2004,11,18000,37,92557,0,3,0,1,2,1
1994,4,25000,120,94509,0,2,0,0,0,0
2004,8,477000,300,92127,0,12,1,0,2,0
2004,8,17000,31,91942,0,1,0,1,2,1
2004,1,185000,84,90040,0,2,0,1,2,0
2004,4,128889,71,92009,0,2,0,1,2,0
1994,12,250000,60,92071,0,8,0,0,0,0
2004,2,50000,84,93446,0,3,0,0,2,0
1994,7,426000,300,91101,0,10,1,0,0,0
2004,10,591000,240,95815,0,107,1,0,2,0
2004,5,5000,40,91910,2,2,0,0,0,1
2004,10,207000,240,91006,6,4,1,0,2,0
2004,8,95500,25,95125,1,2,0,1,2,1
2004,6,10000,84,90405,0,2,0,1,2,0
2004,1,176000,240,92110,4,1,1,0,2,0
2004,9,5000,84,93225,1,2,0,0,0,0
2004,12,1298000,240,92126,15,85,1,0,2,0
2004,8,517000,240,92064,2,6,1,0,2,0
2004,6,281643,120,91706,0,3,0,0,2,0
2004,7,25000,60,93101,1,1,0,0,2,0
2004,10,20000,33,92604,0,1,0,1,2,0
2004,5,312000,45,94116,0,8,0,0,2,1
2004,5,75000,12,92106,0,2,0,1,2,0
2004,12,50000,17,91364,2,3,0,0,2,1
2004,1,42000,84,91792,0,2,0,1,2,0
2004,12,460000,84,95662,0,11,0,1,2,0
2004,11,750000,300,91724,0,3,1,0,2,0
2004,2,100000,12,90701,2,13,0,1,2,0
2004,5,824000,240,91601,4,7,1,0,2,0
2004,1,931000,240,95008,10,18,1,0,2,0
2004,9,498000,260,90241,0,1,1,0,2,0
2004,12,8165,84,92009,0,2,0,0,2,0
2004,5,472500,216,93901,0,3,0,0,2,1
2004,3,50000,84,91602,1,1,0,1,2,0
2004,7,15000,72,90043,0,1,0,1,2,0
2004,1,150000,96,95696,0,19,0,0,2,0
2004,2,5000,84,90067,0,1,0,1,2,0
2004,3,50000,84,92887,1,6,0,0,2,0
2004,7,27626,82,94564,0,2,0,1,2,0
2004,2,175000,240,94607,5,6,1,0,2,0
2004,1,721000,240,91352,6,2,1,0,2,0
2004,12,10000,84,92630,0,1,0,1,2,0
2004,3,25000,84,93561,0,4,0,0,1,0
2004,5,216429,8,95209,1,3,0,1,2,1
2004,3,252000,120,90066,0,6,0,0,2,0
2004,8,270000,294,90201,3,3,1,0,2,0
2004,7,31500,84,92131,0,19,0,1,2,0
2004,5,700000,120,90031,0,8,0,0,2,0
2004,3,187500,300,94511,0,6,1,0,2,0
2004,1,30390,84,91605,3,20,0,1,2,0
2004,10,371000,240,92701,10,20,1,0,2,0
2004,3,75000,120,91750,0,3,0,0,2,0
2004,11,200000,84,93308,1,7,0,1,2,0
2004,8,13200,32,92506,5,5,0,1,2,1
2004,2,10000,36,94591,0,4,0,1,2,1
2004,12,10000,84,92126,0,1,0,1,2,0
2004,4,140000,300,96130,2,4,1,0,2,0
2004,5,756000,240,91367,100,600,1,0,2,0
2004,12,100645,36,90045,5,2,0,1,2,1
2004,11,1001000,240,92592,27,3,1,0,2,0
2004,7,314300,300,95624,4,12,1,0,2,0
2004,12,249000,240,95863,11,9,1,0,2,0
2004,3,100000,60,91775,1,2,0,0,2,0
2004,8,77377,84,91789,0,3,0,1,2,0
2004,7,49950,58,91306,0,5,0,0,2,1
2004,6,25000,56,91942,0,1,0,1,2,1
2004,1,50000,84,90010,0,5,0,1,2,0
2004,4,40000,36,91730,6,26,0,1,2,0
2004,10,22000,27,90670,0,1,0,0,2,1
2004,4,50000,52,91606,0,5,0,1,2,1
2004,7,69451,84,92335,0,10,0,1,2,0
2004,8,1132000,240,95014,5,110,1,0,2,0
2004,11,10000,84,92807,0,1,0,1,2,0
2004,5,500000,300,90802,2,2,1,0,2,0
2004,12,800000,300,91504,0,14,1,0,2,0
2004,2,14500,84,92648,0,1,0,1,2,0
2004,1,75318,84,92660,0,3,0,1,2,0
2004,5,902000,300,94523,4,2,1,0,2,0
2004,9,924000,300,91104,0,6,1,0,2,0
2004,2,470000,240,95035,0,4,1,0,2,0
2004,12,480200,300,90028,0,1,1,0,2,0
2004,9,226612,1,96161,1,10,0,1,2,1
2004,10,53619,82,92701,0,4,0,1,2,0
2004,6,420000,208,94547,0,2,0,0,2,1
2004,10,80000,60,91104,0,3,0,1,2,0
2004,4,567000,300,95128,0,10,1,0,2,0
2004,1,371000,300,96145,3,3,1,0,2,0
2004,8,50000,84,90230,0,2,0,1,2,0
2004,5,55000,84,92677,0,4,0,1,2,0
2004,12,76609,19,91773,0,2,0,1,2,1
2004,10,527000,240,91913,2,5,1,0,2,0
2004,9,99000,38,92626,0,8,0,0,2,1
2004,9,158000,240,95102,4,11,1,0,2,0
2004,3,45000,84,93065,0,3,0,1,2,0
2004,3,539100,300,92648,0,25,1,0,2,0
2004,6,25000,1,93063,0,6,0,0,1,1
2004,6,20000,84,91364,0,2,0,1,2,0
2004,8,309000,120,93063,4,8,0,0,2,0
2004,7,188000,240,95831,3,1,1,0,2,0
2004,8,1467000,300,92260,3,15,1,0,2,0
2004,6,1656500,217,96145,2,4,0,0,2,1
2004,6,1080000,300,95126,8,2,1,0,2,0
2004,3,100000,84,92103,4,14,0,1,2,0
2004,7,91075,59,95661,2,58,0,1,2,0
2004,7,1423700,300,90260,0,20,1,0,2,0
2004,2,50000,38,95949,0,1,0,1,2,1
2004,6,269200,120,92660,0,39,0,0,2,0
2004,3,160000,84,92844,0,1,0,0,2,0
2004,2,1300000,240,92614,25,40,1,0,2,0
2004,1,1022400,120,92037,0,15,0,0,2,0
2004,8,144000,300,92685,0,11,1,0,2,0
2004,10,305000,240,94560,3,7,1,0,2,0
2004,6,60000,60,95051,0,2,0,0,2,0
2004,4,10000,84,91724,0,7,0,1,2,0
2004,9,231921,41,92553,0,12,0,1,2,1
2004,11,50000,84,90746,0,2,0,1,2,0
2004,1,461000,300,90019,0,8,1,0,2,0
2004,10,50000,36,92692,0,2,0,1,2,0
2004,5,10500,84,93613,0,1,0,1,2,0
2004,2,47179,84,95822,1,1,0,1,2,0
2004,5,269000,240,95112,4,11,1,0,2,0
2004,7,10215,36,92313,0,1,0,1,2,0
2004,8,20000,84,91776,3,4,0,1,2,0
2004,3,463500,120,92020,0,11,0,0,2,0
1994,4,110000,120,92103,0,5,0,0,0,0
2004,12,10000,27,95350,0,1,0,0,2,1
2004,3,50000,84,93101,0,2,0,0,2,0
2004,4,226268,22,94901,5,10,0,1,2,1
2004,5,10000,84,91910,0,1,0,1,2,0
2004,3,20186,16,92692,0,1,0,1,2,1
2004,12,536000,240,92069,25,130,1,0,2,0
2004,9,429000,300,90254,0,3,1,0,2,0
2004,3,50000,84,94558,0,7,0,1,2,0
2004,9,50000,29,93306,0,1,0,0,2,1
2004,3,50000,67,90638,0,4,0,1,2,1
2004,4,65000,12,90250,0,4,0,1,2,0
2004,1,70000,60,92508,0,3,0,1,2,0
2004,10,206557,84,90038,3,2,0,0,1,0
2004,3,130000,300,96093,0,6,1,0,1,0
2004,12,536000,240,92705,10,30,1,0,2,0
2004,11,145225,77,90038,3,2,0,1,1,0
2004,11,5000,84,95127,3,1,0,0,2,0
2004,6,37333,60,95492,1,2,0,0,2,0
2004,6,621000,300,94086,0,5,1,0,2,0
2004,6,155000,192,90601,0,6,0,0,2,0
2004,3,50000,84,92130,1,5,0,1,2,0
1995,8,45000,84,93257,0,4,0,0,0,0
1995,2,273000,300,81301,0,22,1,0,0,0
2004,9,1340000,85,91436,0,25,0,0,2,0
1995,5,994600,300,92121,0,8,1,0,0,0
2004,10,1899500,300,94710,19,20,1,0,2,0
2004,10,164502,84,92673,5,2,0,1,2,0
2004,3,45000,84,91745,0,2,0,1,2,0
2004,9,308000,240,95403,6,12,1,0,2,0
2004,4,50000,33,92663,2,12,0,0,2,1
2004,11,50000,60,91342,0,2,0,1,2,0
2004,2,63000,41,95682,2,6,0,1,1,1
2004,11,1340000,300,95404,0,17,1,0,2,0
2004,10,15000,84,94115,0,1,0,1,2,0
2004,11,675000,300,90022,4,16,1,0,2,0
2004,6,294000,300,92277,0,11,1,0,2,0
1995,4,401000,300,95621,0,8,1,0,0,0
2004,1,302400,300,92109,0,1,1,0,2,0
2004,3,208000,240,95817,5,3,1,0,2,0
2004,3,21081,36,90036,1,1,0,1,2,0
2004,6,23611,84,95610,0,1,0,1,2,0
2004,6,450000,300,92620,0,11,1,0,2,0
2004,11,661000,240,92882,2,4,1,0,2,0
2004,1,665000,240,92506,5,20,1,0,2,0
1995,5,45000,48,95118,0,3,0,0,0,0
2004,8,505000,240,92867,8,8,1,0,2,0
2004,12,60014,36,90066,0,1,0,1,2,0
1995,2,500000,300,95825,0,2,1,0,0,0
2004,9,58788,82,94553,0,1,0,1,2,0
2004,6,100000,12,90017,2,2,0,1,2,0
2005,11,675000,300,90015,0,3,1,0,2,0
1995,5,100000,84,93001,0,35,0,0,0,0
2005,1,200000,120,91606,0,5,0,0,2,0
2005,11,130000,60,90804,0,3,0,0,2,0
2005,7,410000,129,94133,0,3,0,0,2,1
2005,8,50000,84,91762,2,7,0,0,2,0
2005,9,35000,84,95608,1,1,0,0,2,0
2005,3,403700,300,90043,4,7,1,0,2,0
2005,11,100000,87,92614,0,1,0,0,2,1
2005,6,100000,24,91344,3,3,0,1,2,0
2005,2,640000,300,91342,5,5,1,0,2,0
2005,12,99340,38,90623,1,2,0,1,2,1
1995,11,100000,60,90006,0,6,0,0,0,0
2005,12,131000,120,91942,12,2,0,0,2,0
2005,6,45300,36,92021,0,1,0,1,2,0
2005,4,299200,270,95330,0,6,1,0,1,0
2005,8,186000,240,92868,4,5,1,0,2,0
2005,2,60000,60,93955,2,2,0,0,1,0
2005,12,652000,300,91780,4,8,1,0,2,0
2005,6,175000,84,95682,0,1,0,0,1,0
2005,7,25000,84,95037,0,1,0,1,2,0
2005,3,239000,240,95624,5,10,1,0,2,0
2005,2,100000,60,91411,1,9,0,0,2,0
2005,12,1300000,240,92666,8,12,1,0,2,0
2005,5,169000,240,95070,2,1,1,0,2,0
1995,2,456000,240,96001,9,70,1,0,0,0
2005,8,5000,84,90061,1,1,0,0,2,0
1995,1,100000,84,92663,0,5,0,0,0,0
2005,12,412000,240,92108,20,195,1,0,2,0
2005,1,549000,300,92804,0,3,1,0,2,0
2005,1,50000,59,92844,2,2,0,1,2,0
1995,11,63000,84,93446,0,1,0,0,0,0
2005,4,1440000,300,95662,0,2,1,0,2,0
2005,5,549000,240,91803,0,535,1,0,2,0
2005,11,889001,82,91411,1,9,0,1,2,0
1995,10,244836,300,92621,0,20,1,0,0,0
1995,5,221164,120,92621,0,15,0,0,0,0
1995,4,156000,300,94804,0,3,1,0,0,0
2005,4,100000,8,91765,4,4,0,0,2,1
2005,12,20000,84,92120,0,4,0,1,2,0
2005,12,639000,300,90066,1,15,1,0,2,0
2005,6,100000,84,92065,0,5,0,0,1,0
2005,9,253000,120,94070,0,2,0,0,2,0
1995,8,96000,84,92101,0,3,0,0,0,0
2005,9,178000,300,92563,1,2,1,0,2,0
2005,6,10000,84,92126,0,1,0,1,2,0
1995,2,41404,84,93930,0,8,0,0,0,0
1995,9,185000,300,92404,0,6,1,0,0,0
1995,4,105000,240,92701,9,13,1,0,0,0
2005,1,667000,240,95834,1,220,1,0,2,0
2005,8,50000,36,90004,2,2,0,0,2,0
1995,2,75000,86,91204,0,2,0,0,0,0
2005,1,704000,219,94014,2,2,0,0,2,1
2005,7,373000,240,91730,7,5,1,0,2,0
2005,10,218300,120,92101,3,8,0,0,2,0
2005,9,388000,240,92586,1,5,1,0,2,0
1995,10,30000,84,91748,0,5,0,0,0,0
2005,11,435000,240,90630,5,15,1,0,2,0
2005,7,400000,84,91367,0,11,0,0,2,0
2005,3,30030,84,90046,2,3,0,1,2,0
2005,9,85000,52,95616,0,3,0,0,2,1
1995,7,100000,120,91362,0,13,0,0,0,0
2005,8,50000,84,91739,0,1,0,0,2,0
2005,11,227000,300,92626,0,7,1,0,2,0
2005,12,56217,28,91403,1,1,0,1,2,1
2005,8,44076,60,90405,0,1,0,1,2,0
1995,2,100000,120,90006,0,1,0,0,0,0
1995,2,336500,288,91977,0,3,1,0,0,0
2005,12,321000,300,95131,1,2,1,0,2,0
2005,10,1512000,240,95131,75,140,1,0,2,0
1995,9,25000,84,94558,0,2,0,0,0,0
2005,4,1234000,240,94588,6,16,1,0,2,0
2005,6,100000,84,92543,0,1,0,1,2,0
2005,10,675000,263,95112,0,2,1,0,2,1
2005,6,21673,31,91203,0,10,0,1,2,1
1996,12,31833,84,92028,0,7,0,0,0,0
2005,9,238000,240,91354,1,3,1,0,2,0
1996,11,119500,84,92543,0,8,0,0,0,0
2005,8,519000,240,90301,12,27,1,0,2,0
2005,6,56960,84,92590,0,2,0,1,2,0
2005,12,250000,84,90505,10,50,0,0,2,0
2005,5,589000,267,94014,2,1,1,0,2,0
2005,4,1999000,240,93648,20,120,1,0,1,0
2005,6,320361,84,90069,0,1,0,1,2,0
2005,10,1525000,111,92595,0,3,0,0,2,1
2005,3,711000,240,91011,3,22,1,0,2,0
1996,7,37000,66,95660,0,4,0,0,0,1
2005,9,593000,240,92083,100,450,1,0,2,0
2005,5,325000,240,90723,11,13,1,0,2,0
2005,3,1256000,240,94580,5,40,1,0,2,0
2005,8,25000,84,95425,0,3,0,1,2,0
2005,3,39500,12,92392,2,1,0,1,2,0
1996,10,18000,85,95521,0,4,0,0,0,0
2005,3,1027000,240,93003,20,327,1,0,2,0
2005,7,1476000,240,93065,0,75,1,0,2,0
2005,2,144000,240,90044,0,1,1,0,2,0
2005,7,750000,120,95747,6,2,0,0,2,0
2005,7,297500,300,90301,0,10,1,0,2,0
2005,5,931000,240,92562,10,10,1,0,2,0
2005,4,294274,84,91502,0,8,0,1,2,0
2005,2,29426,60,94945,0,1,0,1,2,0
2005,8,16679,18,93638,0,1,0,1,2,1
2005,10,78000,60,90503,0,2,0,0,2,0
2005,2,962900,300,91702,5,11,1,0,2,0
2005,1,93000,240,90305,10,6,1,0,2,0
2005,6,853000,240,90230,12,14,1,0,2,0
2005,3,100706,84,90272,0,1,0,1,2,0
2005,2,24338,84,94114,0,1,0,1,2,0
2005,10,676000,240,92069,16,45,1,0,2,0
2005,11,2000000,300,90504,8,20,1,0,2,0
2005,8,76000,12,90014,0,2,0,1,2,0
2005,6,171000,240,95461,10,35,1,0,1,0
2005,4,600000,300,90028,0,5,1,0,2,0
2005,2,101750,19,92103,10,12,0,1,2,1
2005,7,10000,3,91302,10,2,0,0,2,1
2005,11,833000,240,95376,20,50,1,0,1,0
2005,4,241204,38,92692,2,5,0,1,2,1
1996,6,300000,123,95826,0,1,0,0,0,0
2005,2,770000,120,90069,2,2,0,0,2,0
2005,7,595000,168,91901,1,7,0,0,1,0
2005,9,300000,120,91105,50,50,0,0,2,0
2005,11,100880,14,95667,0,3,0,1,1,0
2005,12,37754,84,93612,0,6,0,1,2,0
2005,1,70000,290,95403,0,17,1,0,2,0
2005,2,356778,110,95630,9,1,0,0,2,1
2005,11,54691,84,92037,0,1,0,1,2,0
2005,12,371000,120,95002,0,21,0,0,2,0
1996,11,867000,240,90022,20,70,1,0,0,0
2005,8,39021,71,90041,0,1,0,1,2,0
2005,2,988000,240,91402,35,19,1,0,2,0
2005,8,150000,53,93446,0,5,0,0,1,1
2005,5,228000,240,91723,2,2,1,0,2,0
2005,2,1147500,220,95008,0,9,0,0,2,0
2005,6,88094,1,92660,0,2,0,1,2,1
2005,12,659000,240,92570,6,40,1,0,2,0
2005,10,35000,84,90274,1,2,0,1,2,0
1996,6,100000,84,95132,0,6,0,0,0,0
2005,10,22000,84,92009,0,1,0,1,2,0
2005,3,51272,28,94610,1,5,0,1,2,1
2005,12,679000,300,95112,1,1,1,0,2,0
2005,2,378000,300,94086,6,7,1,0,2,0
2005,12,427000,240,92251,12,13,1,0,1,0
2005,9,1059000,240,91764,15,57,1,0,2,0
2005,6,1283000,240,92618,28,22,1,0,2,0
2005,10,790000,300,94109,0,21,1,0,2,0
2005,6,221000,240,95138,3,5,1,0,2,0
2005,9,68402,84,94015,0,1,0,1,2,0
2005,11,120000,12,90026,0,7,0,1,2,0
2005,12,100635,84,92154,0,4,0,1,2,0
2005,3,264000,84,93923,1,1,0,0,1,0
1996,1,116000,240,95969,2,6,1,0,0,0
2005,2,466981,5,90301,0,5,0,1,2,1
2005,1,16792,25,91101,0,1,0,1,2,1
2005,5,32388,84,96120,0,2,0,1,1,0
2005,5,301740,9,90066,1,4,0,1,2,1
2005,4,1309500,12,92651,2,2,0,1,2,0
2005,12,100000,25,92827,4,7,0,0,2,1
2005,9,43705,1,91744,4,6,0,1,2,1
2005,12,433000,240,92618,9,11,1,0,2,0
2005,8,658500,300,95127,0,8,1,0,2,0
2005,11,81868,23,93518,0,4,0,1,1,1
2005,5,604000,250,90277,0,1,1,0,2,0
2005,11,233000,240,92562,30,650,1,0,2,0
2005,2,950000,227,95135,13,9,0,0,2,1
2005,3,247000,120,93550,0,12,0,0,2,0
2005,5,360000,95,93401,0,9,0,0,1,1
2005,7,50000,84,92653,0,2,0,1,2,0
1996,5,512000,300,92075,0,5,1,0,0,0
2005,6,177008,84,94558,0,1,0,1,2,0
2005,2,125000,96,92103,0,35,0,0,2,0
2005,11,550800,272,91915,2,2,1,0,2,1
2005,4,286000,240,94558,10,13,1,0,2,0
2005,2,372000,240,94523,1,2,1,0,2,0
2005,6,300000,91,92404,4,4,0,0,2,1
2006,4,330000,240,90038,5,11,1,0,2,0
2006,11,921421,260,92110,2,2,1,0,2,1
2006,8,820000,300,90660,0,8,1,0,2,0
2006,7,1046000,240,92101,50,88,1,0,2,0
2006,9,906000,240,95827,25,15,1,0,2,0
2006,3,1152000,240,90240,65,5,1,0,2,0
2006,8,270000,240,92121,20,1,1,0,2,0
2006,5,80000,60,92833,0,2,0,0,2,0
2006,4,29685,55,95356,0,5,0,1,2,1
2006,10,100000,84,90731,0,5,0,0,2,1
2006,6,145800,84,92663,0,2,0,0,1,0
1996,7,200000,84,94403,0,30,0,0,0,0
2006,8,338000,240,95841,9,3,1,0,2,0
2006,11,441000,240,91730,11,11,1,0,2,0
2006,9,150000,84,91405,0,3,0,0,2,0
1996,11,261900,240,92507,0,5,1,0,0,0
2006,4,32774,30,91505,0,4,0,1,2,1
2006,5,502200,300,91710,0,14,1,0,2,0
2006,8,370800,248,90706,0,3,1,0,2,0
2006,10,697500,300,92782,0,4,1,0,2,0
2006,8,50459,84,94541,0,10,0,1,2,0
2006,7,113503,84,92595,1,1,0,1,1,0
2006,1,832500,300,91770,0,5,1,0,2,0
2006,9,60046,56,95361,1,2,0,1,1,1
2006,12,152000,240,95688,4,9,1,0,2,0
2006,6,308500,300,92618,0,1,1,0,2,0
2006,3,1050000,120,92260,0,3,0,0,2,0
2006,12,70871,84,90808,0,1,0,1,2,0
2006,8,353444,60,92618,0,12,0,1,2,0
2006,9,45476,38,65757,0,1,0,1,2,1
1996,7,30000,84,94086,0,2,0,0,0,0
2006,2,78000,82,90302,3,3,0,0,2,0
1996,10,855000,90,94949,0,15,0,0,0,0
1996,10,65000,120,93611,0,6,0,0,0,0
1996,11,75000,96,94019,0,9,0,0,0,0
2006,12,134000,240,95215,2,2,1,0,2,0
2006,9,650000,230,95131,2,3,0,0,2,1
1996,5,172000,120,94002,0,4,0,0,0,0
2006,6,257000,84,94080,5,10,0,0,2,0
2006,3,193729,84,95050,0,3,0,1,2,0
2006,1,10300,60,95014,0,1,0,1,2,0
2006,8,1343000,240,91362,10,20,1,0,2,0
2006,8,541000,240,94403,1,12,1,0,2,0
2006,1,54783,28,91301,1,3,0,1,1,1
2006,11,207000,74,92503,0,7,0,0,2,1
2006,12,150000,180,94901,0,21,0,0,2,0
2006,3,576000,240,95368,17,23,1,0,2,0
2006,12,40000,60,91911,2,6,0,0,2,0
2006,7,23256,84,91911,2,6,0,1,2,0
2006,3,78050,53,91001,18,44,0,1,2,1
2006,1,40986,47,94991,0,1,0,1,2,1
2006,4,15000,84,90808,0,1,0,0,2,0
1996,9,94000,120,92335,0,2,0,0,0,0
2006,1,444000,240,95126,2,4,1,0,2,0
2006,6,100000,60,90404,0,2,0,0,2,0
2006,4,56740,84,92802,0,10,0,1,2,0
2006,3,1000000,59,90045,3,8,0,0,2,1
2006,10,240000,204,95354,3,1,0,0,2,1
2006,9,60000,36,91914,5,5,0,0,2,1
2006,1,1435000,240,92121,4,6,1,0,2,0
2006,11,1215000,276,95126,8,10,1,0,2,0
2006,3,380229,80,93291,2,1,0,1,2,0
2006,8,30300,60,93728,0,1,0,1,2,0
2006,7,339000,240,91910,4,4,1,0,2,0
2006,12,32568,48,93041,0,2,0,1,1,1
2006,5,19984,49,92084,4,1,0,1,2,1
1997,4,500000,84,90501,0,10,0,0,0,0
1997,10,175000,300,92064,0,2,1,0,0,0
1997,5,62221,210,92064,0,2,0,0,0,0
2006,6,25000,42,92130,0,1,0,0,2,1
2006,8,350000,84,90291,25,25,0,0,2,0
1997,4,50000,84,96093,0,1,0,0,0,0
2006,2,49186,84,92595,0,14,0,1,1,0
2006,2,34817,84,92692,0,2,0,1,1,0
1997,3,200000,300,96002,0,1,1,0,0,0
2006,4,15220,45,93662,0,1,0,1,2,1
2006,11,76353,32,92021,0,2,0,1,1,1
2006,9,12950,54,90640,0,2,0,1,2,1
2006,2,105766,84,92618,0,3,0,1,2,0
2006,5,92502,84,91902,0,3,0,1,1,0
2006,10,721000,240,95112,4,6,1,0,2,0
2006,2,1029000,240,91331,8,28,1,0,2,0
2006,6,150000,60,92346,0,5,0,0,2,0
1997,4,99000,300,92021,0,4,1,0,0,0
1997,2,50000,84,93012,0,2,0,0,0,0
1997,1,251150,120,91352,0,3,0,0,0,0
1997,7,35000,60,90068,0,4,0,1,0,0