Usage Stats,Referral History,Customer Rank,target
1.0540752293445808,-2.010162510600144,-0.9186890270160956,0
2.0332512306892734,-0.21277582256667493,-2.9474506145713617,0
1.0492325343777122,-2.2398776267899194,-0.7770798923732359,0
0.837035231482089,-1.9265583108951123,-1.1136858388525563,0
1.193769794531386,-1.550953423297332,-1.5395855845905475,0
1.629792838250055,-2.12834691379095,-0.707782400960506,0
0.6332872146486667,-1.4063475152687064,-1.8074672856883096,0
0.6324090443247116,0.8063793188690878,-4.184185737405338,0
-0.5481210383485275,-1.181125937311883,-2.0348323570670814,0
2.7405179940641236,-3.365419475807699,0.7292010718471245,0
1.5636835756116498,-2.605274829498451,-0.2545182972447806,0
2.6265989932938583,-1.580671626888539,-1.298591272296313,0
1.0719041286495048,-2.072070814334936,-0.9255496929665027,0
1.6446043537985122,-2.205185945227223,-0.7537284409475173,0
3.5659089077565365,-2.2073998110087585,-0.36092214892979,0
2.0182462971835413,-2.6697759516792114,-0.06494080435354599,0
0.9574649782305101,-0.2268182291984009,-3.0441004540058123,0
2.6974089590874626,-1.4122799650219267,-1.4945160007800669,0
0.6729388835966982,-1.8759360617468468,-1.1418817747186918,0
2.134219633198957,-1.0891121156959374,-1.9309191427577754,0
1.0566818688570352,-1.0965432943931488,-2.0619226012860246,0
1.9533684066155201,-1.2770347065968286,-1.7374575137061905,0
0.7202644336927326,-2.2145941083756515,-0.7583883122674047,0
2.6512615689844328,-1.461651062669538,-1.44160655014482,0
0.1675421971663591,-3.586069598707306,0.6772081652757782,0
3.041684222193707,-0.7955992284945879,-2.1257497244489922,0
0.9213411135524386,-1.559642801329301,-1.4403730598200102,0
1.5921002881639117,-2.359943229046345,-0.3955073476811659,0
2.079977080739475,-1.4026820067244312,-1.5536051750141167,0
1.0926305306945243,-2.9278428507881467,0.11135507202116068,0
1.5001512570377127,-1.70123738441911,-1.32478066331429,0
1.4172105693623571,-0.7677651495200064,-2.3739624806932995,0
1.3837927376511883,-0.782358664711376,-2.255537778068116,0
4.089679275756611,0.30735115714645267,4.000771327250504,1
-0.46778911863109873,-0.8985260649805565,1.504776356901784,1
1.6009874810046278,-1.5687779074240653,-1.413060157262572,0
1.2004792277605536,0.25306727060134837,-3.5541930988353796,0
3.2427901169542652,-0.4797713426150578,-2.5877581744205007,0
1.4879713620057011,-0.4595377576297024,-2.7025562624757224,0
-0.04933626728403495,-0.5127856374718026,-2.803566111502996,0
-0.19754213326716652,-2.0931629448636664,-0.9921561371316958,0
2.7303103690005246,-2.28859600591175,-0.4022865073365589,0
2.846599332186555,-1.449887061001705,-1.385279047777037,0
1.9671067002622842,-2.245936948933667,-0.6123465619167119,0
1.3965416307705538,-3.0133849804778032,0.1797930708529356,0
0.3025848655163639,-2.9297768165108624,-0.036384711018312865,0
2.9250080668933998,0.058300325763119165,-3.125528852055025,0
0.6413802137174358,-1.3881225302489755,1.9638971868521975,1
1.2003952628596122,-1.7783296415082608,-1.2233371872916154,0
0.6401374545665999,-2.560706210842322,-0.42506693623656844,0
0.8446574019378194,-0.7939055447754759,-2.376064274299275,0
1.9779596509015065,-2.6337734001590167,-0.1884388760464335,0
2.5933432411079265,-0.9072353710445178,-2.0960524216983334,0
0.3849193927372745,-2.280983286380879,-0.6741853407092082,0
0.488264081815837,-1.1687437292191265,-1.9379041024126518,0
1.1362658955797875,-2.169160783100825,1.2456839411189997,1
1.6379461341460184,-1.1120120772818765,-1.8672935436222515,0
1.2215585171607364,-2.1605806287728386,1.9870577482526974,1
2.5450387872283,-0.7149578199304478,-2.2532346475678064,0
1.544465362427875,-2.7999203693924444,-0.039444014526821114,0
2.359185406633862,-2.6897098243912057,0.0026841814824061228,0
1.6762321790555688,-1.816036124644441,-1.0714036809070044,0
-0.8865200795271919,-1.8602728893721145,-1.3553581577051346,0
1.8266165362579794,-1.1867597032097255,-1.7224876791579906,0
0.5361081779789606,-1.5307900724269126,-1.600856630842688,0
1.3754509698734358,0.39482281931106455,-3.6652219495013307,0
3.1417697566499276,-1.0059661815062686,-1.8586036913162483,0
0.6181254087373367,-0.8664274772189929,-2.3951839167997715,0
1.7842450617645336,-1.3949480927530074,2.126280439551576,1
2.7110183657325413,-1.6560452850324405,-1.1902354843985052,0
2.8486558997089966,-2.787767873662956,0.11524558001414098,0
0.03263406620124609,-0.36612564989592444,-2.91627693266846,0
3.1493334653197884,-3.1437048675878714,0.5439727911519499,0
0.326938888881497,-3.777207642747143,0.9936952260759364,0
1.3040781339411283,-2.4971204499852573,-0.41766592325790786,0
2.690569622230403,-1.5634669265400207,-1.2525144441548104,0
1.0181055125947054,-1.762812221143482,-1.2537061364610034,0
2.565689377357798,-0.4473071840403571,-2.5857167799748773,0
1.8915015979295007,-1.50929170732631,1.0455458227717074,1
0.6863320164520538,-0.49139473507611076,-2.739412883560508,0
0.8707434762066735,-0.7695901253107328,-2.333706671221301,0
0.9193844423943598,-1.9704143702882457,-1.0137013285953513,0
0.7264004381951077,-1.9990141147152178,-1.0253344236342885,0
0.9516553840304814,-1.4574427518400612,-1.6025590402439152,0
1.6226922888122532,-3.0724162433825937,0.2796310668947499,0
1.9854106768745274,-2.2100517216120816,-0.7016695581589464,0
2.1093885131539647,-2.0176937081302855,-0.8647410412320582,0
1.8920559610958427,-1.4687541911838968,-1.522463633436955,0
1.5211471414429611,-1.3999324622521432,-1.6270645876831065,0
1.097014581225297,-0.8280427681466822,-2.297961144368293,0
0.1981922147637203,-1.5079508773455705,-1.7081995160251884,0
2.192300747504984,-1.7463864242508496,-1.1482948572314395,0
0.2691954411087394,-2.3493175190150195,-0.718668251918946,0
2.2819208371340878,-0.8246407598859148,-2.13776522892039,0
3.535785855935825,-0.26776998232437865,-2.6099320159881034,0
1.6563037565807142,-1.9263194468349287,1.5622743976435185,1
1.3134902756943148,-2.270401299052386,-0.6487346945408838,0
0.5426762645477485,-1.23432006039113,-1.907896668071099,0
0.154643370910718,-1.825071371778198,-1.247273587610101,0
1.9155148326381077,-1.9922843271018411,-0.8800267643985802,0
1.6880319481713266,-2.0022722087478324,-0.8939339125345164,0
1.4108101007934268,-2.1315958530429056,-0.8668919831908359,0
1.0193364863905086,-0.9101669604849304,-2.234678081679885,0
2.864892325476187,-0.8773078356798059,-1.9600113862023962,0
2.188328554819124,-1.4710624757379958,-1.4547583465077394,0
-0.4854186334448052,-2.0438245335226197,-1.1604969143422545,0
1.5778621168220102,-3.756492558395391,0.2893072025279477,1
0.997550653077098,-1.28860425704769,-1.7877892991611641,0
3.0825625573879396,-1.811871098128013,-1.0941998831480308,0
1.8937306784620955,-1.7261290936544096,2.251424653339794,1
0.40013495001538435,-2.21231197241116,-0.7538858839475592,0
2.246471227189607,-1.9343807206686328,-0.9770647888211025,0
2.056126466407929,-1.1747510723981907,-1.762304427121288,0
0.8504165156020157,-1.5374301176649103,-1.4626061983818985,0
1.8196245015173123,-0.36809277825192677,-2.7555315343590605,0
1.1009367103316403,-1.3596552037552225,-1.6857566798581267,0
0.47996082273691254,-2.358844981746903,-0.5700390047901587,0
1.7445145682565109,-0.6925879024495695,-2.378727314116226,0
2.5371379200844677,-2.987828396723515,0.34295959885581206,0
2.476878314436594,-1.6127983436131066,-1.3023466403647266,0
2.082395732816236,-2.5261272866579696,-0.21279832586407088,0
1.4970407692821903,-2.6315601744421286,-0.29331891392773723,0
1.8972397534527887,-2.0292351251432486,-0.8180346191559255,0
1.5072275739916534,-0.5938433274238578,-2.496988027659304,0
0.8659685566557475,-0.4474350783663432,-2.809552299584598,0
1.29442712520675,-2.2633561026526814,-0.6288307416990154,0
0.9316520176756155,-2.5983729510413376,-0.3294010015798414,0
1.9016845648025447,-0.31184133929624647,-2.7791378994431013,0
0.4872242860077467,-1.7184616589272026,-1.3288702062070656,0
1.4298984616886077,-1.5086100988109916,-1.5554923671377925,0
1.3357857016270014,-1.53946461094817,-1.4505016200054628,0
1.7650585551734475,-1.3981824500670523,-1.6501774425666675,0
3.4420222590088905,-2.492682739362051,-0.16744459499047348,0
3.404373268221416,-1.0440770545005411,-1.8328650833067686,0
2.513874551793068,-2.2582452099267147,-0.51843036659754,0
2.1843775112506822,-1.542907668975578,-1.419353836017306,0
0.06695668589553927,-1.8494477128678477,-1.3035642225301465,0
2.550790201498146,-2.4122444480025678,-0.3850447185192909,0
2.3911331332100674,-1.942657180986095,-0.8886131890263897,0
1.2706771789103228,-1.998399671417412,-1.0127540503716612,0
1.1193549913863337,-0.2556160764432345,-2.928998111388047,0
2.2975000897793247,-2.3225418088943846,-0.46013934184797156,0
2.765610087718599,-0.35179945758653663,-2.6675779502144703,0
3.4903745936406327,-0.15431038810273856,2.720205407550922,1
0.8286522408301366,-1.1836140467752083,-1.9489060938694194,0
1.5160504667245782,0.7601941575202091,-4.061441239507643,0
-0.19282431621124396,-2.3579925017787327,-0.7865989841741701,0
2.4214370012791124,-1.386436142181474,-1.5711360261356466,0
0.1891949939869928,-2.3224061192312484,-0.6788028517154412,0
2.5240799651296535,-1.7578222745732552,-1.1797973987496708,0
0.9597175037066902,-2.6132089471122404,-0.25561289269744436,1
1.1139481277731558,-0.42455492227432323,-2.808036267475156,0
2.2707627460020428,-2.3854177018110523,-0.3733788556684665,0
1.543641018472413,-3.4281700799210935,0.6738807855142865,0
2.6118749904756338,-2.134977352502818,-0.6783811531167954,0
2.5444232114940566,-1.2193038932283145,-1.580717565834713,0
2.71942650077846,-1.2067504635129727,-1.713560541250071,0
2.278451904380031,-2.6166976829677635,-0.20131242671820782,0
0.1342080934474259,-0.8617038275772392,-2.338068644708186,0
3.874511198564502,0.4315628453835263,-3.4310158977469882,0
0.8962365826578282,-1.1223432130340725,-1.9931084354198085,0
-0.2738490756602412,-1.2810265554823455,-1.9207410645498624,0
0.672629853535243,-2.2237935444385686,-0.7159963718669461,0
-0.1561461151497059,-0.26498071375725973,-3.0524931393211814,0
0.40315988907804257,-2.1270340992348102,-0.9080683874986568,0
0.10953161826085411,-1.7188291146987384,-1.364294804094531,0
0.8921145108468269,-3.4923844491105074,0.6227793798433052,0
1.0845277518422196,-1.5222046153215034,-1.5904921595047585,0
0.38586686241553614,-0.9243893556831307,-2.253088067531823,0
-0.7664645626679829,-2.281731086585075,-0.8117041054237465,0
1.8969051035621982,-2.5272509384011927,-0.28783069651156445,0
-0.02141839021791836,-1.532407447293134,-1.67672247384063,0
0.7849947226014367,-1.8552595269436765,-1.2087614869519387,0
-0.29178880277046604,-1.4051809125812382,-1.8894291041498075,0
0.6605823309947819,-2.560902954904914,-0.3345178157044457,0
-0.08902945055972,-2.022334074938418,-1.1263410173037993,0
3.4609634378392005,-2.4846293536588884,2.257507242063096,1
1.8240233690999017,-0.5207960047995521,-2.545818955887242,0
2.0487585837955185,0.042242367433334316,-3.1822078830781155,0
1.0089053662432432,-1.5252489711706347,-1.4860982711410966,0
0.9194822999124374,-1.016896119164573,-2.0886093768077747,0
0.8215407132917166,-0.36853179624416876,-2.911441684678855,0
1.6145304999492556,-0.28848027525750086,-2.832932436907985,0
1.1090979100046272,-1.9076234233351788,-1.0292821579423905,0
0.1633508127113612,-1.3711908591731423,-1.8426828348606317,0
3.4809594161693282,-3.5241669227080488,1.0111316513021427,0
1.3262492553868395,-1.5372652954473611,-1.4397062202196638,0
1.6284773785490987,-0.6176116868480636,-2.5517333973564575,0
2.4806758129694324,-0.1766494736355615,-2.9237536710441705,0
-0.13893290925673552,-2.2165000582599137,-0.7791721626811893,0
1.8662205020497955,-1.8656164128987234,-0.9968298276981448,0
1.7390448130239688,-1.8636773520417194,-1.0235996277779722,0
0.9837638695396449,-0.8975432686072501,-2.207158277631289,0
1.248861134200128,-1.4895678258774876,1.9599782470882416,1
2.3399220858825514,0.02456485101896977,2.496274603066373,1
0.6581685721620059,-1.0214572492473644,-2.0127148633789007,0
1.6860335681635867,-1.6551376911944256,-1.3919955596354594,0
1.2854874332199868,-1.9866245352901926,-1.000357910707779,0
0.49233960932217813,-0.8577562813569619,-2.3329942213389336,0
1.9283985715364285,-0.9815559850193643,-2.044079545289086,0
0.652353881391875,-2.459336508934088,-0.42572185035761145,0
2.732350578801311,-1.9561688691218209,-0.8499843216740574,0
0.14111434122854005,-0.5482388458389145,-2.8373759281273374,0
1.8850291853376344,-1.158894780498613,-1.8292406534028398,0
2.6760166676614094,-2.243494594817796,-0.5282108716523536,0
2.4810010611747386,-0.6662267396536761,-2.2649774126056568,0
2.326644405570798,-0.8589940915906603,1.810704877669661,1
1.7611246845758757,-1.3530005954143578,-1.57098248031078,0
0.9273390847729476,-0.6548114144507698,-2.511279356040821,0
1.5826764922069374,-0.7834098790839373,0.9466470209340492,1
2.2833571362946024,-0.4263813922004067,-2.5830960358961708,0
2.3339161729348765,-1.3291989382285516,-1.6797798045490258,0
0.9167194270456657,-1.1869794618200393,-1.9903304349282387,0
-0.4307144772254836,-1.2063418648246804,-1.9536582994221914,0
3.6059326933775644,-2.537680336445753,-0.08036924903488818,0
3.7955437893600474,-2.7684008509147175,0.23513509834206725,0
2.945989514471985,-2.3807697975430533,-0.3632486234408321,0
2.6355324631458856,-2.920246685394747,0.22403903984620732,0
2.0618101176368153,-0.2127944009516698,-2.8838736113186663,0
1.96251219370824,0.42265274400325925,-3.660314512861874,0
2.370354513300085,-0.814769726910623,-2.2072641914083944,0
-0.23486533599400405,-1.8891367994680115,0.47818961233230284,1
1.3974993710993533,-1.8552308798034474,-1.0670241188923102,0
-0.46210563979008157,-1.8409086437679683,-1.272704514585813,0
1.1849154439289662,-1.3123322942315263,-1.797126218229511,0
0.019559310635636207,-2.2136232471167587,-0.774536219722759,0
1.6789690797499746,-1.0773297819675125,-1.9065774905720978,0
-1.1260912722657372,-0.4920176619116434,-2.965013213590255,0
2.7369409530857425,-1.8636283834453236,-0.8949978201253274,0
1.3567378649916453,-1.6286923118467165,-1.3235498069767258,0
3.0616617017610848,-1.3557253017978719,-1.6067042714976563,0
3.159116521625612,-1.6828586153581258,-1.087874472865626,0
0.27017726223568705,-1.4911430087548814,-1.6538876148184123,0
0.5923922119744064,-0.5717551842327626,-2.7175194447649504,0
2.404446603425955,-1.5942465510610342,-1.3193482101653884,0
1.9048675500166317,-2.1940075848057483,-0.682814701809314,0
0.7283179012321811,-1.0068968730743018,-2.111466567894849,0
0.9839360061106474,-2.405038578334114,-0.5409127585937962,0
2.58721202370375,-0.9687089784312242,-1.9965089587833194,0
3.0720258811399086,-3.4743235028393267,0.8786909660433571,0
1.6002972576897756,-0.255932148169854,-2.8912471406479563,0
1.4592524958329167,-2.3591469368126337,-0.4746499471038006,0
2.2617978076004563,-1.0807722432675129,-1.981805007833464,0
0.7819791661211278,-1.290690171303252,-1.7469812258373012,0
2.494991268650621,-3.515449647247153,1.1901319725512605,1
3.4123846435898515,-1.8271553723009715,2.770397719886175,1
0.6038488937926904,-1.3703784242583525,-1.7307901313187015,0
0.6482329038526408,-2.140711765958469,-0.8152941297958419,0
1.7457977422675588,-0.7646896344447772,-2.343359814041705,0
1.8684307039050807,-2.084694209085284,-0.8240336549625431,0
2.6467726002303316,-0.9797458172875506,2.683878224631316,1
1.8320292508974,-1.1965238903594995,-1.8229739589502532,0
0.8182291414143477,-2.85930645019292,-0.04967808434757104,0
-0.869349606682515,-1.6974280908714419,-1.4789758020433221,0
2.3441644339928587,-1.093915292744379,2.2094784085195043,1
1.4486848021268777,-2.5803908594208274,-0.2477678106635366,0
-0.19878658934206173,0.26890296928866,-3.6529307897866308,0
2.0257547402593956,-3.3520327830391645,0.6613366535141099,0
-0.49121300069458784,-1.7962861549136884,-1.4021704520042773,0
1.9984504439387796,-1.452539858021923,-1.4843867547693634,0
0.3881958328427273,-1.803730889196241,-1.26915305530018,0
2.9750070090886833,0.008386866983099095,3.3650227690604497,1
1.9451187993924957,-3.079186477555549,1.002125663537372,1
1.8011328181391908,-1.059134657791521,1.6274308401419302,1
1.3368280246586035,-2.9226681344616683,0.04823331741613868,0
1.6180520203908448,-2.6691023373373497,-0.06630827166538245,0
3.1461324963207424,0.2207360929453861,2.314482840045515,1
0.7622145634018989,-1.6434307471448708,-1.397520164972493,0
0.07362344715301616,-0.2495543663018529,-3.0730583567397263,0
1.3215319987737897,-1.44104704952251,-1.5274455150886947,0
1.642270966873905,-1.4670030488599495,1.4121328878661346,1
2.39312924418177,-1.322880962348553,-1.5620234611078954,0
2.5304091393363373,-0.6333544560968947,-2.347542618004761,0
0.32060139142185884,-2.1677041192954483,-0.8746495493341745,0
1.7169353429009055,-2.4012792786731083,-0.4495377827322089,0
0.9451236230401691,-1.0164887590497766,-2.0325214972786885,0
2.1999929798763187,-1.2812624509029416,-1.6990233845725793,0
2.5598710964062334,-1.5329720700427618,-1.4173864468873765,0
1.313018902398956,-0.7738372474795323,-2.2888980372143606,0
1.6553909141018068,-2.859017727866029,0.07585026493604419,0
-0.3335257041935271,-2.048555270257193,-1.0272203884257713,0
1.0005167312984693,-1.7775742335794358,0.793401731285402,1
2.057556178720301,-2.3235895754763383,-0.4833360849314141,0
1.7476226456103279,-1.8866369986078066,-1.0304917803301836,0
2.10118411023897,-0.831559747582487,-2.2014807901198568,0
0.6860804268394891,-1.6032647826284663,-1.5277436562376157,0
-0.0355035874465377,-2.5874493744083376,0.32949818802554387,1
0.8966226771649242,-1.4751488973245173,-1.6113356812676556,0
0.8129095856363584,-2.050264351606587,-0.937783650482639,0
2.437361380568499,-1.6800495069395656,-1.2132882613986293,0
0.40308148911606834,-1.0030035659101384,-2.156564633648036,0
2.3845883436193125,-1.2886808033190598,-1.6869864916018957,0
2.5270192224608863,-2.7780285595988676,0.037203434847634,0
1.3668045085692677,-0.4566341681150974,-2.628250726166277,0
1.0045236704370146,-0.4388474220583547,-2.7525510352169285,0
1.6606598880531112,-1.763314622398039,-1.137810510633025,0
1.6998351476926752,-0.7035480867636551,-2.36703505611743,0
2.644324697552644,-2.1319397383353107,-0.6687439580186263,0
1.2701130737365132,-2.507724059367767,-0.3745014821423436,0
2.628370028959316,-2.5627925249692067,-0.15448125829949455,0
0.6877698373779741,-0.4589861505876125,-2.7792816854906675,0
1.2013652273553435,-2.1091592657090352,-0.7699143263454862,0
2.263217755213381,-2.7236684117855017,-0.08330991992090864,0
0.43922622278985624,-1.9689477022545063,-1.0647569335011742,0
0.3296298770053556,-1.8859143798565778,-1.1022670205941085,0
2.9399083920735634,-0.702271367334817,2.280353242425925,1
2.2178637750476184,-2.351399478908118,-0.3783634361095094,0
2.11405280932643,-1.7506162517070631,-1.2154702573979437,0
-0.08625079928290846,-1.9728878892609925,-1.0964461417233813,0
1.2967081217794287,-1.3568463169040141,-1.6662147726115846,0
1.6496970346908224,-1.724214286233197,-1.221360477386725,0
0.7632793373677923,-0.7082675092710665,-2.3817376340961456,0
0.8646410826472164,-2.690798790673689,-0.2378187772467968,0
1.1223432508319182,-2.2870445144776017,1.1947972405914107,1
2.937910037120673,-2.007486774887062,-0.7661045848344269,0
0.22112310217665487,-1.6947923126480735,-1.4857054820719957,0
1.820226343853438,-1.35061400899627,-1.668962439985439,0
1.2817715331998074,0.2018491320032978,2.7715047924559864,1
1.1199901336163276,-0.8524828454049455,-2.265734372361474,0
2.6985259654570735,0.7748993740707588,-3.9750829115677306,0
3.3817487717702615,-0.921224911617498,-1.9616088216247927,0
1.5318496256245766,-0.4338975945981589,-2.7392176003591127,0
1.5863090600856267,-2.514126578634658,-0.299479034246221,0
0.541147143691061,-1.6855397919534896,-1.2671646181781728,0
1.0710747126653457,-2.0929433289944273,-0.8329095256144484,0
1.769984286352343,0.8985016872860911,2.636615440786038,1
1.1715620140144751,-1.6411817288870458,-1.3237279969751035,0
1.2262835224921398,-1.3008440027040606,-1.7132379670235733,0
1.536248800103813,-1.0424390763701017,-2.0022276328883075,0
-0.18132876813502286,-2.80313677469052,-0.8209186242895385,1
0.22111050530664556,-1.6470574231281274,-1.4564823110587377,0
1.5269513037975067,-0.34652300739081476,-2.814628564055911,0
0.8795497651936601,-0.828596188443393,-2.351981883047917,0
1.6274734725085014,-0.9787828656923753,1.6800622564399998,1
2.1436216684453337,-0.5302581372954335,-2.5157189441769177,0
2.61546815858381,-0.9963284746062099,-1.9676315759040262,0
3.7741729238886634,-2.375920217229684,-0.32488488639642354,0
1.154757205553394,-3.188208458094352,0.390655292560494,1
2.228034641746804,-0.9143736914064499,-2.1008971060089237,0
1.7835004599758584,-2.144316437862435,-0.7583857737328066,0
1.4938114150865534,-2.02736902961776,-0.9894919317076469,0
1.9641228497974155,-1.6665315402578977,-1.280950369283544,0
2.2628628343912895,-1.4622906166014382,-1.4006306060222005,0
4.000614372434775,-0.87824357638326,-1.9433574449770892,0
1.5434336272104787,-2.329217515035984,-0.5093319983550799,0
4.250964380887652,-1.6737517695204476,-0.9115926490306815,0
2.0121596636492223,-1.413473581422443,-1.5879818796324963,0
1.5060638674042988,-2.1663158548392447,-0.7282018153186314,0
3.2537660390112046,-2.57261093332051,-0.15924578475863105,0
1.1866871853439873,0.025727261296011994,-3.300174065338256,0
1.5075014122941313,-0.6149690386694774,1.6644166939171328,1
2.4753479962404263,0.969806434470279,-4.196018609245588,0
2.146915685876682,0.1806751457412401,-3.281855338042564,0
2.517263534347618,-3.0086877727406716,0.3130562442931155,0
4.109596680813795,-0.3496229496986607,-2.499452599524588,0
1.6658018067156108,-0.3324642503858948,-2.7435869412579574,0
2.775699236576441,-1.3281007542385732,-1.5234301804856247,0
2.4709483308958644,-0.9127729169389314,-2.1818898976785954,0
1.830509343674692,0.04593114507078533,-3.2081704948894205,0
1.2946079578357035,0.4891304811436177,1.8334862071347673,1
1.1567663686753253,-1.3229683196990027,-1.7794966304930857,0
1.6697035126148696,-1.601885774707102,-1.2580261396170382,0
0.5331638873765636,-0.8933304538597244,-2.377215701319326,0
1.195581788292543,-2.774340752181099,-0.03413906705686198,0
1.2222721226288933,-2.0774645150424567,-0.8693757177516019,0
3.4875432379900393,-1.6291796672872705,2.4281835723654632,1
3.00085284608573,-0.7345484430329494,-2.2618298719668535,0
1.783118339711666,-1.0572796632915633,-1.9723722937254222,0
0.9898863369057601,-1.5402209736134527,-1.5016831023704142,0
0.0759456752356018,-3.1693975145192113,0.23092942159456542,0
1.827503167725844,-2.18597226305239,-0.7205198238008145,0
0.739433965966223,-2.264077336277718,-0.6892206274178106,0
0.42164008887278337,-0.8665732492908923,-2.2351251147843962,0
1.4042433633193747,-4.117243948103528,-0.03889669667858797,1
-0.5089482999120922,-0.5009234083130496,-2.810600626547112,0
0.9449310696343999,-0.8410585300803708,-2.306854957644008,0
2.2408502727892943,-1.0877335257844487,-1.901312701995814,0
0.7423764444154005,-2.3474722899574747,-0.6457763999509735,0
-0.1634434706294332,-0.58748220648386,-2.6859010425098133,0
2.7370022013538735,-2.2843039070119415,-0.46396887309675283,0
0.49918597639479034,-2.054825734840093,1.1191855925410366,1
2.08001972542179,-2.2116401829408474,-0.650042032685494,0
1.1490693435685246,-0.5127540494690019,-2.742004746814059,0
1.3483972704611182,0.3446976701962752,-3.609638390624732,0
3.25422212698907,-1.960724690264673,-0.7926759993565087,0
1.135042979931536,-0.9679311656658292,-2.15959469656584,0
1.3618459288495943,-1.626926205113431,-1.4383159558646375,0
-0.521871073725169,-1.1253064032324258,-2.123889649458178,0
1.669074822061117,-0.7704698658044374,-2.290721246717246,0
1.4958087053295666,-2.673361776970931,-0.19090635354576557,0
2.1393964910700154,-2.8202812993828434,-0.016656863964632063,0
1.8710729892970779,-1.334255645470112,-1.5820626160990428,0
2.2322811163035077,-0.7720919906265094,-2.2482109901462115,0
3.027664567105707,0.31131322493164126,3.0398888910503086,1
0.7483722685047953,-1.6207494351348186,-1.4213078628118767,0
2.471360040661801,-2.593114116986243,-0.15733112147585726,0
3.0017262059110275,-0.7001860738762115,-2.1407062063246256,0
0.8479539854140911,-0.015492307710745834,1.5425700617935931,1
0.67422298283085,-1.3121575029150274,1.366151735702617,1
2.4435893550135286,-1.3174059464611008,-1.673412868628998,0
0.8273861797088207,-3.001100487391427,0.8144778567836507,1
0.8826841644198254,-0.9963707681581232,-2.1173031802801265,0
2.5754088870654597,-1.1541323421605776,-1.8829753092882329,0
1.8039811596441953,-1.638627925601193,-1.2302606989275273,0
0.2895426354933892,-1.9630313693566612,-1.217881358461278,0
3.585998673776504,-1.2832681955708278,-1.5497517539701093,0
2.4775982624545696,-3.2260950682032203,0.4993045919391561,0
1.7199913793855708,-2.100538765870332,-0.7252926012744545,0
1.0403856559912263,-2.8596134886268096,-0.0032300836844554315,0
1.9859860194765564,-0.9740785731467185,-1.9774256355045312,0
0.6423228631749479,-0.27051893204041577,-2.9880677189939124,0
4.4601551565314095,-1.3846950308694286,-1.3489132326203759,0
3.053615330024704,-1.5727008370075035,-1.3356069724449215,0
1.2151934297615092,-0.9922710242840077,-2.0334222950490957,0
1.289701041980832,-2.299148703301379,-0.5912691805817204,0
3.2872683415598853,-3.2834335054289356,0.7108293793331115,0
1.5041590571997676,-1.559403177115078,-1.3292146937851592,0
2.8310794169271896,-1.0269560642577837,-1.8227745908450996,0
3.575628633053978,-0.9889059361935175,-1.879242797986139,0
0.28149384534315613,-0.8901586373723863,-2.3897283479288722,0
1.1684795772374144,-1.8217784832171418,-1.2087906053361541,0
0.03379629364915426,0.2871358799284278,-3.7350480827197803,0
2.177553384193602,-0.5859063320270961,-2.524839311603511,0
-0.20522799604411746,-0.37855272382036875,-2.947123615601569,0
1.4195798883553912,-1.0709927346134607,-2.038269524477308,0
1.401148211487552,-0.7518187075486894,-2.386896233711499,0
3.1413042126028614,-1.8615519917370424,-0.9393939403798603,0
3.0746270617545206,-1.485395254681019,-1.3415790378039845,0
1.1861566859696848,-0.3455210570738294,-2.8640511668326454,0
2.0452721672405265,-0.5409231443138519,-2.519565648535424,0
1.905462082972068,0.7920586535266194,-4.100261886889445,0
1.9162509903303688,-1.3737811877930568,-1.614537555968697,0
1.7718830155115255,-0.9479648470471107,-2.1106678778463404,0
1.2144167666284094,0.5309266997909607,-3.8154866269585956,0
0.7024343150913915,-2.173918663267375,-0.8072701846089891,0
1.4565547472414464,-1.8505803142932622,-1.0529631020546906,0
1.9209816459845843,-0.7279167857036826,-2.263336687256913,0
0.9068787990471622,-0.5148652111203664,0.6721535705363288,1
2.6675687941144766,-2.7414973245408643,0.01563071456973164,0
1.756034323218561,-0.8390960592965121,-2.2492115814890776,0
0.1144397703639608,-0.30160002759582816,-3.0073515598372893,0
-0.23729061981610267,-0.9515866184131595,0.5426609297040548,1
2.527135143068339,-0.22692284101520577,2.9531432917836273,1
0.8528524295286715,-0.38744212361012087,-2.77143337675873,0
0.16849283946868443,-1.718016040190598,-1.4302965155739016,0
1.8175972553130562,-0.41450241777200936,-2.7468293596317075,0
0.8698071153553905,-1.5977026658607574,-1.5077217086884827,0
1.3738974362286367,-2.614885942623634,-0.20622691610638322,0
2.28831458017416,-1.5697089810990783,-1.3760874057495078,0
0.7823497856224966,-1.3458472791880078,-1.7406221907097539,0
0.4849631743939662,-1.487906696906879,-1.5879386730346723,0
2.710891273626143,-1.0247165073191287,-1.987820170114348,0
2.6152896497032847,-2.1289740260397974,-0.6570430313694547,0
1.827172855358041,-1.9655778094913101,-0.9755262065163192,0
0.5774744718999418,-2.573260948030181,-0.413709747864486,0
2.3622519879220354,-2.01681041779937,-0.8129950569447266,0
1.9774281585391176,-2.5099975134725634,-0.3310679777916534,0
2.066684434370714,-3.3894527116460864,0.9844404719784072,1
0.6528182805830547,-2.1752314246859936,-0.7691192045594718,0
0.514288809676788,-0.699168283085173,1.1157679517925625,1
2.1714074725141295,-0.7855766057306891,-2.154177445117641,0
2.2201419430917553,-2.6002116369025035,1.2731978588899553,1
2.089888148582588,-2.9778333148579748,0.24682013265562808,0
0.44851309570889786,-2.3386714178201644,-0.678620674722434,0
3.90433106736811,-1.940482486926058,1.7723041546412621,1
1.8863571551624223,-2.309612615052517,-0.575917750763039,0
0.6449816463639614,-1.011293384320179,-2.11355705212751,0
0.715831732330761,-0.8582601367666117,-2.3817685237198054,0
2.320039723480785,-2.4534865121242007,-0.2858339119501103,0
1.5626351527396642,-1.1591815329016444,-1.8417721716214315,0
0.2834335107826522,-2.4811183421553253,-0.595871822894978,0
3.6035687840500388,-2.8410280087945994,0.19579963246211518,0
-0.17335164277363124,-2.910947490230974,-0.07195686785774646,0
1.9198758458385239,-2.3561666176645772,-0.47807123224457926,0
-0.005636232161260191,-1.9830356861870322,-1.1244160260111196,0
-0.5474520536349692,-1.1604391330462773,-2.0519983031864375,0
2.2774425287844355,-2.6034206406074762,-0.16247233152959306,0
0.9524077070099068,-1.7808101626458477,-1.2513279093669751,0
2.6216234436732746,0.5193617172439486,2.9585418879486016,1
2.420556620989051,-3.1669479691470794,0.5753776871440932,0
2.2011438149860916,-2.042129172245928,-0.7911792023848019,0
2.0817317395863935,-1.9007771753200957,-1.0224955741419455,0
2.13789302370171,-2.127478386365291,-0.7214303600712765,0
2.0040226402658505,-1.1534028892972161,-1.8174678366698855,0
1.5227547288190268,-1.443872612336323,1.8108499188922154,1
0.6379622402243597,-1.5132304929851492,-1.653151697085368,0
2.18252525471609,-1.8016842486760183,-1.1223017440708747,0
1.5032395454912522,1.4664229886089033,-4.8359798269789955,0
2.845347586615874,-2.751012533627973,0.041634982906571416,0
-0.21105229404940462,-0.2633340974950633,-3.0394578187157384,0
1.6634859323386701,-0.1279368279376838,-3.1025451819215655,0
0.7255410431444343,-1.0990948282150554,-2.0061277070749455,0
0.8234757712344117,-1.034072353698232,-2.02375502139492,0
1.7891292621133779,-0.9559281705973317,-2.086131194439005,0
1.503064748212931,-2.089273154577842,-0.7862608139080933,0
2.3855874250838838,0.5153813373380971,-3.7091071439601335,0
1.4486279845229908,-1.4280624443818353,-1.6570543250795775,0
-1.3063492054704886,-1.7779827440630442,-1.5139577995567888,0
2.7742582825246984,0.4549281850030018,-3.636271090631965,0
2.4451244684160542,-1.9556314894487126,-0.8494084091898167,0
1.834781253109408,-1.1365819252396883,-1.8893693568608558,0
1.0516531051308489,-1.5079892328724562,-1.5401277290143636,0
-0.43539664341384854,-1.2116913850893127,-1.97436425039797,0
1.6173735884040796,-0.9481262402323474,1.2571296471038071,1
1.124561199394263,-1.5412533208017334,1.6729309318797791,1
1.9874642447804023,-1.350094152956269,-1.585030945325693,0
0.9161656546293534,-1.174064872219239,-1.9061941411158183,0
2.283049697326374,-1.6269524557378097,-1.205025196674685,0
2.1893082393806806,-1.4582682698833858,1.8884065243337151,1
0.7267616063296065,-1.5360634957857022,-1.561214327320148,0
3.4262092551375023,-2.1437013087392014,-0.5430459762617302,0
2.7578985200736588,-0.16816474519755897,-2.901441201684996,0
3.186100459308662,-3.7718261530267108,1.267614110696175,0
2.293710827308433,-1.5833192831237854,-1.2713402837107102,0
3.1358789024261275,-1.1521883546550091,-1.6772100733505988,0
0.5445106050868282,-2.316164551800407,-0.6117150736094249,0
2.270048900946546,-2.338990867809438,-0.4570748811318648,0
1.7259432034894462,-1.966395385215307,0.9257964315790003,1
1.9166163903914701,-0.7700196364606468,-2.4200809049641308,0
0.9424917980631821,-0.505559700032866,-2.6954724783779564,0
2.209830000106008,-2.1057445078026653,-0.7836658827532402,0
0.8511058493189101,-2.416340058122655,-0.5339862713317575,0
0.1515198048976938,-2.3889846439786915,-0.667499677675528,0
0.844924309735014,-1.7266662052810287,-1.348266837234583,0
2.1268073005731774,-0.8143105537605889,-2.2885910666597185,0
1.208504087878807,-1.4506400863358047,-1.631392035266762,0
0.08733739456601852,-0.5901422761783904,-2.6278157292538133,0
1.2820669341809212,-1.0670324685957886,-2.021112589640957,0
1.1810733908318531,-1.7952768650027073,-1.1353694390248066,0
-0.07961569705631577,-1.1287767540786402,1.5086767136652683,1
0.5411506429045121,-1.6110955181211488,-1.4776157705567705,0
1.6881903499033843,-1.6879526095908206,-1.2759259659949314,0
0.3507479068038062,-0.7804090902820023,-2.4752873388304577,0
1.7552509712624562,-1.2133736684843863,-1.850458288106803,0
1.4970451718370492,-3.498015884618108,0.7537437961782247,0
1.6037378737636805,-1.1275293617787634,-1.9739124388136289,0
1.5832836664760304,0.1441257248557979,1.6534435481401493,1
0.3234612089490805,-0.7432454326825284,-2.526494920680711,0
1.1819790647383388,-1.6206457588559502,-1.3866958594363767,0
0.8021154342665441,-2.4891124183129825,-0.4507518611017165,0
2.462427876797024,-2.0076569046150015,-0.8634723643746717,0
-0.4130759112461433,-2.432842100997272,-0.5685962474907206,0
0.7304934252836055,-0.36433515066915256,-2.8329379137820645,0
1.2071111566642205,-0.3109122340646624,-2.8837957141058843,0
1.392224095803239,-0.9008089264030307,-2.3265380142425425,0
1.8369286658593982,-2.188662141156014,-0.6150944297157517,0
1.7552759836359695,-0.14796382066497316,-3.0141866850344314,0
2.210229897148335,-1.6831503301807853,-1.1183592856970948,0
2.1957108896088258,-0.6128715892167683,-2.367902109634737,0
2.5278231540318963,-1.1685132072038018,-1.7451916039522584,0
-0.4213233093071935,-0.5770564780817182,-2.782040384665013,0
-0.0049792016158582975,-0.6461309756348119,0.9353388724904246,1
2.7250674572485636,-1.5064977644774236,-1.2554044716974135,0
2.280965304497611,-3.185637867475454,0.6229850989310757,0
1.139759896869828,-1.7076768064602517,-1.2772404317016595,0
-1.2296087032304865,-3.478754339677419,-1.056404257840065,1
2.031027244201625,-1.5835491841733047,-1.339183106714548,0
2.631351437894062,-0.6658796061210616,-2.2945810165957177,0
1.1573092394290905,-0.7404189791749765,-2.413510562733398,0
2.091776656759466,-1.9855089177575378,-0.8761656804824682,0
1.2819096381582429,-0.46780834033887486,-2.6376473752879654,0
1.592532435780542,-1.0588280627423177,-2.0274148954243056,0
1.5356739216923774,-0.9287236623374476,-2.1572729736918816,0
1.6042022652479406,-0.5101340115761711,-2.6854255675079344,0
3.1375694735522153,-1.8125757372420896,-0.9260485618939216,0
1.4370787624110193,-0.7189744705787965,-2.397466271787683,0
1.2330808804250184,-1.7176235133723363,-1.2731464555037255,0
0.5173160978820609,-2.4316673406497666,-0.5427655516615157,0
0.14611708092603726,-1.251674401803354,-1.8625508951244194,0
0.8424543334707963,-1.7835619718038842,-1.159292617056923,0
1.3048832140897741,-3.165225023059745,0.7464467200523748,1
4.048079961368862,-1.8870214858041479,-0.780528810711116,0
-0.7922544106358491,0.4229875478191143,-4.001124359506813,0
0.7538518410793447,-2.530203728546952,-0.4342126142848117,0
0.463732042906178,-1.1196897974495137,-2.0623866820598495,0
2.2572231066247883,-2.938565724881421,0.18458901330128774,0
-0.43631581014957344,-1.138237747633104,-2.1789509036064776,0
2.5718081400061834,-2.559010479892163,-0.19407045912990806,0
-0.07515254418941586,-1.2525119870894978,-1.9497431467347255,0
0.8754355715602938,-1.8648200882626103,-1.15287784969459,0
0.1512775043244976,-1.1977855449883645,-1.9417191105935732,0
2.5027768117809535,-0.8864805288516575,-2.068711484376382,0
1.584189654807691,-1.72359108808993,-1.2273583543992768,0
3.041099837977325,-2.420706921437228,-0.35312620130779404,0
2.323489969853547,-0.6324211342383371,-2.350026697092797,0
2.791706566343514,-1.4389399616516099,-1.4000743512076648,0
-1.4826307668596863,-1.2987994853715323,-2.039648134982428,0
0.36054054202569996,-1.212219582287835,-1.9724154091811887,0
2.414827147117456,-0.5770885000719012,-2.5165899795979687,0
1.87247745867205,-2.1301379676102585,-0.7006656233090099,0
2.462776988187722,-1.515627678314395,-1.3629137969756728,0
0.27584086050885626,-1.9795252244301125,-1.0912288276065472,0
0.34636441269581764,-2.3508533171826866,-0.6218638249484202,0
4.884804745565246,-2.2453483522706263,-0.24240641791698336,0
1.2486201898068126,-1.3752146145275754,-1.6718629897129453,0
1.2153688715417754,-0.522345918422254,-2.6004511686053084,0
-0.514303214011111,-0.37047075756108727,-2.8920421914806025,0
3.2332563190279897,-1.2877527082491462,-1.4675879563590262,0
0.898203089467925,-1.4530967732700315,-1.6067665895435563,0
1.397157187387553,-2.1060194060102067,-0.8886469689365828,0
2.4250165259646295,-1.781510996555773,-1.0880620794237512,0
0.7970833687576898,-1.9271423375617391,-1.0861470129560824,0
2.404071260998437,-0.9437760155624322,-2.128547790276953,0
3.521748427867348,-0.558712988195022,-2.4634650876533883,0
0.10656240699906716,-1.6822918587332298,-1.3951548914489704,0
2.1811316553983158,-1.3290147693902576,-1.625111233900651,0
1.8059875629871494,-0.04383499503519639,-3.2332976791110486,0
2.938767250570579,-1.6804112756823142,-1.1387142295991028,0
2.0075926010217904,-3.4551217112413273,0.7159358680292591,0
1.4177216628825564,-2.2801981751375755,-0.5398169493991046,0
2.078122828867996,-0.8257085442535422,-2.1783993405272284,0
2.9846912726671397,-0.7446923726932725,-2.216386428584387,0
1.7894122275588698,-0.00015097468162461603,-3.2671551242333,0
2.013738636076695,-2.1875539347392405,-0.6364115097142394,0
1.5083705044460134,-1.4234142445466107,-1.5600197401371936,0
2.906283711567,-2.05166074607676,-0.7200887846507197,0
0.75745036085405,-2.135745383001958,-0.812625388486084,0
2.3258706852576827,-1.1191997654230403,-1.8693633324130274,0
2.5016574909126037,-1.2716415337511022,-1.7140812231856781,0
1.1097033114999877,-3.5283139511122306,0.7995608288413494,0
1.2723685268044937,-1.2864020541386778,-1.7629504516398888,0
3.125653901744956,-1.4763789855769625,-1.3635539292418397,0
0.5265908667669242,-1.1917796484980363,-1.925225204573799,0
1.6749163699923366,-2.9719280602347475,0.19918622982844347,0
2.5943848956683757,-1.162625343527404,-1.7166865757438179,0
2.7172507379951387,-0.28649938472748815,-2.773760449550589,0
1.5833172897395138,-1.8728509298852973,-0.9374269149673323,0
1.3373474009009578,-2.0751724548362476,-0.9067793184436335,0
2.6172869636276,-0.6220284833569544,-2.399645979461812,0
0.4483811788542811,-1.8013828304589468,-1.3552118509726954,0
1.8447395110693372,0.06253978125174853,-3.2959185654976464,0
1.2032872244711523,-1.305068899493954,-1.7157397526487936,0
2.1222649571525727,-3.152211792486664,0.4035632207812816,0
2.3066050032598673,-0.9845524445775022,-2.015178087965789,0
1.5521000795161235,-1.0003007130674084,-2.114218572596947,0
0.9025928070738204,-2.5886477669821533,-0.2761514096813642,0
2.5908480368715763,-0.6175536158235431,-2.3577275472160784,0
1.6702580136215994,0.31187222135142534,-3.533293755882381,0
3.0874647077116792,-1.993472440919287,2.031465212745922,1
0.6117346850256777,-1.7463069460591334,-1.3410760258335197,0
1.0636158947197536,-1.5984588837170166,-1.4829304556463359,0
1.4609064389295368,-3.0241867868875634,0.21937466754670276,0
2.203104424255217,-1.2382982354787104,-1.7208388025993073,0
2.6372237739342754,0.052416772317921634,-3.1598824537425165,0
2.5592645134532406,-1.3708167571714658,-1.5424752296050372,0
0.6332887896170775,-3.6515243862015945,0.3808752735349332,1
1.2042303729891888,-1.392706238151733,-1.6461936516236928,0
1.923949630597027,-1.8689585053731808,-1.0424223504018353,0
-0.13719067640243487,-0.703997390719248,-2.585369103434428,0
0.6838519322864723,-1.518583482832858,-1.6525443788387477,0
0.7044737235552528,-2.6189366136537178,-0.3055934483395131,0
0.10643846026402981,-0.6550660962433731,-2.6244835385114182,0
-0.1708752071293036,-1.8863459960569031,-1.1548697863000912,0
1.383106808059609,0.6142789199323193,-3.894007580379419,0
1.4753637133299389,-2.9375574000982208,0.03578030229897444,0
1.1615668687032412,-1.4672050869255162,-1.5770179826702153,0
1.5385406034945448,-2.3494031755235993,-0.4860770109974626,0
1.4109150871666394,-1.8421181190419778,-1.0923838197596776,0
2.100061604603074,-1.5561991225228502,-1.3192012395896922,0
3.3886351221610322,-1.2024298763265442,-1.643389572956149,0
4.4397279429067265,-1.2806840623750486,-1.3815243762875857,0
-1.5902526582007694,-2.0391337251823014,-1.1785973548239153,0
1.521292853483,-1.7575918092453027,-1.267612134960024,0
2.0482681806301413,-1.4528064619362622,2.1410395371542807,1
0.3402897811875092,-1.6780222935127382,-1.481866667476571,0
1.4849726459886379,-1.7768449109794366,-1.2464621166792458,0
0.5649284283025339,-1.2566292764276403,-1.897403060016964,0
1.5365555419368637,0.542683646787649,-3.7917376369577065,0
2.22781302989082,-3.225728868845092,0.4839407053382012,0
2.030731690024644,-0.35222660757469093,1.901672528079045,1
0.7497261183268666,-1.1874088997100511,-1.9844704801127449,0
2.834329541889074,-0.9854995749723969,-1.9455656465646576,0
1.0871007906176269,0.025412587024533195,-3.2464298221987233,0
0.4550313995646209,-0.011261088992158275,-3.3064744033368214,0
2.9289840332000185,-1.2527788256541914,-1.5549640497494146,0
1.8741412059078024,-1.4645985425965085,-1.5302464424250632,0
1.651578153490401,-1.9557188735800808,-0.9166931306118017,0
1.2827247377240936,-2.200115034963935,-0.7513752639359724,0
2.3441879374274968,-2.133170074804178,-0.6299896702982576,0
0.35705133594051586,-0.469772533555864,-2.7721747437053583,0
1.0331566042567624,-0.5071783578823106,-2.7860483575993626,0
0.5152804372468285,-1.6543758026789945,-1.4741270795978585,0
1.344395840698316,-2.2950791721095882,-0.586427107344766,0
1.3911160632860335,-2.0914817429905224,-0.7856210893754734,0
0.5426933102334235,-1.6713929446837108,-1.434503294437808,0
1.767477389472605,-2.2316138737919804,-0.5227711247129586,0
2.220026525541685,-1.2252569950910535,1.084630337006623,1
2.5373570883863588,-1.3056521556310718,-1.664814472502826,0
2.644724979523268,-3.012475668678514,0.39369187898827196,0
1.7994941208092967,-1.6131444641954884,-1.3378579091996692,0
2.4738591868609388,-1.2992366870788183,-1.6276350631187504,0
0.9922571291488811,-1.4727095223128885,-1.5420716890192359,0
3.2555032803271153,0.7492526324876305,3.5933130590119244,1
4.024453777626812,-1.02616673738249,-1.6683559956037324,0
1.1720797871853135,-2.1503484142755274,-0.8128733386426821,0
0.47563623300119917,-2.8824525329511155,-0.0164521029499356,0
1.3066114460096756,-1.7454971119597995,-1.2806512650163595,0
1.087304266493754,-1.0410362961279245,-2.016627507741134,0
2.1245901067034105,-1.7329281457137045,-1.1781616293658477,0
0.7559101475783842,-2.0710325616127663,-0.9286185171245441,0
1.9492568377502557,-1.788077554776346,-1.0706185521410125,0
0.9149486435794514,0.5086692212654906,2.2927186093256755,1
1.8648297640313178,-2.860781666258125,0.1178165020600106,0
2.515684659008925,-1.0433841204278915,-1.8950602261213232,0
1.6638077910264886,-0.2655119300732778,-2.8131338011776057,0
-0.460418885815437,-1.5849298456969882,-1.6831817580945339,0
2.6528331971866685,-3.102190771939199,0.35372609240789465,0
3.1749975295007307,-0.6200550537788709,-2.4119054939252536,0
0.8543742886903964,-0.7985061137776771,-2.3210660894962536,0
0.09005969406190273,-2.0921355486663193,-0.24090294666020218,1
0.8223270026146503,-1.0861800897325267,-2.179673840011528,0
0.4569331648288657,-1.9442752296477586,0.17747735608034199,1
1.5855130470365932,-2.6062855125627857,-0.2483785279547024,0
2.960272701762891,-0.8158329071594828,-2.1056185166629007,0
0.5592165249740157,-1.4631997773715184,0.9391284715887459,1
2.421151842513644,-1.1281601065533706,-1.880043311797974,0
0.9628111028721563,-2.0326508075850938,-0.8613344152186921,0
1.214811981760297,-1.734426834871523,-1.3637784936373003,0
1.1580962211272916,-2.041195783597096,-0.8476569547368904,0
1.3248919779665014,0.32305825166118707,-3.607473752477871,0
1.8939899745823765,-2.232472615942962,-0.713891133946694,0
3.2084400327422573,-1.9229200967450275,-0.8215473026803893,0
1.1462186435960025,-1.3004119060577586,-1.7321959958813993,0
0.1375285042872445,-0.9139637072952469,-2.362872731420494,0
-0.056518189904417815,0.5647059896531594,-4.007803841819291,0
4.1124244841813375,-1.348100951770914,3.0140395301765848,1
1.6701649605778195,-1.9382643945092974,-1.0329528131591372,0
1.63403186051419,-1.0528478276572661,-1.98317476837188,0
0.979443268078038,-1.3661362994732582,-1.6924359836511709,0
2.5394939178236235,0.058393409801161145,-3.0864054204984743,0
0.9464321921061722,-1.8740276742633344,-1.080413487258808,0
0.16759813002095325,-2.4578015115634995,-0.5553251536885347,0
1.3694070981102855,-2.423127749053777,-0.4456888040853202,0
2.1518800778713483,-2.1453863558962705,1.199822786146024,1
-0.4901586765639181,-1.6181077935407222,0.9655313529717048,1
1.7984829052415123,-2.206452261913594,-0.7040462742042064,0
0.683357124990248,-2.932020793599443,0.029338095526452834,0
1.0927855462280598,-0.959854671493216,-2.1898341684286455,0
0.8911584798485565,-2.686524350317663,-0.15033688598733974,0
1.1357138044901562,-1.3774690952737814,-1.6935499357795754,0
1.5737394445440374,-1.9280678593586558,-1.038363157418857,0
0.9378271634148464,0.38006096442746196,1.9644487253542402,1
0.9872490134564496,-1.3059672824960906,-1.7080324451316038,0
-0.5279136777577569,-1.329824263310686,-1.8831502528069126,0
0.40910921759716157,-0.5822116203354887,-2.7414566478971967,0
-0.6276035315601582,-2.971220472392032,-0.028743614322371824,0
2.5377467631814365,-1.3305912101141244,-1.536734917733371,0
2.06474275807218,-1.2814680808808656,-1.7406296121026088,0
1.6524071968191918,-2.083961013904505,-0.8647601114904585,0
2.9866434362503385,-1.5044637829336995,-1.3562016543651758,0
1.3826982220056143,-0.1943989153425656,-3.1185970737431847,0
1.1237249674481138,-1.0306581939758708,-2.046343663544309,0
3.356200234643726,-0.7029173036701832,-2.2265171501247334,0
2.754081207615447,-1.319465084972788,1.984845720320793,1
1.6187916297232148,-1.5768641851498355,-1.378522207618854,0
0.97486396102906,-1.2793935122793358,-1.7116958948498582,0
1.6406602999521938,-0.5664331507513592,-2.5900832604785933,0
0.10960664551465849,-1.376373075054529,-1.7611706089805077,0
1.0559938003016973,-1.5824052156918966,-1.3963531796461124,0
2.565593362053839,-1.8770289921081142,-1.0167204641840182,0
0.5670923867822978,-1.265717004133457,-1.893743945931247,0
1.5246216954932599,-1.2937035239121186,-1.7551744625596752,0
1.9051273443738443,-1.5863250994667446,-1.3275964540217566,0
1.393272202650116,-2.730672997253932,-0.041706988693611446,0
0.2794359461277045,-1.0353824450046614,-2.1233679792641555,0
-0.4037184197447088,-1.7331123119697984,-1.3697299061866175,0
3.101204983051069,1.3261489926516115,3.3182948728132238,1
1.222466248980038,-0.16091255728651044,-2.942240492365736,0
1.9473998611481176,-2.7674912288860165,-0.007474936275467803,0
0.7746836829814544,-0.7564541818694154,1.4187447765159384,1
2.609902392752271,-1.8130234733630848,1.656834310195327,1
2.074981489376337,-0.5516236844603277,-2.4520817069006298,0
1.8812724246593988,-1.5243671383945796,-1.4318733238507637,0
0.04184336441547942,-0.6953484822842126,-2.638971193444333,0
-0.6201191795823,-1.850272867302197,0.4671492567622908,1
3.0467482850643677,-3.8388714995831874,1.1781876549472685,1
2.0995943096702154,-0.9000825450638213,-2.084308887248877,0
2.5096175020993283,-2.3362244813578408,-0.4297063332866775,0
1.8005837971358036,-0.9585369792518594,-2.1126088884856924,0
-0.24878759799860184,-1.446414378096711,-1.7967272520102924,0
1.3054782267040377,-1.7494827800588753,-1.1471746221821868,0
0.7573771745905279,-0.5818990559222973,-2.670590373599696,0
1.7531861628261678,-1.4354689114703088,-1.517208203265833,0
1.7803117391090906,-2.4903868059498873,-0.40060473690953535,0
1.130448931364311,-1.8785579585874654,-1.1836500912129693,0
1.9607674081044921,-1.9917427842232964,-0.993436332775736,0
1.6091095867990175,-4.037057641859851,1.326616396789027,0
3.0296310932751123,0.7128597103520211,-3.8809472799594547,0
0.7159979551596887,-2.4858309287836593,-0.5066854839503249,0
2.928516904488424,-1.7535054866146873,-1.0257666573099788,0
2.0804730832002956,-1.6763955499057293,-1.197355795223622,0
0.9629482842309777,-2.1449282004639,-0.8317305850314177,0
1.7556107224078856,-1.3974003664670023,-1.6281978800595334,0
2.1392743090772783,-1.7994552483701822,-1.1530417748097948,0
3.258564036723673,0.4443608635191958,-3.501283577635764,0
1.2976398691309745,-1.1460089144290855,-1.8583869472101608,0
0.9315621242359988,-0.5775455852411437,-2.66756678904971,0
1.3609142541071264,-3.9623991598634007,1.330949793475173,0
1.6667421182265247,-2.049858830120711,-0.8527379107605899,0
3.0246441946333107,-2.096653729606062,-0.6530637383085989,0
1.0977077559954374,-0.6863061438670135,-2.47142128167693,0
2.89202840763462,-0.3702262954843596,-2.6504623691247664,0
1.43772291912319,-2.623982014181007,-0.27552250190804517,0
1.401144321288047,-1.9537875462979186,-0.9734560165702502,0
2.690611375761197,-1.4407536727662713,-1.376994273279774,0
2.529731184128098,-1.9789965732256336,2.1664186115551027,1
0.36328759017511536,-2.1671464818699855,-0.7974776906683665,0
1.0432650400539467,-1.208036163164294,-1.9072630027215873,0
2.238960994613838,-0.3332555111037814,2.9693196342162937,1
1.9271953401704818,-1.8378493409460073,-1.0234223740137225,0
0.4662159729761808,-2.3569916848304153,-0.6882687783053895,0
2.417375678948016,-1.6014678704745533,-1.252408899077571,0
2.121145251732189,-2.9169696974961576,0.30311908657260056,0
0.9717779943320478,-1.1957426422678736,-1.8223538216494102,0
1.812699305024546,-2.864069034200881,0.10591291579825235,0
0.5640334011375873,-1.2969616174281149,-1.824474663968104,0
1.18343209877135,-2.3765253768569625,-0.4883349024501684,0
1.4337337526482845,-2.0819465952124943,-0.7910877513477284,0
1.5141550182833297,-2.935669326723408,0.06595241531337903,0
1.658114729978533,-2.1734498032081913,-0.7815640111301595,0
1.678498468709934,-1.8732539897808222,-1.0643233237560608,0
0.9927707441757926,-0.15989604504193222,-3.125415149303188,0
2.4781930457602703,-1.8449565468802054,-0.9992994098725684,0
2.986742429265813,-1.835908856608985,-1.0368369076450052,0
2.276530968894066,-1.1092645512964596,-1.8358042517351572,0
-0.6109697045668909,0.0908840779785538,-3.600303664550736,0
1.3751021954787224,-1.5924630391452177,-1.4610129551503832,0
0.9107265534801021,-1.2863681583209563,1.1936760175132661,1
-0.6696890492636287,-3.4613518183242937,0.3227532233800947,1
1.5887330088379124,-1.7056294900434268,-1.3190705203790434,0
2.253233022650509,-2.4152265022406354,-0.3015367047094242,0
3.0722817524032653,-2.78201493330535,0.020067785140231997,0
2.508288561188146,-2.4194651898474135,-0.36734687028343394,0
1.5393468596330644,-1.985472737592424,-0.8885520948770547,0
-0.10278858276634217,-1.5431931202043316,-1.6317651240405562,0
2.3725405862282356,-1.4570557584855655,-1.5292162613434124,0
0.9561192271880777,-1.4021463222659176,-1.7616350220293182,0
0.9579032089366639,-1.3315424851719113,1.9077729616502501,1
2.1982239852376866,-1.0607201189697393,-1.963849303086811,0
1.679401296168212,-2.991377598481379,0.5654992964541745,1
1.6479705308797754,-1.565017868543213,-1.354069837928062,0
2.342935971511074,-0.26914244392558273,-2.803646929056104,0
1.3940299158636495,-0.7880481710124836,-2.2200513661162202,0
0.8814305239559109,-2.4683501384647815,-0.44339143287641725,0
2.7567253556225944,-2.0275368521652695,-0.7976405562638901,0
1.6420413975013417,-1.221267421638182,-1.7893550871566721,0
1.0592698090094657,-1.0020326213074526,-2.1599209516069413,0
2.0376813041569157,-2.8760092266613837,0.10919950123410183,0
3.052324069939365,-0.563726109359993,-2.4360139940914016,0
1.0607770515821964,-0.527388544339883,-2.617160881527856,0
2.7363943887007505,-2.7103644956630486,0.057051824689810404,0
-0.07432783887424943,-1.7113823566056996,-1.456655097538718,0
1.0676637582777766,-0.9810546248733258,-2.1961088563861084,0
2.4726977187228534,-0.9078876526974728,-2.0702059325015507,0
0.8982955027902488,-1.500311543882207,-1.6069169595805375,0
0.4208910992061947,-2.3723591839346234,-0.5486019346692541,0
0.8542170161629579,-1.7684465763901307,-1.2849510840690541,0
3.0653109064762596,-2.127121222867663,-0.6387313749985685,0
0.5371536995365239,-0.733533959504443,-2.506055596669833,0
0.13341332914278237,-0.5761631580318102,-2.656029568854238,0
0.4543501861999295,-1.9645191979208159,-1.1011745142462863,0
-0.15906194726748213,-1.770677004232682,-1.3809063119222,0
1.8124294902928335,-1.5589107896769883,-1.4155858881851204,0
1.293658187780348,-0.8286125840923635,-2.3128534152192093,0
1.5668814962451405,-2.180951911496082,1.514933716842575,1
3.2436014147281766,-2.220601930468687,-0.4572678021494918,0
0.9230345318204343,-1.730684349211797,-1.286907930508532,0
0.2944753750189302,-1.304778979266705,-1.802854360600127,0
0.4958417417490111,-2.5654749812450155,-0.46233326783046547,0
0.9652449743389819,-1.958047243285964,-1.015395387042698,0
1.9014119354538574,-2.0380764636074042,-0.8929240998430182,0
1.4910019321503478,-2.916740784652936,0.14291929139492887,0
1.859475252177542,-1.6143963764416271,-1.3440522271481132,0
1.6012701993607672,-1.9641813912647064,-1.0091541902973,0
-0.023094302926292443,0.04743095930025465,-3.43353551738356,0
1.1544185970722074,-0.911431785221938,-2.214906745123672,0
3.507235246584657,-2.8384943407224243,1.2208290783271452,1
0.9521547855788418,-1.6208939922487287,-1.316171851284532,0
2.358683561040801,-1.3989626522669838,-1.4812707668398641,0
1.5060625109093253,-0.6912145740964877,-2.4267774737770322,0
1.6823817544332171,-2.1294152426995607,-0.8080397822229197,0
1.8583957936516198,-2.18882298386998,-0.7049183086988327,0
0.973613695153067,-1.543108414180184,-1.512444679088034,0
2.821051801112562,-2.722467665384004,1.8578401327945921,1
2.5078575544677264,-1.4412827697591415,-1.4457389534549359,0
2.711024277745002,-2.5200854894723905,-0.207382877008095,0
1.4179325126232252,0.5161574969043601,-3.906120094324114,0
0.8306346702572985,-2.3138713676793885,-0.638251721989532,0
2.645881394744092,-2.18968346662938,-0.5609502271995481,0
2.1000083940233063,-2.200984442868594,-0.6751283824453884,0
2.5108660955298,-2.7008289095474827,-0.019765833822118273,0
1.4637882371034165,-2.7007818978106704,-0.10154639336768301,0
0.7958796495840581,-2.1310073318829876,-0.8038564079235699,0
2.946027985156806,-1.248864770225956,-1.6226466603471865,0
3.6598102942684303,-1.6679216201027594,-1.1247733221191143,0
0.7182654157665788,-2.355569484383356,-0.5441146338864407,0
1.7834761913220418,-2.9190498372260354,0.20725893234115245,0
0.3302289057761012,-0.5065449868025053,-2.8828360920278717,0
2.592090246274276,-2.7890872330171694,0.08668743589114669,0
0.5575712928347089,-2.5263503333267114,-0.4216266692869981,0
3.2111168874449016,-3.4153873002680717,0.9173896993268582,0
3.30302385789404,-2.336293531708083,-0.43442535725937526,0
1.6627555576835225,-2.2531091140514823,-0.6531477547332137,0
2.9843819091342993,-1.2619733672793392,-1.6226970652696746,0
2.5001331742438433,-0.4211593967916205,-2.526148633435467,0
2.084039936998527,-0.48919387562066396,-2.519413275331578,0
0.652269207933078,-0.37646838476705446,-2.868751579543713,0
1.6149994613092042,-1.5147509233292122,1.8696090487193322,1
3.1046759650854523,-1.7202540175186665,-1.0570461205785717,0
1.9859971763734594,-3.1156253881396863,0.44648857888847693,0
2.9478775078546766,0.5386803277850571,-3.5928573206082457,0
3.672960859664342,-2.1222115601152267,-0.538464836185088,0
1.88797899730481,-0.5946194274401905,2.835813998291905,1
1.9582997967941442,-3.7973447935082696,0.5738659501233287,1
0.37729206433652895,-1.5214537688357395,-1.652060943451941,0
1.622107449027636,-1.9161022529230323,-1.0796290862174813,0
1.7585109309759421,-0.9375673145690355,-2.1430343404430325,0
2.108079814289641,-0.12182544758694158,-3.0359612168226366,0
3.912304261543681,-2.633293104388343,-0.04984681738405339,0
-0.24010537836282597,-0.9704396884471655,-2.240784787899975,0
2.8877571968933067,-3.7019953312825966,1.1208865433624267,0
2.8050598580566475,-2.51604326508845,-0.16580409896750092,0
-0.5750823457301752,-0.9425857840234417,-2.3594224462991296,0
0.6193344139686764,-0.8520824276257785,-2.376979554659303,0
0.8638594914263348,-2.400897818104414,-0.4538992584870174,0
0.4504515047422817,-1.6137914339031196,0.6814741437786302,1
1.4300525261530308,-2.287852268489681,-0.6199267737509104,0
1.4565503690591897,-1.8639741255662088,-1.1110581075014925,0
0.525359992278481,-2.751480283726244,-0.14489468698264707,0
1.6005341833901574,0.03250911807280521,1.840246955760781,1
0.5062687424504041,-1.3508268902253744,1.3350438179043744,1
2.5318242352564706,-1.3879300648315755,-1.5705206028705343,0
1.777489905006728,-1.558464466044779,-1.4089229417373337,0
0.7327555923299496,-1.238133156527418,-1.7681875090211607,0
1.6341085532146078,-1.3646159573654013,-1.6331268212711714,0
2.569196661218691,-1.9411558272237652,-0.9343724507078414,0
1.735096845862316,-2.025171791711622,-0.9285866355743281,0
-0.15982699068640538,0.042013378075898,-3.469923055125043,0
0.3117328042942633,-0.1342783066451272,-3.1065066123639906,0
-1.140931161229159,-2.1942343318924835,-1.019523108670962,0
0.7465550791600287,-1.1457859502304972,-2.0162827397264422,0
1.4740256350778052,-0.5569747963563477,-2.4900937705981026,0
2.280121186580225,-0.9020138593183554,-2.1013460595616165,0
0.0627402425384953,-1.4483104681019856,-1.6961597922220835,0
0.38202723881800793,-1.1495145238849482,-2.0165694412791995,0
0.9866295038593713,-2.264160738193243,-0.732327013395739,0
1.8894140782926827,-0.6425279327229724,-2.4699511991262075,0
0.6041812042390532,-1.957226221089628,-1.08257034519667,0
1.2928404828811282,-1.6032981773719628,-1.429061112397962,0
0.8214237195787956,-2.4437041527929866,-0.4468630624177805,0
0.5316476991268516,-2.2845253574474618,-0.6787909676725737,0
0.6159458935698994,-2.2583565846711364,-0.7556116781804109,0
-0.8677626266558076,-2.751061559862512,-0.8473808449648579,1
3.4420903974883013,-2.0507962789597283,-0.65181906174989,0
2.9512668282561836,-1.9995006954679884,-0.7569454992339143,0
1.469176133778895,-0.8116344591498026,-2.312253844017381,0
1.9958857333127735,-2.3819602078953754,-0.5727102510657062,0
2.013922936541763,-0.6497117837696769,-2.292334803404882,0
3.775113063259686,-0.8539792175557904,-2.0686838353877435,0
2.4480677248018807,-1.598678537151412,-1.2132692853950098,0
-0.06063269845800234,-1.6235411972477873,-1.4762607234028353,0
1.5081876968998162,-1.7113418058381658,-1.306873801479967,0
2.3999361940659214,-2.5118199865144586,-0.21033231309424893,0
2.3559314619909055,-2.881520746827463,0.1513564081290728,0
4.225139167941274,-1.2873235933672302,-1.436670564372074,0
0.8635626307806274,-1.2293915938674884,-1.8944477030351659,0
1.1597166457214096,-0.9745179644583755,-2.198475821597464,0
1.0925993331534232,-1.7284806464232099,-1.2525732460734345,0
1.455100831176984,0.25115502895672837,-3.4847003637654907,0
0.5685097409399434,-0.8901432723578658,-2.264043647025442,0
2.6419532290333256,-0.7727795286794267,-2.157163974906795,0
-0.2392483182276559,-0.7083461977996645,-2.5872953638241136,0
1.3579827071912787,-0.7117049676814037,-2.4154492263168734,0
1.6090270421450188,-1.449913742750635,-1.500338941140585,0
3.396266116071188,-0.36258301796895087,-2.5027209180107666,0
2.8364213546610775,-1.014584293732148,-1.7805905697894266,0
-0.06864616550074554,-0.27268014476315394,-3.0198425923669046,0
0.24281365589453796,-1.4563741304653999,0.48092130814242107,1
0.9721352907166699,-1.4227770131701574,-1.6850314798255872,0
0.29505024694146176,-3.7815665377451295,0.2893863831469641,1
2.8702228903196065,-0.20344889933506516,-2.8617324060341085,0
-0.06437477281242665,-1.4637190842179615,-1.7295247974360446,0
2.3980808114148964,-0.13086009353192707,-2.926167311382221,0
2.1329083416013632,-0.9049349752051261,-2.048586451848231,0
0.19826263862486582,-0.4054089551777189,-2.8981785728072813,0
1.6887824872842272,-1.5791734546274285,-1.4201240534738342,0
2.1394977145236096,-0.6114963010669195,-2.3741358540986424,0
2.294058640417717,-1.5616271977124487,-1.3354060401481662,0
0.6425229858884357,-1.3703373543449349,-1.7503576204329385,0
2.5336940084177284,0.902021720499468,3.045869171019876,1
1.708060443683217,-1.6907194152507126,-1.2498254945053393,0
2.2419231539671487,-1.1031844943577196,-1.819603256430744,0
1.906481055794909,-1.913945482339741,-0.9708483489796571,0
2.9255539053646995,-0.5015074810679152,-2.4465997021120343,0
2.272178141398096,-1.2676933422366197,2.0647190806550553,1
2.0923097975797624,-1.2035157737423066,-1.778953993456466,0
0.9524226635915317,-2.1568714525823465,-0.7813286668704631,0
-0.8639070607262167,-2.3122647697820833,-0.8251090268436382,0
-0.24170279090405233,-1.782167433205652,-1.3581536181726397,0
3.0238496600805176,-0.5152762494493857,-2.451082108245027,0
0.33456760561539456,-1.4514823870198084,-1.7402756594960975,0
2.679941036199619,-0.9910366596410374,-2.0007195798296555,0
1.6470374564579906,-0.8244042491756173,-2.253991645673172,0
1.0647144147756482,-1.4381472481942796,-1.769207279430281,0
2.8350148837223395,-1.2849525615464972,-1.6484344777021802,0
1.8973651542910668,-1.4772225224582218,-1.5523670857179799,0
1.5527302915869452,-0.8889108765938128,2.413508742972965,1
2.569058303975479,-2.5907822151553903,-0.18570266102486044,0
2.066141670809896,1.0057260709475337,3.1609892481322595,1
0.5848332633544662,-1.799922817246791,-1.2919168475072966,0
2.061046963475616,0.10833564390561246,-3.2467274332591822,0
0.8924058605478651,-0.9877639281250367,-2.2012804170519313,0
1.0486585795993992,-0.8210773836139416,-2.3183178047668482,0
1.9409120908807402,-1.2688397307393018,-1.6362710056786944,0
1.1958197077263888,-1.393490982504692,-1.592058409704793,0
2.7201760824230488,-1.0560392993444108,-1.8337261831864105,0
1.661253051163893,-1.4243969841345234,-1.4829082854525089,0
0.4397534506925387,-0.757867691020509,-2.5083199391139503,0
1.4054422929933739,-1.5790903106479206,-1.3584073518687978,0
0.17454844213674936,-1.5250356086323278,-1.58842961703967,0
1.0008126442861545,-1.3350330673245427,-1.7054088363328064,0
1.420016015232376,-2.201987930391123,-0.7668370875220055,0
2.5391178802094085,-1.5898338743210063,-1.2035264097810618,0
0.6478330730788717,-0.3073434613329713,1.5305314391965092,1
0.6755986796922513,-1.8872915140958026,-1.1932349261427815,0
1.9912371628644856,-0.43176275235320816,-2.717882149838699,0
-0.11949647128567564,-0.3492734395371495,-3.021476179722664,0
1.759596761390989,-1.8703727537189123,-0.9717711328464034,0
2.0459095330830954,-0.21943941557069158,-2.842851691935178,0
-0.20071452471288853,-3.173220647905108,-0.249542022487391,1
3.9516911486461264,-1.9343090686687985,-0.6843548339758856,0
1.156613864782357,-2.190381706163742,-0.7870725929421193,0
0.8788218414702814,-0.3199295576366157,-2.961405616520924,0
1.8310936896274457,-2.113042512635111,-0.8012943776520357,0
0.565045885044198,-1.9298332889109793,-1.1228268581406595,0
0.36583254408663324,0.35014927570969356,-3.733502095025607,0
2.05489488795386,-1.7810012982757255,-1.0987898807756182,0
0.7531901337988931,-1.6541871636654144,-1.3830858390735326,0
1.2064682714252388,-1.643221936894521,-1.2288994186798017,0
1.4200552692259192,-0.9292217319283081,-2.1416821039722476,0
2.4136502164912326,-0.20891635188967106,-2.8482932127053866,0
3.2385753859014352,-1.4493163077436342,-1.3291768507815422,0
2.7937413295822413,-1.3128868476644102,-1.5532620781822175,0
1.3823274258325595,-1.0891244364022905,-2.0830917439731995,0
1.8538252460359637,-1.8784519611109838,-1.0104564045955915,0
1.9048419865084592,-2.5828134752741674,-0.20174369697752992,0
1.527870871818548,-1.265226192330855,-1.6891165170416116,0
-0.07649286723578919,0.10201894608412254,-3.478927699747644,0
0.5099211002493248,-1.81805950762122,-1.2263124590320338,0
0.8603252199876686,-1.226403474254008,-1.917865856143155,0
2.445591564030604,-2.984511808277091,0.288690269640242,0
2.5995074416878934,-1.9900322027713722,-0.8142881526480615,0
1.8059591495198346,-2.7578282800896843,-0.010754733367398739,0
2.78715139179953,-1.5474579659441667,-1.3318753740425415,0
2.5725920219638247,-0.9332129686836589,-2.0146970993381927,0
2.488397865373103,-1.7509854858394664,-1.1064065722876373,0
1.787038863401262,-0.7797189545878147,-2.36896411021719,0
3.4417647232936837,-1.789333656449045,-0.9075632862485247,0
1.4574063797478982,-0.929547065593983,-2.095542731753582,0
1.1327729659489378,0.470208120856092,2.348277757806873,1
1.5971842797081182,0.15385748397404453,-3.327812144911926,0
1.9087827156334878,-1.2452520932678643,-1.7904820793705254,0
1.521259259274142,-1.232917459376512,1.591103544316464,1
4.027707711467949,-0.6474569933777385,-2.222912319741095,0
1.142234887569575,-2.836903965273351,0.030479146659234013,0
2.0281131994171475,-1.2679764019868074,1.9451757414178252,1
1.859137227129855,-1.9780978465206418,-0.9447719111864704,0
3.224802031593163,-0.7920746462202333,-2.1034695422553225,0
0.32554550459132714,-1.3362573461458802,-1.8561540900344018,0
1.0420348198345561,-1.344955253478706,-1.735573253362662,0
1.7892970294757702,-1.8975800705841224,-1.043222195080552,0
-0.6023513904015805,-0.9735591344473475,-2.41245103423703,0
-0.31997546662856524,0.13309612547936567,-3.6074986507110602,0
0.38235876539731484,-2.4382543007536235,-0.47753527361190784,0
1.637667345950185,-2.6654205605716816,-0.1269104551864646,0
1.67737153428132,-1.3415237175819261,-1.7000108607910922,0
1.0959722161905823,-0.21281897788993587,-3.0545747116110307,0
0.814821364846681,-1.6552417111766433,1.4852304483652905,1
2.439878060227448,-1.0494146202190184,2.7126831644257443,1
1.3369226430832344,-0.9833834754229248,-2.2231457244032673,0
2.3491811896379557,-1.961363589447238,-0.8719059440400317,0
0.6438951429856051,-0.44144226462691405,-2.7644914428241774,0
1.172928855484563,-2.75507914292419,-0.10290580914564895,0
-0.6109456366041432,-3.2009601112403514,-0.3207367095703242,1
1.7119904599274918,-0.022247136751994967,-3.19121799150717,0
2.0561287631311567,-1.1750910175387983,-1.8314173724077065,0
1.6691419880840277,-0.15233845116808808,-3.0709159223448395,0
2.1609965712653225,1.4032342821396622,3.6365758443601437,1
0.2488447526433042,-1.7866966582534731,-1.2865426140199907,0
0.1540349306318729,-1.252689320036738,-1.876077181160006,0
1.4461505507528576,-2.9620733877006744,0.1534454128811107,0
1.4071139211855574,-1.7613134547840925,-1.2363939865435758,0
3.256980530759064,-1.7547941541793044,-0.9851676904986848,0
1.470943899224966,-1.861823320045387,-1.0980368911362772,0
-0.9733070351012785,-0.9736976703516929,-2.344483294768181,0
0.9899534447583251,-1.7890030149751581,-1.225224531440132,0
2.4003594172172233,-1.6240045495051816,-1.2310604613648946,0
2.480827025502051,-0.5070814200456175,-2.588708335336456,0
3.8934074974612645,-1.8437538040694323,-0.8967262490457091,0
2.5201406700873825,-1.5950847150632317,-1.2771297585606356,0
0.8129994893224842,-2.7465875673603,-0.1697028008829371,0
3.4059104885780873,-1.034597335105599,-1.8780996900018527,0
1.127926404873362,-1.1890429225667665,-1.8057603317675377,0
1.5680097060396059,-3.5459570975022996,0.8991050609925986,0
1.374306825148697,-0.4003215815333019,-2.728592113505682,0
1.5046338753000903,-0.031555013643886465,-3.2010387347883285,0
0.6638578564756918,-1.1836140339362329,0.8587995481027252,1
1.7195514275193147,-0.8828182314087991,-2.1688370205114755,0
1.9820022494118616,-0.7249823974752803,-2.210568495026906,0
0.2895777329359046,-0.7928376470043937,-2.3582845155298586,0
2.1576770203067124,-1.6693143376163833,-1.1657067479764678,0
1.9696967353244499,-2.0149604111658244,-0.7530077678905343,0
1.5620254388144752,-2.3683694949520038,-0.5641885143052107,0
1.9131732340394845,-0.6043160920694189,-2.454787167312813,0
-0.16341514125680856,-0.5500684655437674,-2.8379026146915267,0
1.6384573424466888,-1.5558751410876517,-1.48990394953522,0
1.3359819767183174,-3.734299068557616,0.4701581127489567,1
0.5857676409246617,-2.0815331430924817,-0.9826904678068252,0
-0.09496437625901888,-1.706869057396373,-1.4575871476691007,0
1.5766048121852994,-1.061756224428342,-1.9975130293916534,0
1.6558428932017986,-2.977211638945718,0.24894115808574746,0
0.2801131584413177,-2.8782422540545762,0.69391058054431,1
1.4868241323788658,-1.4900547993877573,-1.50288229587674,0
2.25939695889691,-1.1309788787929291,-1.7875328985512904,0
1.5496726081258918,-0.9872138364972661,-2.0935257481897187,0
1.4693263579670321,-1.5176908923439996,-1.5349543130133922,0
0.446395077894721,-0.5934561554007628,-2.604715204521592,0
0.9748655814933025,-1.139784584126466,-1.9943441995515028,0
0.5461399495303134,-0.8094478777227679,-2.3761541054054884,0
1.8713548698108144,-2.2324299472979927,-0.5886599613672815,0
-1.6914970782125818,-0.6099232639870699,-2.9491997704625152,0
1.2814735660481618,-1.6138383550749973,-1.4385074423089208,0
-1.0330669438387265,-2.4670329383093508,-0.7666964783318888,0
-0.8562370976301201,-0.6837753682882544,-2.657384297931025,0
1.8914195886501979,-0.1354917655478758,-3.0536237468918106,0
2.666653608520126,-2.4300685580632355,-0.2847618265921008,0
-0.21885274121961507,-1.4275394682979463,-1.8646726288306095,0
0.8407933818044971,-3.15558561489255,0.31882555307232474,0
2.3764858604665076,-1.3261900375889037,-1.5335834331683873,0
2.0320717317962917,-1.7812967973922165,-1.0162912267929203,0
2.6315412131231417,-1.541856407234813,-1.3731897373452866,0
1.8208692279185357,-1.9434988041001082,-0.9942702930106074,0
2.796995014457096,-0.7155909101812025,-2.2796745101589124,0
1.0648636397305826,-1.1761410271417798,-1.957544936660399,0
0.5387798336680993,-1.9795411589991188,-1.0773189883764782,0
3.0320847560185835,-1.6811592337087768,-1.1449019156648281,0
1.5007887548926218,-1.900530596112236,0.9511276405261123,1
-0.6516769018864381,-0.8813074363724297,-2.3947611576683734,0
1.7069286510079484,-1.414743464593128,-1.6494824317658925,0
2.454866356008334,-0.8767958109573183,-2.0613717051117755,0
1.5947916245787042,-0.7657012197610537,-2.3137528607294913,0
0.13129902677658367,0.23072490842624327,-3.595782518352289,0
1.1783357754084314,-2.440719406198777,-0.47710473838549294,0
1.293675568964132,-1.4183359931803028,-1.5263803548744108,0
1.12084065469087,-0.7516588082068639,-2.319845957806979,0
1.6069681477869646,-1.9828797839739143,-0.8493190659779203,0
0.8135364653967613,-2.5539078332215377,-0.32946721730969,0
1.1834032957859417,-0.5509923296141378,-2.5532395452584735,0
1.9338082475671659,-0.38060470023357773,-2.601644227110783,0
1.59543543048307,-3.566824023325069,0.8700360468919506,0
0.2608542955378932,-1.6156330893620048,-1.4937563098742606,0
1.6857254890349676,-2.8366146250899797,0.08601232185325491,0
2.603624914050459,-2.240306852869348,-0.4715056296259157,0
1.4472820738722247,-2.532994395199606,-0.42117914523082844,0
2.3431005208608173,-1.3201001626972875,-1.5632877972853625,0
1.0766328851774911,-1.4532341506523367,-1.5823615217715816,0
1.0785686224575475,-0.5477790517543678,-2.6335459756229422,0
1.6015264449361606,-1.9990795798142855,-0.9270142081457039,0
1.2376235076950801,-1.0024737857401727,-2.087511134571786,0
0.9271426783619088,-0.29040016171709504,-2.8154071551707873,0
0.7541604149635799,-2.313019427742264,-0.6074124138361744,0
1.653072702389494,-1.314107404613625,-1.6684724221926706,0
2.44389503725169,-3.0538097307268766,0.446725230875169,0
0.8087381417609225,-1.8709292351710956,-1.2209643588295636,0
1.7110145944155968,-0.8693087296228819,-2.220412271515303,0
1.8406348888287305,-0.9606295717481312,-2.008225634751573,0
2.485543890339943,-1.1002681466963473,-1.8191262829836372,0
1.0944542524559453,-1.9121961221946964,-1.0766075542596034,0
2.0357644043265175,-2.06124700264537,-0.7600463850137503,0
1.8758336180386725,-1.4303855910160186,-1.5766325853948056,0
1.0019633754946118,-1.9695955670712284,-0.9620025846710467,0
1.1122698209440922,-0.02801430632296209,-3.179179670137752,0
-0.017246701110379847,-1.3615046588623319,-1.7805534344945024,0
1.6399833961126453,-2.315524672136182,-0.5022888679120631,0
0.8280862323455181,-0.1303288950830277,1.3081299471111798,1
3.4818767999933264,-0.7191031963126806,-2.10523563908032,0
1.9432759626917446,-1.8069795421271493,-1.095184745389919,0
1.486531684514716,-2.34309401961756,-0.6135867192764702,0
1.5555375095506558,-2.074535557566081,-0.8140778096883896,0
2.5061420647401187,-2.3211629882295934,2.2180708025977127,1
-0.04518220205888568,-1.384353309786933,-1.6931637944119187,0
1.8464788065554583,-0.987497424802027,-2.058912119748218,0
1.3168189211146664,-1.6210163581252766,-1.4281209828474193,0
-0.7116319510960234,0.5984461483874179,-4.136866039970567,0
2.6647768690541964,-2.0031111029264737,-0.7011721583906151,0
2.194935912029839,-2.3762599546981296,-0.4573164896564901,0
1.730432497403123,-1.70107220408076,-1.3083752562530062,0
0.8593048447524217,-1.2450021064860297,-1.8145643701013514,0
0.6156375845383333,-2.4202013884610682,-0.4014086429731518,0
0.19643446943436338,-3.6516256668657903,0.743113085994402,0
1.1768519920365434,-1.9826064606313163,-0.9744007454971766,0
3.2825640382685837,-2.86620685050642,0.2450700230238112,0
0.5546433629273282,-2.736758676732836,-0.16087070087310362,0
0.21547118031870993,-1.6101154732035006,-1.5922882453628793,0
0.5534595279015927,-1.7902455905479544,-1.1903728919522238,0
1.9755402668023843,-2.2000990656190504,0.3456230936948148,1
2.0934156528221184,-1.592133264064939,-1.3008245177161544,0
2.010334302841123,-1.7582247124101757,-1.173161642153607,0
4.45194670286476,-0.5028154202577729,-2.3550201419619787,0
2.1414449618390337,-1.9938688038365684,-0.9463959021349693,0
