date,BK,FANG,JNJ,LUV,MU,NKE,SBUX,T,WDC,WRK
2015-06-24,43.29,77.955,77.955,34.35,24.06,53.11,53.71,35.78,87.73,58.5699
2015-06-25,42.85,76.39,76.39,34.49,24.02,52.61,54.07,36.18,85.95,57.2022
2015-06-26,42.98,75.25,75.25,34.32,19.66,54.855,54.62,36.12,84.45,57.2022
2015-06-29,41.79,75.16,75.16,33.18,18.73,53.835,53.55,35.77,81.96,56.1857
2015-06-30,41.97,75.38,75.38,33.09,18.84,54.01,53.615,35.52,78.42,56.2781
2015-07-01,42.18,72.82,72.82,32.62,18.78,54.715,53.89,35.57,79.44,57.6643
2015-07-02,41.79,73.13,73.13,32.51,19.07,54.935,54.24,35.73,80.87,60.0577
2015-07-06,41.55,70.21,70.21,33.03,18.32,54.92,54.305,35.61,79.815,58.9118
2015-07-07,41.54,71.06,71.06,33.41,18.2,55.645,54.375,35.77,79.82,57.729
2015-07-08,40.54,69.29,69.29,32.36,17.63,54.635,53.39,34.79,78.31,55.1784
2015-07-09,40.99,70.86,70.86,32.52,17.15,54.72,54.05,34.39,77.35,54.9936
2015-07-10,41.71,70.89,70.89,33.83,17.57,55.26,54.57,34.65,77.1,56.7402
2015-07-13,42.38,71.31,71.31,33.93,17.61,56.205,55.7,34.88,77.71,57.4055
2015-07-14,42.53,73.34,73.34,33.86,19.61,56.17,55.75,35.12,78.36,57.4702
2015-07-15,42.67,70.69,70.69,33.92,18.89,55.95,55.34,34.73,78.69,56.9435
2015-07-16,43.07,69.19,69.19,34.57,19.61,56.17,55.74,35.16,78.89,57.5904
2015-07-17,42.82,66.27,66.27,34.76,20.12,56.4,55.69,35.01,78.93,57.0636
2015-07-20,42.98,64.83,64.83,34.31,18.89,56.565,56.21,34.9,78.38,56.8788
2015-07-21,44.15,65.97,65.97,34.71,18.88,56.495,56.2,34.57,78.69,55.3078
2015-07-22,44.73,66.24,66.24,35.12,18.0,57.045,56.69,34.27,78.52,55.5758
2015-07-23,44.47,66.29,66.29,36.48,18.7,57.0,56.56,33.93,77.9,55.3078
2015-07-24,43.72,63.9,63.9,35.0,18.34,56.495,57.29,34.29,77.26,54.4391
2015-07-27,43.26,63.3,63.3,35.09,18.12,55.865,56.98,34.32,76.49,53.7738
2015-07-28,43.59,64.99,64.99,36.06,19.75,56.735,57.14,34.33,77.74,54.8365
2015-07-29,43.78,67.65,67.65,35.52,19.87,57.46,57.51,34.69,78.75,54.8827
2015-07-30,43.93,67.68,67.68,36.31,19.9,57.505,58.06,34.8,86.44,58.0616
2015-07-31,43.4,67.3,67.3,36.2,18.51,57.61,57.93,34.74,86.06,58.2742
2015-08-03,43.4,66.82,66.82,37.53,19.0,57.415,58.19,34.66,85.85,58.3758
2015-08-04,43.89,67.99,67.99,37.93,19.01,57.885,58.7,34.58,84.39,57.8214
2015-08-05,44.4,68.37,68.37,37.89,18.91,58.375,59.01,34.57,84.69,57.9877
2015-08-06,44.28,70.48,70.48,37.81,18.72,57.56,57.23,34.24,84.19,57.0544
2015-08-07,44.75,68.84,68.84,37.58,18.44,57.255,57.2,34.21,83.51,57.8121
2015-08-10,45.26,70.19,70.19,37.79,18.82,57.68,56.27,34.78,84.96,58.2003
2015-08-11,44.67,70.87,70.87,38.36,17.88,57.23,56.35,34.65,83.19,58.5884
2015-08-12,43.9,72.48,72.48,38.68,18.19,56.53,56.38,34.02,83.16,58.5052
2015-08-13,43.87,71.67,71.67,38.97,17.7,56.8,56.85,33.81,81.57,58.3389
2015-08-14,44.07,73.9,73.9,39.36,16.95,57.18,57.1,34.05,82.5,58.4313
2015-08-17,44.06,72.21,72.21,40.45,17.22,57.49,57.74,34.23,83.6,58.5329
2015-08-18,44.35,73.38,73.38,40.19,16.38,57.41,57.83,34.35,83.31,58.3666
2015-08-19,44.18,71.84,71.84,40.45,15.9,57.48,57.59,34.36,81.71,57.3593
2015-08-20,42.8,70.23,70.23,39.06,14.74,56.15,55.81,33.95,79.79,56.0748
2015-08-21,41.45,66.55,66.55,37.91,14.53,53.435,52.84,33.38,79.44,54.5316
2015-08-24,38.64,61.75,61.75,37.21,14.44,51.935,50.34,32.37,76.92,52.1751
2015-08-25,37.78,60.82,60.82,36.52,14.27,51.765,51.09,31.8,75.16,51.2879
2015-08-26,39.47,62.09,62.09,37.39,14.42,54.38,53.96,32.69,78.63,52.1658
2015-08-27,40.8,65.7,65.7,37.31,15.67,56.31,55.95,33.44,81.41,54.7256
2015-08-28,40.67,66.56,66.56,37.1,15.96,56.25,55.63,33.29,81.28,55.6867
2015-08-31,39.8,68.29,68.29,36.7,16.41,55.875,54.71,33.2,81.96,54.8458
2015-09-01,38.34,64.52,64.52,36.36,15.82,54.315,53.5,32.32,80.45,53.9956
2015-09-02,39.02,67.45,67.45,37.72,16.29,55.35,55.26,32.82,81.15,53.7553
2015-09-03,39.28,66.98,66.98,37.43,16.59,55.425,54.69,33.04,81.8,54.2636
2015-09-04,38.49,66.0,66.0,37.23,16.82,54.845,54.28,32.56,80.02,52.9975
2015-09-08,39.32,67.31,67.31,38.11,17.53,55.875,55.21,33.14,83.9,54.1527
2015-09-09,38.98,65.05,65.05,38.3,16.96,54.93,54.69,32.78,82.39,53.8292
2015-09-10,39.33,66.88,66.88,38.36,17.2,55.19,55.37,32.75,81.24,54.2821
2015-09-11,39.56,66.31,66.31,38.54,16.8,55.91,56.53,32.72,80.53,54.2913
2015-09-14,39.56,65.72,65.72,38.87,16.7,55.945,56.29,32.55,80.64,55.0583
2015-09-15,40.06,66.7,66.7,38.9,16.52,56.92,56.91,32.86,80.74,55.1507
2015-09-16,40.23,69.89,69.89,39.14,16.68,57.79,57.26,32.94,81.16,54.3283
2015-09-17,39.81,69.81,69.81,39.49,16.41,57.635,57.28,32.78,80.73,53.3487
2015-09-18,38.86,69.0,69.0,39.47,15.5,57.525,56.84,32.55,75.87,51.4728
2015-09-21,39.43,69.42,69.42,39.38,15.75,58.28,57.54,32.56,76.26,51.6206
2015-09-22,38.85,69.18,69.18,38.24,15.41,57.985,57.12,32.27,72.05,49.8463
2015-09-23,38.82,66.49,66.49,38.58,14.81,57.715,57.79,32.2,71.44,48.7836
2015-09-24,38.52,66.67,66.67,38.17,15.34,57.395,58.37,32.11,71.4,48.34
2015-09-25,39.6,66.01,66.01,38.09,14.91,62.5,57.99,32.33,70.47,48.0074
2015-09-28,38.2,62.63,62.63,37.45,14.06,61.07,55.77,31.9,68.25,46.1776
2015-09-29,38.44,63.0,63.0,37.68,14.38,59.835,55.72,32.07,69.37,46.7321
2015-09-30,39.15,64.6,64.6,38.04,14.98,61.485,56.84,32.58,79.44,47.5361
2015-10-01,39.36,65.56,65.56,38.41,14.77,61.915,57.48,32.53,77.89,48.0536
2015-10-02,39.17,69.36,69.36,38.38,15.91,62.605,58.08,32.64,79.44,48.9869
2015-10-05,40.15,72.21,72.21,39.3,17.57,62.135,59.04,33.43,82.14,49.9942
2015-10-06,39.96,72.58,72.58,38.0,18.22,61.595,58.69,33.31,83.02,50.1883
2015-10-07,40.55,73.65,73.65,38.71,18.62,61.05,58.78,33.12,84.49,49.9572
2015-10-08,40.87,76.22,76.22,38.76,18.72,62.455,59.46,33.4,85.27,50.0774
2015-10-09,40.45,76.95,76.95,39.94,18.16,62.47,60.07,33.14,86.0,53.2008
2015-10-12,40.46,76.91,76.91,41.22,18.03,63.215,60.54,33.3,85.01,52.055
2015-10-13,39.84,76.17,76.17,40.82,18.18,62.905,60.16,33.22,84.37,51.3249
2015-10-14,39.26,76.43,76.43,40.84,18.82,62.92,58.82,33.27,83.19,51.5282
2015-10-15,40.48,75.68,75.68,41.24,18.66,64.395,59.69,33.49,81.12,51.7592
2015-10-16,40.49,77.18,77.18,40.56,18.5,65.235,59.93,33.83,79.52,51.5559
2015-10-19,40.17,73.31,73.31,41.41,19.16,66.605,60.97,33.63,80.48,50.1513
2015-10-20,41.25,73.36,73.36,41.38,17.09,66.185,60.88,33.75,74.86,49.68
2015-10-21,40.84,71.27,71.27,41.04,16.43,66.235,60.53,33.6,71.44,48.5803
2015-10-22,41.65,72.35,72.35,44.08,16.72,66.205,61.49,33.96,69.96,48.5156
2015-10-23,42.25,71.92,71.92,45.23,17.24,65.265,62.61,33.74,69.34,49.3196
2015-10-26,41.89,72.88,72.88,45.77,16.58,65.69,63.43,33.66,67.16,49.2179
2015-10-27,41.71,72.56,72.56,45.47,16.68,65.41,62.71,33.21,67.17,49.0424
2015-10-28,43.07,75.5,75.5,45.41,16.92,65.645,63.51,33.42,67.52,50.2807
2015-10-29,42.45,75.4,75.4,45.82,16.21,65.56,62.5,33.55,67.82,49.9572
2015-10-30,41.65,73.84,73.84,46.29,16.56,65.515,62.57,33.51,66.82,49.68
2015-11-02,42.25,73.41,73.41,46.74,17.09,65.595,62.24,33.61,67.84,49.9942
2015-11-03,42.65,77.26,77.26,46.96,17.835,65.7,62.8,33.63,68.53,49.181000000000004
2015-11-04,42.59,76.08,76.08,46.64,17.44,65.18,61.96,33.48,68.55,49.2087
2015-11-05,43.29,77.09,77.09,46.67,16.51,65.93,62.28,33.34,67.85,47.4806
2015-11-06,44.19,77.79,77.79,46.85,16.45,65.89,61.97,33.16,67.89,49.5876
2015-11-09,43.67,79.62,79.62,46.37,15.84,65.24,61.34,32.84,66.61,47.9612
2015-11-10,43.63,79.6,79.6,46.46,15.545,65.0,62.18,32.79,63.58,47.4344
2015-11-11,43.84,79.83,79.83,46.72,15.5,63.71,61.87,32.92,62.6,47.647
2015-11-12,43.18,78.09,78.09,46.69,15.35,62.99,61.07,32.69,62.4,45.5308
2015-11-13,42.67,76.72,76.72,45.89,15.0,60.93,59.74,32.31,60.23,44.8654
2015-11-16,42.93,79.66,79.66,45.74,14.89,61.73,60.68,33.04,61.65,44.2925
2015-11-17,42.91,79.61,79.61,45.93,15.28,61.29,60.55,33.26,62.46,44.1261
2015-11-18,44.0,81.42,81.42,46.31,15.61,62.89,61.8,33.54,64.24,45.808
2015-11-19,43.83,77.06,77.06,46.87,15.87,62.89,61.46,33.62,62.01,46.3717
2015-11-20,43.74,77.47,77.47,47.32,15.43,66.325,61.99,33.66,61.71,46.306999999999995
2015-11-23,43.67,79.74,79.74,47.47,15.32,66.23,62.64,33.46,61.32,46.575
2015-11-24,43.68,79.94,79.94,46.23,15.63,66.255,61.96,33.39,61.83,46.6674
2015-11-25,43.93,78.7,78.7,45.88,15.58,67.065,62.19,33.45,61.63,46.4641
2015-11-27,43.88,77.52,77.52,45.82,15.56,67.165,62.18,33.57,61.73,46.5842
2015-11-30,43.84,78.02,78.02,45.88,15.93,66.14,61.39,33.67,62.41,46.7875
2015-12-01,43.91,78.2,78.2,47.04,16.55,66.655,61.37,33.77,63.93,47.1479
2015-12-02,43.49,76.79,76.79,47.51,15.82,66.325,61.22,33.56,62.4,46.5473
2015-12-03,42.98,76.75,76.75,47.29,15.61,64.56,59.55,33.1,63.62,46.6951
2015-12-04,44.06,76.31,76.31,49.41,15.5,66.165,61.75,34.11,64.58,46.5935
2015-12-07,43.59,73.85,73.85,49.58,14.85,65.8,61.89,34.27,63.37,45.2443
2015-12-08,43.15,74.94,74.94,45.04,14.6,65.85,62.16,33.85,64.0,44.3571
2015-12-09,42.4,77.02,77.02,44.5,14.32,64.42,61.18,33.57,62.95,44.4033
2015-12-10,42.27,79.09,79.09,45.25,14.66,64.32,61.87,33.67,63.35,43.3499
2015-12-11,40.77,76.56,76.56,43.42,14.04,63.145,59.82,33.17,62.08,42.2871
2015-12-14,40.39,75.61,75.61,43.77,13.66,63.93,59.92,33.6,59.375,40.7993
2015-12-15,42.04,76.51,76.51,44.22,14.18,64.305,59.98,33.81,60.88,40.2633
2015-12-16,42.7,72.36,72.36,44.8,14.07,65.465,60.35,34.4,60.96,41.5109
2015-12-17,41.26,68.75,68.75,43.51,14.32,65.11,59.515,34.03,59.4,41.4647
2015-12-18,40.22,66.16,66.16,42.74,14.36,64.26,58.62,33.6,58.86,40.7439
2015-12-21,40.59,62.2,62.2,43.37,14.77,64.9,59.54,34.09,59.06,41.1043
2015-12-22,40.99,63.35,63.35,43.54,14.61,65.925,59.99,34.41,59.69,40.6977
2015-12-23,41.35,67.46,67.46,43.44,14.3,64.355,60.34,34.78,60.32,42.0561
2015-12-24,41.23,67.92,67.92,43.9,14.48,63.18,60.32,34.66,61.22,42.0561
2015-12-28,41.14,65.43,65.43,43.82,14.19,63.81,60.19,34.76,60.3,42.167
2015-12-29,41.72,66.44,66.44,44.34,14.34,64.26,61.13,34.93,61.06,42.3888
2015-12-30,41.28,66.02,66.02,43.35,14.16,63.25,60.82,34.74,61.09,42.2871
2015-12-31,41.22,66.9,66.9,43.06,14.16,62.5,60.03,34.41,60.05,42.1578
2016-01-04,39.97,66.11,66.11,41.96,14.33,61.52,58.26,34.35,60.4,42.0654
2016-01-05,39.82,65.19,65.19,42.46,14.82,62.38,58.65,34.59,60.14,42.0376
2016-01-06,38.82,62.2,62.2,42.85,14.22,61.49,58.13,34.06,58.8,40.8733
2016-01-07,37.84,60.4,60.4,41.95,13.66,59.85,56.69,33.51,57.83,40.4666
2016-01-08,37.15,60.76,60.76,42.21,13.33,58.87,56.63,33.54,55.39,38.7478
2016-01-11,37.42,57.6,57.6,42.04,12.53,59.55,57.82,33.95,52.8,36.7425
2016-01-12,37.72,58.52,58.52,42.68,12.72,59.94,59.46,33.9,52.36,35.4395
2016-01-13,36.46,59.51,59.51,40.4,12.06,58.78,57.87,33.74,49.99,35.0791
2016-01-14,37.07,62.68,62.68,40.47,12.02,58.51,58.98,34.3,49.25,35.5781
2016-01-15,35.78,63.16,63.16,39.77,11.08,57.56,58.0,33.99,47.24,34.2382
2016-01-19,35.93,60.48,60.48,39.6,10.8,58.32,58.55,34.51,46.45,33.6929
2016-01-20,35.47,60.91,60.91,39.3,10.05,59.04,56.92,33.9,45.79,33.3141
2016-01-21,34.31,64.1,64.1,39.5,10.85,60.56,59.03,34.54,43.94,33.6467
2016-01-22,35.15,66.17,66.17,39.0,11.07,60.88,59.17,35.14,44.75,34.8758
2016-01-25,34.67,62.08,62.08,38.2,10.48,60.7,57.71,35.0,42.47,29.6731
2016-01-26,35.56,66.53,66.53,38.37,10.55,61.11,58.61,35.4,45.34,29.6454
2016-01-27,35.43,68.27,68.27,37.29,10.39,59.58,57.63,35.48,43.67,30.1259
2016-01-28,35.37,72.79,72.79,36.19,9.885,61.2,59.285,35.53,45.69,29.248
2016-01-29,36.22,75.55,75.55,37.62,11.03,62.01,60.77,36.06,47.98,32.6025
2016-02-01,35.5,72.6,72.6,38.31,10.96,63.16,61.4,36.18,49.19,32.353
2016-02-02,34.29,71.25,71.25,36.47,10.59,62.55,60.695,36.06,46.89,30.8282
2016-02-03,34.34,74.88,74.88,36.84,10.76,62.49,59.53,36.72,48.04,30.781999999999996
2016-02-04,34.95,72.0,72.0,37.55,11.23,60.17,58.29,36.53,49.14,31.816999999999997
2016-02-05,34.46,67.31,67.31,35.69,11.0,57.17,54.49,36.88,45.86,30.8652
2016-02-08,33.3,69.95,69.95,34.72,10.17,55.04,54.14,37.11,41.91,29.747
2016-02-09,33.6,67.06,67.06,35.25,9.98,55.68,54.42,36.65,40.18,30.2091
2016-02-10,33.56,67.33,67.33,35.54,9.9,57.41,55.14,36.43,40.23,28.9708
2016-02-11,32.74,67.9,67.9,35.34,9.69,56.0,54.92,36.21,40.1,27.6678
2016-02-12,33.83,69.13,69.13,36.24,10.02,56.42,55.86,36.47,41.08,28.675
2016-02-16,34.55,67.97,67.97,37.08,10.81,57.79,56.41,36.65,42.78,29.1186
2016-02-17,34.91,70.44,70.44,38.51,11.43,58.17,57.63,36.64,43.29,30.2275
2016-02-18,34.54,70.25,70.25,39.0,11.49,58.6,56.96,36.99,44.41,30.246
2016-02-19,34.93,72.08,72.08,39.31,11.16,59.31,57.67,36.57,44.12,29.1648
2016-02-22,35.43,73.7,73.7,40.82,11.05,60.17,58.87,36.86,46.1,29.8949
2016-02-23,35.06,69.99,69.99,41.08,10.49,60.21,58.46,36.74,42.77,30.1074
2016-02-24,34.77,71.72,71.72,41.36,10.64,60.4,58.11,37.1,43.92,29.8579
2016-02-25,35.33,71.56,71.56,42.59,10.72,62.38,58.75,37.37,43.99,29.9596
2016-02-26,36.12,72.6,72.6,42.17,10.7,62.6,58.34,37.13,43.89,31.013
2016-02-29,35.39,71.25,71.25,41.95,10.63,61.59,58.21,36.95,43.53,31.2071
2016-03-01,36.8,72.49,72.49,42.5,11.07,62.92,60.04,37.39,46.1,32.7134
2016-03-02,37.42,74.0,74.0,41.94,11.68,62.22,59.56,37.69,47.35,34.0996
2016-03-03,37.69,72.51,72.51,42.03,11.79,61.47,59.04,37.99,48.66,34.8204
2016-03-04,38.09,75.99,75.99,41.5,11.88,61.26,58.7,37.93,48.86,33.9702
2016-03-07,38.17,76.24,76.24,41.48,11.58,59.25,58.0,38.13,50.07,33.4896
2016-03-08,37.49,74.39,74.39,41.59,10.66,59.81,57.6,38.09,46.44,32.6764
2016-03-09,37.14,74.7,74.7,42.32,10.81,58.33,57.07,37.98,47.44,32.8982
2016-03-10,36.87,75.08,75.08,42.26,10.88,58.88,57.52,38.31,47.89,32.3807
2016-03-11,37.75,78.43,78.43,43.33,11.39,60.08,57.59,38.36,49.88,34.155
2016-03-14,37.63,76.01,76.01,43.82,11.15,60.81,58.65,38.32,48.19,35.1346
2016-03-15,37.49,76.98,76.98,43.62,10.85,61.4,59.08,38.52,45.61,34.2104
2016-03-16,37.17,77.11,77.11,44.15,10.72,61.86,59.67,38.77,46.13,35.1068
2016-03-17,37.38,77.49,77.49,43.6,10.87,63.18,59.55,39.12,46.0,36.4006
2016-03-18,38.15,77.62,77.62,44.5,11.14,62.99,59.7,38.56,49.02,36.4375
2016-03-21,38.13,78.05,78.05,44.99,11.53,64.72,59.1,38.92,49.29,37.0659
2016-03-22,37.86,78.02,78.02,44.61,11.44,64.9,59.38,38.63,51.34,37.1399
2016-03-23,37.52,76.7,76.7,44.43,10.65,62.44,58.83,38.54,48.72,36.225
2016-03-24,37.28,77.43,77.43,44.06,10.5,61.65,58.36,38.88,48.12,35.6058
2016-03-28,37.34,76.46,76.46,43.81,10.38,61.34,58.96,39.07,48.08,35.5412
2016-03-29,36.97,77.16,77.16,44.64,10.45,61.49,59.55,39.45,48.32,36.0032
2016-03-30,37.14,79.03,79.03,44.98,10.48,62.04,60.01,39.37,46.14,35.3471
2016-03-31,36.83,77.18,77.18,44.8,10.47,61.47,59.7,39.17,47.24,36.0679
2016-04-01,36.93,76.77,76.77,44.56,11.03,61.59,61.02,39.05,46.6,36.225
2016-04-04,37.04,74.51,74.51,44.11,10.8,59.97,60.25,39.36,46.27,34.9682
2016-04-05,36.52,73.8,73.8,43.63,10.4,59.67,60.04,39.19,44.13,33.7022
2016-04-06,36.97,76.69,76.69,43.67,10.47,60.31,60.83,38.64,44.72,34.5154
2016-04-07,35.67,79.07,79.07,43.65,10.51,60.3,61.17,38.59,43.25,34.192
2016-04-08,35.49,81.05,81.05,44.5,10.72,59.42,61.04,38.5,43.1,34.3675
2016-04-11,35.86,80.58,80.58,44.37,10.45,57.92,60.9,38.39,44.23,34.4045
2016-04-12,36.13,82.05,82.05,44.65,10.17,58.55,59.5,38.67,43.97,35.0606
2016-04-13,37.78,81.4,81.4,45.84,10.88,59.58,60.21,38.25,44.8,36.1418
2016-04-14,38.06,81.73,81.73,46.71,10.4,59.49,60.13,38.42,41.82,35.4025
2016-04-15,37.85,80.11,80.11,47.04,10.69,59.5,60.51,38.48,40.49,35.689
2016-04-18,38.31,81.82,81.82,47.1,10.89,59.57,60.89,38.65,41.03,36.0494
2016-04-19,38.84,82.3,82.3,47.13,10.72,59.56,60.9,38.92,41.32,36.7702
2016-04-20,39.72,83.45,83.45,47.05,10.75,59.62,60.9,38.72,43.28,36.5484
2016-04-21,40.7,82.55,82.55,47.73,10.65,60.08,60.64,37.86,43.35,36.4191
2016-04-22,41.06,83.68,83.68,47.25,10.66,59.43,57.68,38.07,43.66,37.6481
2016-04-25,40.67,84.48,84.48,46.85,10.55,59.21,57.77,38.21,43.34,36.724000000000004
2016-04-26,41.23,86.51,86.51,46.18,11.51,59.54,57.72,38.09,44.54,37.7036
2016-04-27,41.28,88.43,88.43,45.57,11.56,59.27,56.9,38.72,46.08,38.4706
2016-04-28,40.64,86.88,86.88,44.06,11.62,58.54,56.42,38.64,46.06,38.5815
2016-04-29,40.24,86.58,86.58,44.61,10.75,58.94,56.23,38.82,40.865,38.6739
2016-05-02,40.77,87.61,87.61,44.01,10.62,59.59,57.36,39.1,40.85,38.1841
2016-05-03,39.81,84.9,84.9,43.14,10.36,59.52,56.25,38.91,39.36,36.8996
2016-05-04,39.28,84.17,84.17,41.66,10.0,59.11,56.39,38.88,39.6,36.0032
2016-05-05,39.4,87.68,87.68,41.53,10.06,58.19,56.25,38.74,38.13,37.1399
2016-05-06,39.53,85.46,85.46,41.73,9.99,58.43,56.31,38.99,37.27,37.796
2016-05-09,39.37,85.73,85.73,42.19,9.87,58.72,56.64,38.86,36.96,38.4151
2016-05-10,40.24,87.41,87.41,42.85,10.09,59.2,57.49,39.31,38.37,39.2099
2016-05-11,39.87,86.49,86.49,42.11,10.1,57.01,56.23,39.18,36.74,39.5333
2016-05-12,39.74,87.14,87.14,41.22,9.63,57.99,56.3,39.55,36.36,39.2838
2016-05-13,39.44,85.49,85.49,41.56,9.56,57.31,55.82,39.15,35.44,39.33
2016-05-16,39.74,86.58,86.58,42.23,9.68,57.14,55.53,39.28,35.57,39.63
2016-05-17,39.84,86.94,86.94,42.2,9.67,57.1,54.88,39.11,36.75,37.97
2016-05-18,41.14,86.93,86.93,42.9,10.05,56.12,54.8,38.45,38.46,37.4
2016-05-19,40.83,86.93,86.93,42.17,10.07,57.04,54.55,38.44,38.37,37.0
2016-05-20,41.07,87.02,87.02,42.19,10.8,56.48,54.62,38.45,39.56,37.9
2016-05-23,40.97,86.84,86.84,42.21,11.14,55.99,54.6,38.32,40.46,38.05
2016-05-24,41.68,87.97,87.97,42.8,11.49,56.59,55.44,38.5,42.28,38.69
2016-05-25,42.21,89.74,89.74,42.53,11.6,55.99,55.15,38.62,44.15,39.4
2016-05-26,42.03,91.91,91.91,41.79,11.95,55.84,55.29,38.84,44.38,39.32
2016-05-27,42.27,92.86,92.86,42.33,12.31,56.19,55.15,38.99,44.99,39.78
2016-05-31,42.06,90.95,90.95,42.48,12.72,55.22,54.89,39.15,46.54,39.61
2016-06-01,42.25,91.53,91.53,42.54,13.09,54.93,54.82,38.73,47.63,39.59
2016-06-02,42.16,92.42,92.42,42.17,13.11,54.53,54.62,38.84,48.38,39.87
2016-06-03,41.52,90.11,90.11,41.69,12.86,53.45,54.61,39.21,47.77,39.74
2016-06-06,42.39,90.87,90.87,41.77,12.77,54.3,55.59,39.34,48.02,40.24
2016-06-07,42.04,94.59,94.59,43.07,13.0,53.55,55.3,39.79,49.74,40.16
2016-06-08,42.06,93.13,93.13,43.5,12.58,54.12,55.22,39.86,49.26,40.47
2016-06-09,41.65,92.18,92.18,44.19,12.51,54.94,55.58,40.09,48.17,40.3
2016-06-10,41.24,89.34,89.34,43.63,12.14,55.11,54.865,40.33,46.85,39.0
2016-06-13,40.96,88.76,88.76,42.16,12.05,54.91,55.04,40.19,46.28,37.97
2016-06-14,40.15,89.86,89.86,39.88,11.92,54.12,55.57,40.38,46.4,37.84
2016-06-15,40.26,89.13,89.13,39.94,12.02,54.31,55.35,40.29,46.26,38.37
2016-06-16,40.16,87.25,87.25,39.78,11.95,53.47,55.53,40.49,46.42,38.94
2016-06-17,40.06,87.51,87.51,39.74,12.2,53.71,55.31,40.73,46.59,39.73
2016-06-20,40.42,89.01,89.01,40.02,12.32,54.36,55.38,40.78,47.61,40.75
2016-06-21,40.44,90.92,90.92,40.52,12.75,54.77,55.81,41.07,48.87,40.9
2016-06-22,40.6,90.79,90.79,40.26,12.72,54.57,55.61,41.3,48.35,40.46
2016-06-23,41.54,91.41,91.41,39.59,14.05,54.12,56.13,41.88,50.81,41.51
2016-06-24,37.99,87.28,87.28,38.31,13.21,52.59,54.68,41.52,47.84,38.59
2016-06-27,35.88,83.77,83.77,36.76,12.23,51.89,53.69,42.03,42.18,35.87
2016-06-28,36.79,88.61,88.61,37.43,12.99,53.09,54.85,42.02,44.11,37.27
2016-06-29,38.0,90.79,90.79,38.89,13.19,55.13,56.74,42.54,45.6,37.98
2016-06-30,38.85,91.21,91.21,39.21,13.76,55.2,57.12,43.21,47.26,38.87
2016-07-01,38.04,90.54,90.54,39.6,12.5,55.61,56.99,43.47,46.47,39.05
2016-07-05,37.13,89.53,89.53,39.21,11.91,55.2,56.77,43.35,44.72,37.04
2016-07-06,37.31,90.5,90.5,39.13,11.73,55.8,56.75,43.1,45.46,37.42
2016-07-07,37.76,88.59,88.59,39.85,12.2,55.92,56.91,42.3,47.66,37.16
2016-07-08,38.49,89.16,89.16,40.54,12.62,56.72,56.51,42.61,49.35,38.55
2016-07-11,38.59,89.7,89.7,41.04,12.64,56.83,56.32,42.51,49.48,38.87
2016-07-12,39.37,91.96,91.96,42.84,13.23,58.06,57.48,42.41,51.84,39.74
2016-07-13,39.41,91.04,91.04,42.4,13.29,57.99,56.48,42.59,52.01,39.61
2016-07-14,39.69,92.23,92.23,43.17,13.29,58.49,57.59,42.77,51.75,40.21
2016-07-15,39.79,90.93,90.93,43.16,13.13,57.87,57.41,42.89,51.66,42.51
2016-07-18,39.93,90.57,90.57,43.18,13.34,57.74,56.92,42.85,52.12,43.25
2016-07-19,39.71,89.42,89.42,42.72,13.22,57.76,56.76,42.77,51.2,42.92
2016-07-20,40.01,89.48,89.48,42.03,13.59,57.76,57.54,42.71,51.87,43.58
2016-07-21,38.6,88.18,88.18,37.32,13.18,56.99,57.6,42.52,51.65,43.29
2016-07-22,39.19,88.23,88.23,37.83,13.13,56.73,57.9,43.11,52.4,43.13
2016-07-25,39.05,85.35,85.35,37.36,13.92,57.14,57.95,42.94,52.07,42.84
2016-07-26,39.6,85.89,85.89,38.28,14.67,56.37,58.31,42.38,53.74,43.63
2016-07-27,39.93,85.36,85.36,37.48,14.19,55.79,57.85,42.76,53.44,43.24
2016-07-28,39.83,85.93,85.93,37.47,13.81,55.45,58.21,42.58,53.7,42.77
2016-07-29,39.4,87.79,87.79,37.01,13.74,55.5,58.05,43.29,47.51,42.91
2016-08-01,39.2,85.95,85.95,37.04,13.56,55.41,57.63,43.18,46.07,41.92
2016-08-02,38.8,85.85,85.85,35.54,13.4,54.92,56.73,43.16,45.05,41.01
2016-08-03,39.22,87.34,87.34,35.88,13.51,54.75,55.94,43.14,44.78,41.95
2016-08-04,38.94,88.91,88.91,36.42,14.03,54.79,55.42,43.08,44.3,43.72
2016-08-05,40.5,92.95,92.95,37.85,14.52,55.85,55.9,43.16,45.42,44.08
2016-08-08,40.59,93.7,93.7,37.45,14.42,55.98,55.36,42.93,45.35,44.01
2016-08-09,40.28,94.28,94.28,37.46,14.48,55.77,55.2,43.08,45.28,43.83
2016-08-10,39.84,93.29,93.29,36.99,14.2,55.13,55.62,43.2,43.17,43.86
2016-08-11,40.04,94.16,94.16,37.24,14.43,56.73,55.47,43.39,43.89,45.27
2016-08-12,39.73,94.58,94.58,36.52,14.93,56.45,55.47,43.28,44.31,44.47
2016-08-15,40.16,96.45,96.45,36.88,15.53,56.77,55.25,43.02,45.84,44.0
2016-08-16,39.99,95.01,95.01,36.52,15.49,56.88,55.37,41.96,45.78,44.86
2016-08-17,40.21,95.3,95.3,36.85,15.52,56.86,55.8,41.86,44.73,45.49
2016-08-18,40.24,98.55,98.55,36.84,15.77,57.21,55.53,41.4,45.81,45.57
2016-08-19,40.25,98.59,98.59,36.35,16.25,58.9,54.94,41.01,46.6,45.41
2016-08-22,40.18,96.49,96.49,36.28,16.19,58.66,55.85,40.91,46.14,44.35
2016-08-23,40.25,96.59,96.59,36.69,16.18,59.62,56.4,40.85,46.5,44.68
2016-08-24,40.29,96.19,96.19,36.66,15.51,60.22,57.09,40.87,45.41,44.47
2016-08-25,40.53,96.26,96.26,36.69,16.2,59.24,57.29,41.07,46.44,47.07
2016-08-26,40.85,96.33,96.33,36.27,16.51,59.0,57.29,40.68,46.93,48.05
2016-08-29,41.26,97.36,97.36,36.45,16.91,58.63,56.8,41.0,47.08,48.59
2016-08-30,41.71,96.5,96.5,37.18,16.74,58.0,56.4,40.89,47.1,48.54
2016-08-31,41.67,95.25,95.25,36.88,16.49,57.64,56.23,40.88,46.67,47.9
2016-09-01,41.47,95.27,95.27,36.59,16.64,58.54,56.31,40.96,46.32,48.51
2016-09-02,41.65,96.38,96.38,36.89,16.7,58.02,56.18,40.95,46.97,48.55
2016-09-06,41.48,97.15,97.15,36.95,17.01,57.41,56.02,41.23,47.55,48.83
2016-09-07,41.29,98.56,98.56,38.68,17.16,57.72,56.32,41.27,53.3,49.08
2016-09-08,41.44,98.34,98.34,38.76,17.45,56.17,55.3,41.19,53.47,48.19
2016-09-09,40.93,96.05,96.05,37.34,16.81,55.33,54.35,39.71,51.59,46.49
2016-09-12,41.46,95.63,95.63,37.82,17.15,56.01,54.71,40.71,52.31,47.29
2016-09-13,40.74,90.9,90.9,37.14,16.75,55.37,53.98,39.97,52.37,46.56
2016-09-14,40.54,88.56,88.56,36.84,16.93,55.13,53.9,39.89,51.99,45.97
2016-09-15,40.85,89.88,89.88,36.99,17.45,55.47,54.11,40.45,53.28,46.53
2016-09-16,40.06,89.69,89.69,36.59,17.48,55.18,53.74,40.2,54.94,47.72
2016-09-19,40.09,89.29,89.29,36.7,16.95,54.95,53.01,40.06,54.63,47.67
2016-09-20,40.18,88.35,88.35,36.82,16.92,54.87,53.3,39.96,54.42,47.24
2016-09-21,40.52,89.39,89.39,36.91,17.66,55.34,53.98,40.57,56.13,48.29
2016-09-22,40.35,91.0,91.0,37.33,17.59,55.41,54.39,41.11,56.07,48.36
2016-09-23,40.2,88.92,88.92,37.24,17.48,55.15,54.43,41.28,55.93,48.4
2016-09-26,39.55,90.31,90.31,36.87,17.36,54.4,54.04,41.14,57.01,47.69
2016-09-27,39.5,88.53,88.53,38.54,18.0,55.34,54.19,41.46,58.86,47.6
2016-09-28,39.5,93.38,93.38,38.07,17.44,53.25,53.98,40.85,58.01,47.74
2016-09-29,39.06,95.53,95.53,38.15,17.54,52.16,53.45,40.73,58.27,47.31
2016-09-30,39.88,96.54,96.54,38.89,17.78,52.65,54.14,40.61,58.47,48.48
2016-10-03,39.69,92.53,92.53,39.74,17.73,52.67,53.84,40.77,58.86,48.21
2016-10-04,40.2,91.59,91.59,39.16,17.8,52.14,53.53,39.9,58.69,47.87
2016-10-05,40.83,94.7,94.7,39.1,17.7,52.12,53.35,39.16,59.24,46.54
2016-10-06,40.73,95.04,95.04,39.17,17.73,52.03,53.14,39.11,58.05,47.45
2016-10-07,40.57,94.7,94.7,38.47,17.61,51.79,53.46,38.87,58.67,46.5
2016-10-10,40.68,105.21,105.21,39.77,17.5,51.79,53.3,39.01,59.26,46.98
2016-10-11,39.95,104.84,104.84,39.79,16.86,51.82,52.92,39.1,56.62,45.66
2016-10-12,40.12,104.54,104.54,40.01,16.78,52.44,53.16,39.33,56.43,46.0
2016-10-13,39.09,103.53,103.53,41.38,16.85,52.03,52.95,39.37,55.28,45.05
2016-10-14,39.47,100.9,100.9,41.32,17.13,51.62,53.08,39.22,54.84,46.71
2016-10-17,39.3,100.47,100.47,41.24,16.99,51.03,52.76,39.27,53.18,47.59
2016-10-18,40.03,99.71,99.71,41.68,17.41,51.22,52.61,39.36,53.99,47.8
2016-10-19,40.43,103.2,103.2,42.25,17.215,51.8,53.15,39.38,53.6,48.65
2016-10-20,42.25,102.25,102.25,42.29,17.205,51.89,53.59,38.65,53.86,46.91
2016-10-21,43.05,102.24,102.24,42.43,16.94,51.77,53.63,37.49,53.07,46.44
2016-10-24,43.41,99.6,99.6,42.33,17.06,51.87,54.18,36.86,53.52,47.21
2016-10-25,43.4,97.44,97.44,41.95,17.54,51.05,53.67,36.7,53.63,46.96
2016-10-26,43.61,96.05,96.05,38.4,17.64,51.97,53.63,36.43,56.52,46.95
2016-10-27,43.7,96.78,96.78,39.24,17.53,51.89,53.59,36.52,59.58,46.33
2016-10-28,43.5,93.99,93.99,39.18,17.2,52.02,53.53,36.51,59.21,46.16
2016-10-31,43.27,91.29,91.29,40.05,17.16,50.18,53.07,36.79,58.44,46.19
2016-11-01,43.4,91.81,91.81,39.68,16.98,49.62,52.5,36.56,57.24,45.31
2016-11-02,42.87,91.28,91.28,39.61,16.68,49.72,52.98,36.37,55.2,45.83
2016-11-03,43.04,92.56,92.56,39.7,16.62,49.73,51.77,36.63,55.14,45.62
2016-11-04,42.99,91.69,91.69,40.38,16.68,49.96,52.75,36.5,55.02,46.35
2016-11-07,44.03,93.96,93.96,41.57,17.375,50.91,54.49,36.81,57.67,45.27
2016-11-08,43.88,93.74,93.74,41.93,17.41,51.08,54.62,36.99,57.26,45.69
2016-11-09,45.54,98.16,98.16,42.37,17.2,51.12,54.58,37.44,57.48,47.69
2016-11-10,46.21,97.37,97.37,43.64,16.99,50.39,53.57,36.57,56.84,48.38
2016-11-11,46.73,95.49,95.49,43.84,17.67,50.77,53.93,36.51,58.89,47.95
2016-11-14,47.53,94.32,94.32,45.35,17.71,50.21,54.22,36.13,59.48,49.42
2016-11-15,47.93,96.66,96.66,46.25,18.1,50.13,54.59,36.77,59.71,49.65
2016-11-16,47.05,97.59,97.59,45.85,18.24,50.68,55.44,37.15,59.53,50.04
2016-11-17,47.6,97.92,97.92,46.69,19.18,51.59,55.85,37.41,58.8,49.78
2016-11-18,47.44,97.1,97.1,47.06,19.21,51.1,55.77,37.56,60.93,50.27
2016-11-21,47.42,100.46,100.46,47.36,19.49,51.28,56.1,37.74,61.17,50.46
2016-11-22,47.25,99.2,99.2,47.1,19.74,51.71,57.12,38.55,61.19,50.73
2016-11-23,47.47,100.77,100.77,47.37,19.91,51.34,57.59,38.73,61.04,50.86
2016-11-25,47.47,99.44,99.44,47.45,20.13,51.52,57.43,39.21,61.59,51.11
2016-11-28,47.03,96.75,96.75,47.52,19.99,51.01,57.59,39.54,62.27,50.92
2016-11-29,47.05,95.4,95.4,47.24,19.42,50.63,58.17,39.48,62.67,50.89
2016-11-30,47.42,107.85,107.85,46.61,19.53,50.07,57.97,38.63,63.66,51.2
2016-12-01,48.6,110.0,110.0,47.07,18.48,50.65,58.51,38.88,61.61,50.92
2016-12-02,47.65,108.14,108.14,47.91,18.79,50.46,57.21,38.61,63.35,51.01
2016-12-05,47.86,106.93,106.93,47.07,18.61,51.85,57.5,38.63,62.09,51.52
2016-12-06,47.99,106.29,106.29,47.68,19.06,50.57,57.44,39.35,63.85,51.77
2016-12-07,48.55,105.39,105.39,49.85,20.44,52.1,58.76,40.45,69.15,52.79
2016-12-08,49.17,107.26,107.26,49.6,20.66,51.55,58.65,40.41,68.25,52.73
2016-12-09,48.62,106.04,106.04,49.79,20.5,51.72,58.75,40.38,67.71,52.45
2016-12-12,48.22,104.99,104.99,49.37,20.02,51.54,58.77,41.12,66.29,51.07
2016-12-13,48.28,105.28,105.28,49.55,20.13,52.3,59.31,41.36,67.9,51.12
2016-12-14,48.07,101.51,101.51,49.28,20.02,51.79,58.75,41.1,67.17,51.47
2016-12-15,48.35,101.18,101.18,50.59,20.29,51.29,57.71,41.5,67.89,52.36
2016-12-16,47.56,101.95,101.95,49.93,20.27,50.92,57.66,41.67,67.18,52.72
2016-12-19,47.28,105.25,105.25,50.35,20.35,50.85,57.65,42.12,68.36,52.31
2016-12-20,47.68,102.66,102.66,50.89,20.65,51.79,57.7,42.47,68.95,52.48
2016-12-21,47.55,101.45,101.45,50.65,20.58,52.3,57.44,42.36,69.22,52.32
2016-12-22,47.61,102.73,102.73,50.25,23.19,52.14,57.11,42.72,70.19,51.53
2016-12-23,47.58,102.93,102.93,50.45,23.26,51.91,57.01,42.73,70.35,51.89
2016-12-27,47.73,103.85,103.85,50.49,23.3,51.29,56.86,42.65,70.17,52.27
2016-12-28,47.65,102.94,102.94,50.17,22.78,51.02,56.35,42.52,69.21,51.53
2016-12-29,47.34,102.05,102.05,50.2,22.27,51.06,56.32,42.66,68.43,51.61
2016-12-30,47.38,101.06,101.06,49.84,21.92,50.83,55.52,42.53,67.95,50.77
2017-01-03,47.96,103.25,103.25,49.98,22.55,51.98,55.35,43.02,69.43,51.22
2017-01-04,48.71,103.57,103.57,51.3,22.36,53.07,55.99,42.77,70.54,51.99
2017-01-05,48.09,103.67,103.67,50.47,22.11,53.06,56.46,42.65,70.55,52.23
2017-01-06,48.17,103.66,103.66,49.93,22.04,53.91,57.13,41.32,70.38,52.49
2017-01-09,47.64,101.43,101.43,50.3,22.34,53.38,58.2,40.8,71.86,52.2
2017-01-10,47.72,102.71,102.71,51.34,22.48,53.11,57.88,40.81,70.84,52.08
2017-01-11,48.03,103.91,103.91,51.68,22.79,52.69,58.1,40.61,71.45,52.43
2017-01-12,47.46,103.57,103.57,51.01,22.31,52.4,58.03,41.01,70.75,52.21
2017-01-13,47.74,101.36,101.36,51.15,22.18,52.92,57.85,40.96,71.0,52.35
2017-01-17,46.43,100.44,100.44,50.24,21.74,53.65,58.0,41.11,71.62,51.46
2017-01-18,46.23,100.52,100.52,50.38,22.32,53.27,58.45,40.8,73.24,51.68
2017-01-19,44.84,102.26,102.26,50.07,21.71,52.93,57.89,41.0,71.67,51.28
2017-01-20,44.56,103.11,103.11,51.09,21.96,53.2,57.66,41.45,72.63,52.21
2017-01-23,43.87,102.19,102.19,49.94,21.89,53.24,57.76,42.0,72.65,53.16
2017-01-24,44.63,103.74,103.74,49.65,22.85,53.45,58.44,41.36,76.01,54.05
2017-01-25,44.91,105.12,105.12,49.46,23.56,53.86,58.7,41.39,80.02,55.62
2017-01-26,44.97,106.7,106.7,53.92,23.52,53.65,58.46,41.77,78.47,54.42
2017-01-27,44.78,106.68,106.68,52.7,23.97,53.19,56.12,42.01,79.52,53.91
2017-01-30,44.67,102.5,102.5,52.35,24.18,53.08,55.9,41.82,79.22,53.76
2017-01-31,44.73,105.17,105.17,52.31,24.11,52.9,55.22,42.16,79.73,53.36
2017-02-01,45.02,105.76,105.76,52.73,24.75,53.02,53.9,42.06,79.16,53.21
2017-02-02,44.8,104.63,104.63,52.86,24.79,52.8,53.87,41.18,79.23,53.66
2017-02-03,45.67,104.42,104.42,52.88,24.6,52.36,55.06,41.25,79.13,54.33
2017-02-06,45.66,105.44,105.44,53.07,24.34,52.8,55.73,41.06,78.94,54.2
2017-02-07,45.45,100.12,100.12,53.04,24.6,52.81,55.24,41.12,79.05,53.9
2017-02-08,45.14,100.56,100.56,52.92,24.21,53.88,55.22,41.21,77.08,54.02
2017-02-09,45.5,103.93,103.93,54.52,24.45,55.31,55.81,41.31,78.05,52.31
2017-02-10,45.56,104.79,104.79,54.71,24.05,56.22,56.22,41.38,77.36,52.48
2017-02-13,46.12,104.3,104.3,55.73,23.9,56.09,56.11,40.65,78.47,52.7
2017-02-14,46.82,107.68,107.68,55.31,23.12,56.45,56.58,40.75,76.41,53.52
2017-02-15,47.43,111.84,111.84,57.29,23.02,56.64,56.86,41.12,76.01,53.86
2017-02-16,47.07,109.01,109.01,56.34,22.98,56.29,56.73,41.25,75.95,54.33
2017-02-17,47.14,107.63,107.63,57.32,23.35,56.75,57.35,41.48,74.91,52.66
2017-02-21,47.5,106.84,106.84,57.86,23.77,57.36,57.54,41.73,74.9,53.83
2017-02-22,47.29,102.03,102.03,57.91,23.75,58.24,57.57,41.59,74.47,53.19
2017-02-23,47.34,100.96,100.96,57.26,23.48,57.39,57.64,41.95,74.59,53.34
2017-02-24,47.09,100.41,100.41,58.54,23.24,57.86,57.48,42.36,74.65,53.43
2017-02-27,47.11,101.65,101.65,58.43,23.76,57.69,56.78,41.82,76.1,53.73
2017-02-28,47.14,100.86,100.86,57.8,23.44,57.16,56.87,41.79,76.88,53.72
2017-03-01,48.5,105.71,105.71,58.88,24.55,57.95,57.14,42.04,78.32,54.56
2017-03-02,47.99,103.82,103.82,57.57,24.7,57.8,57.12,42.07,76.28,54.05
2017-03-03,47.95,103.58,103.58,58.86,25.57,56.7,57.1,42.01,77.54,54.04
2017-03-06,47.9,103.96,103.96,57.56,25.71,56.77,56.68,41.96,76.8,52.16
2017-03-07,47.67,104.58,104.58,56.83,25.64,56.55,56.2,41.88,76.8,50.9
2017-03-08,48.19,99.76,99.76,56.68,25.38,56.51,55.74,41.77,76.45,51.3
2017-03-09,47.93,101.48,101.48,56.36,25.15,56.36,55.19,41.94,74.26,50.93
2017-03-10,48.17,101.46,101.46,55.88,25.18,56.43,54.53,42.35,75.0,51.24
2017-03-13,48.35,101.255,101.255,54.49,25.7,56.67,54.63,42.37,75.7,51.32
2017-03-14,48.26,98.35,98.35,52.88,25.58,57.28,54.27,42.09,75.7,50.87
2017-03-15,48.33,102.92,102.92,54.29,26.12,57.66,54.54,42.59,76.72,51.79
2017-03-16,48.47,103.44,103.44,54.15,26.04,57.6,54.8,42.44,77.14,52.45
2017-03-17,47.91,104.69,104.69,53.18,25.8,57.8,55.78,42.61,76.87,52.38
2017-03-20,47.21,103.71,103.71,53.45,26.21,58.68,55.81,42.42,76.42,53.09
2017-03-21,46.42,102.12,102.12,51.88,25.52,58.01,55.54,42.08,73.22,51.48
2017-03-22,46.16,101.17,101.17,52.46,26.06,53.92,55.89,41.65,74.93,52.46
2017-03-23,46.28,99.6,99.6,52.37,26.47,55.37,55.85,41.65,76.19,52.91
2017-03-24,46.25,99.73,99.73,52.61,28.43,56.36,56.81,41.68,78.18,52.4
2017-03-27,46.25,98.94,98.94,52.88,28.76,55.93,57.23,41.49,78.57,51.6
2017-03-28,47.0,101.23,101.23,54.19,28.69,56.62,57.35,41.56,80.56,52.86
2017-03-29,46.72,103.16,103.16,53.48,28.5,56.68,57.54,41.45,81.39,52.03
2017-03-30,47.53,102.67,102.67,53.83,28.97,56.04,58.16,41.76,83.75,52.56
2017-03-31,47.23,103.715,103.715,53.76,28.9,55.73,58.39,41.55,82.53,52.03
2017-04-03,47.13,104.08,104.08,54.0,28.64,55.56,58.44,41.57,82.14,51.23
2017-04-04,46.97,106.77,106.77,53.07,28.59,55.04,58.32,41.69,82.99,51.55
2017-04-05,47.0,102.94,102.94,53.35,28.26,54.98,58.22,41.51,82.7,51.6
2017-04-06,47.31,104.67,104.67,53.38,28.62,55.14,57.92,40.6,84.09,51.87
2017-04-07,47.15,104.38,104.38,54.54,28.52,55.11,58.02,40.59,85.17,51.08
2017-04-10,47.06,104.62,104.62,54.22,27.64,54.9,57.95,40.38,84.78,51.19
2017-04-11,47.26,105.96,105.96,55.06,27.18,54.92,57.88,40.31,86.05,50.99
2017-04-12,46.89,106.32,106.32,55.51,26.69,55.57,57.58,40.56,84.21,49.83
2017-04-13,46.42,105.04,105.04,54.31,26.74,55.34,57.51,40.28,83.5,49.34
2017-04-17,47.05,105.14,105.14,54.72,27.13,56.24,58.08,40.3,84.16,50.15
2017-04-18,46.89,103.16,103.16,54.42,27.14,56.11,58.35,40.25,82.87,50.63
2017-04-19,46.86,100.55,100.55,54.65,27.26,55.86,59.04,40.25,82.8,52.9
2017-04-20,46.65,100.27,100.27,55.95,27.96,56.4,60.08,40.36,84.41,53.08
2017-04-21,46.75,101.27,101.27,55.63,27.32,55.85,60.61,39.93,83.11,53.02
2017-04-24,47.55,101.76,101.76,56.49,26.57,55.47,61.11,40.02,85.77,54.02
2017-04-25,47.23,103.97,103.97,57.09,26.99,55.45,60.96,39.94,86.88,54.36
2017-04-26,47.15,103.21,103.21,56.94,26.79,55.16,61.56,40.44,84.61,53.65
2017-04-27,47.22,100.45,100.45,55.75,27.63,55.47,61.3,39.91,85.71,54.29
2017-04-28,47.06,99.84,99.84,56.22,27.67,55.41,60.06,39.63,89.07,53.56
2017-05-01,47.18,98.96,98.96,56.28,28.29,54.99,60.18,39.1,87.7,54.11
2017-05-02,47.12,98.38,98.38,58.33,27.77,55.07,60.5,38.95,87.29,54.19
2017-05-03,47.4,100.28,100.28,58.16,28.0,54.53,60.59,38.4,89.22,53.99
2017-05-04,47.61,95.21,95.21,58.34,27.79,54.47,60.83,38.01,89.17,54.11
2017-05-05,47.65,99.65,99.65,58.4,28.2,53.95,60.95,38.56,90.72,55.02
2017-05-08,47.68,100.62,100.62,57.48,28.06,54.3,60.94,38.57,89.9,54.61
2017-05-09,47.12,99.62,99.62,58.28,28.81,54.89,60.98,38.22,88.88,53.41
2017-05-10,47.16,102.38,102.38,58.37,29.32,54.56,60.66,38.45,89.54,54.11
2017-05-11,46.93,101.38,101.38,58.09,29.03,54.24,60.27,38.44,89.68,54.28
2017-05-12,46.76,101.9,101.9,57.22,28.93,54.2,59.93,38.49,89.65,53.68
2017-05-15,47.11,103.28,103.28,58.03,28.83,53.77,60.45,38.59,89.02,54.0
2017-05-16,47.18,103.96,103.96,58.27,29.02,52.78,59.98,38.19,88.96,53.79
2017-05-17,46.29,101.79,101.79,57.04,27.0,51.8,59.73,37.46,85.22,52.14
2017-05-18,46.2,101.62,101.62,57.29,27.48,51.68,59.82,37.95,86.11,51.59
2017-05-19,46.54,103.12,103.12,58.04,27.82,51.77,61.36,38.24,86.66,51.99
2017-05-22,46.8,102.25,102.25,58.92,28.06,51.57,61.23,38.25,87.98,52.31
2017-05-23,47.03,100.65,100.65,59.64,28.29,52.2,61.15,38.31,88.03,52.7
2017-05-24,46.96,99.37,99.37,59.58,28.99,52.01,61.89,38.15,89.7,54.31
2017-05-25,47.38,99.63,99.63,60.92,29.43,52.35,62.9,38.23,89.27,55.29
2017-05-26,47.41,98.41,98.41,60.67,29.76,52.59,63.3,38.12,90.01,55.15
2017-05-30,47.1,94.28,94.28,59.48,30.7,52.92,63.26,38.55,91.29,55.05
2017-05-31,47.12,92.76,92.76,60.09,30.77,52.99,63.61,38.53,90.06,54.42
2017-06-01,47.42,93.97,93.97,60.3,30.76,52.3,63.75,38.87,91.59,55.27
2017-06-02,47.51,91.84,91.84,60.36,31.21,52.98,64.57,38.87,91.52,55.1
2017-06-05,47.54,90.65,90.65,60.99,31.21,53.01,64.27,38.81,89.42,54.65
2017-06-06,47.23,92.76,92.76,60.1,31.57,52.48,64.16,38.73,89.94,54.12
2017-06-07,47.9,88.6,88.6,59.96,32.5,53.23,63.5,38.76,89.93,55.74
2017-06-08,48.39,87.82,87.82,59.16,32.45,53.2,62.24,38.5,91.02,55.46
2017-06-09,49.4,90.15,90.15,59.46,30.6,53.46,62.19,38.79,86.01,57.3
2017-06-12,49.1,90.66,90.66,58.99,31.2,54.03,61.29,39.07,86.64,57.27
2017-06-13,49.57,92.44,92.44,59.21,31.54,54.31,60.92,38.68,90.05,57.48
2017-06-14,49.77,89.4,89.4,59.53,31.06,54.66,60.27,38.72,87.8,56.8
2017-06-15,49.78,85.87,85.87,60.11,30.56,52.9,60.09,38.84,87.31,57.36
2017-06-16,49.89,84.87,84.87,60.29,29.86,51.1,60.14,38.96,87.12,57.49
2017-06-19,50.28,85.89,85.89,60.92,31.2,52.02,60.9,38.91,88.64,57.95
2017-06-20,49.86,87.04,87.04,60.33,30.83,51.56,59.86,38.66,88.23,57.24
2017-06-21,49.59,86.75,86.75,61.03,32.01,52.59,59.96,38.15,91.03,56.98
2017-06-22,49.55,85.98,85.98,61.52,31.89,52.4,59.51,38.1,90.25,56.85
2017-06-23,49.17,88.4,88.4,61.92,31.73,52.85,59.81,37.95,93.34,57.31
2017-06-26,49.55,87.3,87.3,61.75,32.5,53.28,59.64,38.15,92.66,57.03
2017-06-27,49.68,87.99,87.99,61.51,31.66,52.95,58.96,37.7,91.85,56.72
2017-06-28,50.6,86.6,86.6,62.01,32.24,53.36,59.18,37.94,93.67,56.69
2017-06-29,51.01,87.29,87.29,61.81,31.47,53.17,58.36,37.62,91.65,56.31
2017-06-30,51.02,88.81,88.81,62.14,29.86,59.0,58.31,37.73,88.6,56.66
2017-07-03,51.83,90.35,90.35,62.07,29.14,58.65,58.25,38.11,85.29,57.12
2017-07-05,52.27,88.49,88.49,63.16,30.51,57.56,57.94,38.12,86.41,57.12
2017-07-06,51.23,85.96,85.96,63.36,30.1,57.16,57.6,37.18,86.12,56.41
2017-07-07,51.75,86.09,86.09,64.24,30.2,57.98,58.04,36.98,86.94,57.31
2017-07-10,51.88,88.03,88.03,63.13,30.5,58.73,57.81,36.83,89.27,58.29
2017-07-11,51.47,88.62,88.62,61.81,31.37,58.18,57.9,36.6,91.75,57.87
2017-07-12,51.45,88.11,88.11,62.08,31.45,58.22,58.54,36.83,94.13,58.63
2017-07-13,52.06,89.42,89.42,62.02,31.13,57.94,58.38,36.21,92.8,59.69
2017-07-14,52.36,90.48,90.48,61.93,31.79,58.0,58.76,36.3,94.44,59.65
2017-07-17,53.35,90.47,90.47,62.14,31.72,57.79,58.33,36.39,94.57,59.73
2017-07-18,53.53,90.41,90.41,61.57,31.9,57.65,58.21,35.99,94.27,59.12
2017-07-19,53.06,93.93,93.93,61.41,31.82,57.77,58.11,36.13,94.48,59.5
2017-07-20,53.91,92.38,92.38,60.4,32.0,59.1,58.03,36.52,95.01,58.91
2017-07-21,53.36,91.99,91.99,60.28,32.01,59.95,57.98,36.51,94.82,58.7
2017-07-24,53.47,93.21,93.21,59.81,31.67,58.95,58.02,36.23,94.62,58.62
2017-07-25,53.73,95.72,95.72,58.82,29.9,59.39,58.55,36.22,93.75,58.83
2017-07-26,53.39,96.48,96.48,59.52,29.81,58.36,57.94,38.03,92.96,58.15
2017-07-27,52.86,96.57,96.57,56.57,30.24,58.15,59.5,39.41,91.9,58.72
2017-07-28,52.66,96.65,96.65,56.56,29.28,58.67,54.0,39.0,84.97,57.32
2017-07-31,53.03,95.88,95.88,55.51,28.12,59.05,53.98,39.0,85.12,57.42
2017-08-01,53.71,95.35,95.35,55.72,28.34,59.84,54.73,38.88,85.67,57.77
2017-08-02,53.91,95.84,95.84,55.7,28.63,59.79,55.43,38.27,84.37,57.65
2017-08-03,53.82,89.69,89.69,56.11,27.83,60.14,55.68,38.28,84.51,56.59
2017-08-04,54.02,95.21,95.21,56.58,27.92,59.76,55.44,38.43,81.17,57.33
2017-08-07,53.71,96.04,96.04,55.37,28.59,59.79,55.63,38.52,80.97,57.16
2017-08-08,53.79,94.98,94.98,54.81,28.84,59.46,54.52,38.36,81.34,56.56
2017-08-09,54.04,94.58,94.58,54.69,28.58,59.9,53.74,38.36,80.99,56.14
2017-08-10,51.95,92.06,92.06,54.01,27.49,59.07,53.07,38.19,79.19,55.23
2017-08-11,52.19,92.87,92.87,54.14,28.01,58.97,53.18,38.1,79.9,55.61
2017-08-14,52.83,90.75,90.75,54.72,29.24,59.78,53.22,38.5,82.83,56.54
2017-08-15,53.15,88.02,88.02,55.2,29.68,58.56,53.15,38.16,83.82,56.31
2017-08-16,52.88,88.06,88.06,55.31,30.69,58.54,53.5,38.23,85.85,57.3
2017-08-17,51.8,86.1,86.1,53.15,29.62,57.46,53.04,37.6,82.48,56.07
2017-08-18,52.1,87.26,87.26,53.17,30.38,54.95,52.7,37.37,83.2,56.29
2017-08-21,52.19,87.08,87.08,53.54,29.56,53.61,53.15,37.58,83.86,54.33
2017-08-22,52.66,87.43,87.43,53.43,30.45,54.13,54.45,37.98,86.65,54.83
2017-08-23,52.77,88.86,88.86,51.72,30.45,53.61,54.08,37.92,88.31,54.6
2017-08-24,52.79,89.12,89.12,50.71,30.22,53.84,53.94,37.68,89.45,54.68
2017-08-25,52.65,88.74,88.74,52.68,30.29,53.9,54.36,37.99,90.25,55.23
2017-08-28,52.27,88.03,88.03,51.75,31.08,53.73,54.4,37.94,90.56,55.17
2017-08-29,52.09,88.17,88.17,51.46,31.48,52.73,54.1,37.85,90.07,55.26
2017-08-30,52.36,88.47,88.47,51.52,31.61,52.56,54.52,37.67,90.3,56.14
2017-08-31,52.28,90.79,90.79,52.14,31.97,52.81,54.86,37.46,88.27,56.91
2017-09-01,52.33,91.92,91.92,52.19,32.6,53.36,54.93,37.48,90.41,57.93
2017-09-05,51.2,91.74,91.74,51.14,32.07,53.01,55.13,37.09,89.5,56.84
2017-09-06,51.27,92.66,92.66,51.67,32.25,52.76,54.31,36.57,89.56,56.79
2017-09-07,50.28,91.62,91.62,52.21,32.79,52.39,53.47,35.6,88.42,56.47
2017-09-08,50.43,88.9,88.9,52.87,32.45,52.2,53.49,35.59,87.0,56.47
2017-09-11,51.53,89.45,89.45,53.6,33.44,53.03,54.02,35.74,87.38,57.75
2017-09-12,51.99,90.41,90.41,53.95,34.29,53.4,53.54,36.26,88.78,57.97
2017-09-13,51.59,93.49,93.49,54.66,34.59,53.52,54.29,36.55,85.74,57.33
2017-09-14,51.13,93.81,93.81,54.35,34.58,53.73,54.53,36.32,85.79,57.42
2017-09-15,51.56,93.97,93.97,54.72,34.65,53.87,54.67,37.1,88.52,57.56
2017-09-18,51.7,95.15,95.15,54.09,35.43,53.5,54.69,37.42,89.18,57.74
2017-09-19,52.04,94.28,94.28,53.54,35.95,53.33,54.62,38.21,89.92,57.34
2017-09-20,52.4,97.32,97.32,54.25,35.97,53.56,55.15,38.43,86.37,58.25
2017-09-21,52.42,97.36,97.36,54.63,35.91,53.19,55.01,38.22,85.49,57.61
2017-09-22,52.37,95.74,95.74,54.93,36.07,53.24,55.09,38.59,86.48,55.67
2017-09-25,52.2,96.78,96.78,55.12,34.87,53.23,54.95,39.12,86.09,55.21
2017-09-26,52.12,97.15,97.15,55.72,34.18,53.7,55.13,38.72,86.28,55.6
2017-09-27,52.76,96.88,96.88,55.88,37.09,52.67,54.99,38.77,88.72,56.33
2017-09-28,53.01,97.14,97.14,56.17,37.96,52.63,54.5,39.04,86.71,56.78
2017-09-29,53.02,97.96,97.96,55.98,39.33,51.85,53.71,39.17,86.4,56.73
2017-10-02,53.65,100.0,100.0,55.99,40.01,51.87,53.81,39.11,83.39,58.07
2017-10-03,53.8,100.08,100.08,58.51,40.37,51.47,53.99,39.48,83.0,58.06
2017-10-04,53.8,100.75,100.75,58.38,39.56,52.08,53.93,39.5,84.35,58.19
2017-10-05,54.43,99.75,99.75,58.29,39.37,52.18,54.6,39.51,83.58,57.89
2017-10-06,54.47,99.09,99.09,58.44,39.67,52.42,55.17,38.59,83.85,58.17
2017-10-09,54.33,99.94,99.94,57.66,40.96,51.52,55.02,38.3,84.27,58.54
2017-10-10,54.66,100.76,100.76,58.01,41.98,51.53,55.42,38.5,86.01,58.97
2017-10-11,54.88,101.52,101.52,58.55,41.61,51.03,55.64,38.19,85.62,58.57
2017-10-12,54.74,101.12,101.12,58.81,40.58,50.83,55.97,35.86,85.76,58.71
2017-10-13,54.67,101.37,101.37,59.12,40.4,50.98,55.72,35.7,87.8,58.86
2017-10-16,54.71,102.6,102.6,58.88,41.49,51.37,54.91,36.17,86.83,59.13
2017-10-17,53.96,102.61,102.61,58.73,40.39,52.0,54.51,36.23,85.78,59.6
2017-10-18,54.46,102.19,102.19,58.83,41.65,52.3,55.21,35.71,85.5,59.6
2017-10-19,52.85,101.59,101.59,58.63,41.31,52.69,55.4,35.69,85.48,59.6
2017-10-20,53.12,102.53,102.53,59.37,41.5,53.06,54.57,35.54,86.41,60.53
2017-10-23,52.51,100.35,100.35,58.76,41.56,53.66,54.27,35.25,87.99,60.76
2017-10-24,52.88,99.67,99.67,58.8,41.6,53.42,54.28,34.86,87.89,61.07
2017-10-25,51.75,100.89,100.89,57.16,41.06,54.94,54.16,33.49,87.29,60.97
2017-10-26,52.22,100.88,100.88,55.11,40.6,56.81,54.91,33.68,89.38,60.47
2017-10-27,52.14,104.57,104.57,54.11,40.85,55.96,54.88,33.97,87.11,60.83
2017-10-30,51.65,106.2,106.2,54.73,41.65,55.27,55.17,33.54,85.79,60.32
2017-10-31,51.45,107.16,107.16,53.86,44.31,54.99,54.84,33.65,89.27,61.33
2017-11-01,51.65,109.78,109.78,53.99,44.38,55.07,55.13,33.55,89.24,61.33
2017-11-02,51.4,108.97,108.97,53.99,44.34,55.12,54.87,33.17,88.6,59.82
2017-11-03,51.33,111.15,111.15,54.14,43.71,55.71,56.03,33.3,87.01,59.95
2017-11-06,51.35,113.69,113.69,54.52,43.25,56.04,56.57,32.86,87.85,59.27
2017-11-07,51.07,111.8,111.8,53.87,43.95,55.15,57.22,33.07,86.09,58.95
2017-11-08,51.22,110.04,110.04,54.01,44.09,55.76,57.91,33.44,87.12,59.34
2017-11-09,50.82,111.03,111.03,53.46,43.5,56.13,57.36,34.0,87.63,59.03
2017-11-10,50.93,111.86,111.86,53.49,44.78,56.09,57.04,34.22,88.92,58.66
2017-11-13,51.02,110.97,110.97,53.25,45.6,55.91,56.64,34.17,88.44,58.84
2017-11-14,51.85,108.27,108.27,53.75,45.8,55.98,56.93,33.72,91.58,58.66
2017-11-15,51.94,106.62,106.62,54.63,45.36,56.63,56.7,33.81,90.36,58.76
2017-11-16,52.23,106.53,106.53,55.27,46.18,57.23,57.24,34.52,91.21,59.15
2017-11-17,52.47,107.54,107.54,54.71,46.16,59.19,56.93,34.51,91.3,59.5
2017-11-20,52.52,107.97,107.97,54.65,47.64,59.25,56.81,34.64,90.88,58.45
2017-11-21,52.42,109.15,109.15,55.43,49.4,59.39,57.26,34.33,92.35,58.66
2017-11-22,52.43,109.25,109.25,55.09,49.14,59.07,57.14,34.87,92.91,58.79
2017-11-24,52.23,110.3,110.3,55.14,49.68,59.32,56.8,34.81,92.78,58.86
2017-11-27,52.18,107.26,107.26,54.6,48.05,59.63,55.91,34.68,86.55,58.69
2017-11-28,53.13,108.23,108.23,56.17,47.93,59.58,56.66,35.42,86.89,59.28
2017-11-29,54.41,108.15,108.15,58.88,43.74,60.36,57.51,36.48,81.0,60.26
2017-11-30,54.74,109.31,109.31,60.67,42.39,60.42,57.82,36.38,78.86,62.41
2017-12-01,54.45,110.91,110.91,59.92,41.99,59.88,57.32,36.5,79.36,62.4
2017-12-04,54.97,109.02,109.02,62.03,39.9,60.1,58.76,37.27,77.11,63.47
2017-12-05,54.43,109.06,109.06,61.72,41.21,60.42,59.34,36.55,78.56,63.31
2017-12-06,54.02,106.33,106.33,61.12,41.58,59.72,59.28,36.11,77.86,63.42
2017-12-07,54.22,108.95,108.95,63.02,43.2,60.6,59.14,36.17,78.35,63.56
2017-12-08,54.67,110.77,110.77,63.33,43.21,61.3,58.61,36.73,81.47,64.42
2017-12-11,54.54,111.3,111.3,63.32,43.01,61.91,59.07,36.9,81.2,64.42
2017-12-12,54.97,111.53,111.53,63.43,41.86,62.17,59.27,38.1,81.77,63.94
2017-12-13,54.38,111.59,111.59,63.14,42.05,64.3,59.49,38.04,83.63,64.3
2017-12-14,54.02,111.03,111.03,63.85,42.24,64.53,59.7,37.74,82.64,62.55
2017-12-15,54.2,109.52,109.52,64.7,42.4,64.79,58.29,38.24,81.62,63.11
2017-12-18,54.42,109.65,109.65,65.7,43.71,64.81,58.03,38.46,83.62,63.86
2017-12-19,54.2,111.81,111.81,65.92,43.98,64.24,58.01,38.05,84.24,63.4
2017-12-20,53.95,117.24,117.24,66.09,45.75,63.59,57.73,38.55,82.77,63.73
2017-12-21,54.36,123.1,123.1,66.03,44.42,64.77,57.58,38.88,80.83,63.84
2017-12-22,54.0,124.37,124.37,65.97,44.12,63.29,57.3,38.94,80.68,63.73
2017-12-26,53.81,125.97,125.97,65.98,42.25,63.65,57.14,39.06,80.0,63.25
2017-12-27,53.84,123.19,123.19,65.96,42.48,62.95,57.27,38.89,80.96,63.08
2017-12-28,54.12,125.52,125.52,65.87,41.81,62.95,57.81,39.18,80.64,63.2
2017-12-29,53.86,126.25,126.25,65.45,41.12,62.55,57.43,38.88,79.53,63.21
2018-01-02,53.82,127.88,127.88,66.29,43.67,63.49,57.63,38.54,81.38,64.71
2018-01-03,54.15,129.17,129.17,64.91,44.98,63.48,58.71,37.65,82.67,65.4
2018-01-04,54.69,130.13,130.13,64.7,46.88,63.44,58.93,38.0,82.17,67.04
2018-01-05,54.83,129.98,129.98,64.32,45.8,63.98,59.61,38.14,82.69,67.31
2018-01-08,55.06,130.99,130.99,64.0,45.55,64.55,59.31,38.25,81.44,67.76
2018-01-09,55.56,127.49,127.49,62.38,42.97,64.09,59.18,37.49,80.62,67.4
2018-01-10,57.3,127.29,127.29,62.96,43.31,64.22,59.82,36.62,80.91,67.41
2018-01-11,57.83,129.9,129.9,64.84,42.82,64.29,60.0,36.48,82.25,68.26
2018-01-12,58.42,130.14,130.14,65.36,42.81,64.67,60.4,36.9,83.12,69.2
2018-01-16,57.54,128.02,128.02,65.47,42.92,63.42,60.56,36.72,83.88,68.69
2018-01-17,57.89,127.44,127.44,66.07,44.26,63.81,60.66,36.85,85.16,69.27
2018-01-18,55.35,127.23,127.23,65.06,43.99,64.11,61.09,37.15,86.4,68.03
2018-01-19,56.61,127.57,127.57,65.05,42.75,67.21,61.26,37.21,85.6,69.16
2018-01-22,57.72,132.21,132.21,64.89,42.88,66.39,61.41,37.87,86.24,68.78
2018-01-23,57.72,132.31,132.31,65.26,43.95,67.14,61.69,37.19,87.34,68.41
2018-01-24,57.77,130.36,130.36,62.21,43.08,68.0,60.83,37.02,86.97,68.75
2018-01-25,56.85,126.85,126.85,60.19,43.01,67.71,60.55,37.45,87.99,69.09
2018-01-26,57.78,130.09,130.09,60.82,43.67,68.04,57.99,37.82,89.6,70.27
2018-01-29,57.52,129.05,129.05,60.36,43.29,67.58,57.02,37.26,87.45,68.41
2018-01-30,56.7,126.27,126.27,59.83,41.67,67.33,57.19,37.44,87.08,68.16
2018-01-31,56.7,125.5,125.5,60.8,43.72,68.22,56.81,37.45,88.98,66.63
2018-02-01,57.5,126.64,126.64,60.31,42.49,67.65,56.0,39.16,87.65,66.28
2018-02-02,56.33,122.46,122.46,58.71,40.82,67.22,55.77,38.07,85.25,67.24
2018-02-05,54.38,120.27,120.27,56.99,39.4,64.39,54.69,36.63,81.45,63.96
2018-02-06,55.49,121.9,121.9,58.14,43.88,65.22,55.61,36.83,84.25,64.55
2018-02-07,55.34,118.5,118.5,57.89,42.01,65.63,54.46,36.93,83.71,64.42
2018-02-08,53.29,111.33,111.33,55.63,40.0,62.49,53.77,35.57,80.09,60.93
2018-02-09,54.08,110.51,110.51,55.5,40.41,65.49,54.58,36.05,80.59,62.33
2018-02-12,54.61,116.01,116.01,56.81,42.19,65.98,55.38,36.37,82.34,63.27
2018-02-13,54.81,115.03,115.03,57.16,42.63,65.87,55.67,36.6,82.97,63.43
2018-02-14,55.98,122.83,122.83,57.73,43.45,67.96,55.99,36.41,83.33,64.3
2018-02-15,56.16,125.15,125.15,58.18,43.5,68.29,56.58,37.0,84.54,64.91
2018-02-16,56.25,123.88,123.88,58.27,44.21,68.3,56.48,37.14,84.91,66.32
2018-02-20,56.42,122.81,122.81,57.73,44.9,67.49,55.97,36.77,86.46,65.11
2018-02-21,56.45,120.98,120.98,58.03,44.54,67.05,56.1,36.31,85.67,65.13
2018-02-22,55.9,123.31,123.31,57.32,44.25,67.13,55.4,36.47,85.53,65.28
2018-02-23,56.9,127.93,127.93,57.99,46.53,68.16,56.14,36.72,89.14,66.11
2018-02-26,58.18,127.72,127.72,59.5,47.98,69.65,57.17,37.46,89.22,67.33
2018-02-27,57.99,126.17,126.17,58.48,48.58,68.03,56.57,36.87,87.19,66.66
2018-02-28,57.03,124.64,124.64,57.84,48.81,67.03,57.1,36.3,87.04,65.76
2018-03-01,55.51,126.41,126.41,58.01,47.62,66.32,56.17,36.0,87.27,64.97
2018-03-02,55.37,129.08,129.08,57.81,49.11,65.89,56.93,36.35,88.25,65.4
2018-03-05,56.41,130.25,130.25,58.38,52.03,65.05,56.99,36.7,89.95,66.0
2018-03-06,56.87,127.09,127.09,58.25,53.74,65.24,57.03,36.87,93.8,66.4
2018-03-07,56.9,126.27,126.27,57.57,53.97,64.17,57.03,36.91,95.27,66.2
2018-03-08,55.69,125.2,125.2,58.37,55.22,65.11,57.47,37.11,97.22,66.05
2018-03-09,57.23,128.94,128.94,59.7,54.59,66.3,58.46,37.05,99.55,67.07
2018-03-12,56.44,127.41,127.41,59.76,59.37,66.82,59.4,37.36,102.86,67.05
2018-03-13,55.96,127.15,127.15,60.33,59.43,66.17,59.05,37.39,102.91,67.01
2018-03-14,54.87,125.81,125.81,59.62,59.78,66.2,58.83,37.03,103.2,66.2
2018-03-15,54.85,124.6,124.6,59.94,58.84,66.39,59.37,37.04,102.23,66.51
2018-03-16,55.0,125.51,125.51,60.9,60.58,65.91,59.0,37.0,106.45,66.37
2018-03-19,54.34,122.63,122.63,60.6,60.14,65.71,58.3,36.58,103.16,64.82
2018-03-20,54.43,125.54,125.54,60.69,61.15,66.8,58.66,36.34,103.67,64.58
2018-03-21,54.61,130.18,130.18,57.78,61.07,66.35,58.47,36.0,102.84,64.84
2018-03-22,52.02,127.78,127.78,57.0,58.92,64.42,57.77,35.37,100.83,62.74
2018-03-23,50.73,127.96,127.96,56.72,54.21,64.63,56.31,34.7,92.34,61.04
2018-03-26,52.14,133.23,133.23,57.59,55.56,65.9,57.8,34.69,94.27,63.83
2018-03-27,50.72,129.18,129.18,56.69,52.4,66.17,57.46,34.9,92.18,63.45
2018-03-28,50.61,124.67,124.67,56.25,51.49,65.44,57.9,35.56,90.8,63.16
2018-03-29,51.53,126.52,126.52,57.28,52.14,66.44,57.89,35.65,92.27,64.17
2018-04-02,50.15,122.26,122.26,54.34,50.06,64.12,56.24,35.1,89.99,61.95
2018-04-03,50.99,123.44,123.44,55.97,51.55,66.7,58.0,35.37,91.21,63.17
2018-04-04,51.48,122.58,122.58,56.36,53.39,68.42,58.83,35.88,92.51,63.86
2018-04-05,51.73,124.41,124.41,56.86,49.84,69.59,59.14,36.14,90.53,64.45
2018-04-06,50.35,116.62,116.62,55.29,48.46,67.55,58.34,35.63,87.77,62.65
2018-04-09,50.52,113.29,113.29,54.85,47.96,67.18,58.7,35.17,88.56,63.0
2018-04-10,51.38,117.38,117.38,54.13,50.48,67.0,59.41,35.81,90.72,64.56
2018-04-11,50.95,116.54,116.54,53.5,50.48,66.83,59.42,35.25,89.63,64.25
2018-04-12,52.01,116.34,116.34,54.94,52.59,67.77,59.43,35.16,90.5,64.84
2018-04-13,51.57,118.7,118.7,55.07,52.23,67.25,59.24,35.14,89.93,65.0
2018-04-16,51.99,119.04,119.04,54.89,51.65,67.06,59.43,35.64,90.52,65.36
2018-04-17,52.19,122.3,122.3,54.27,52.26,67.51,59.83,35.36,91.37,66.1
2018-04-18,52.26,127.1,127.1,55.82,54.01,66.2,59.5,35.21,91.7,66.36
2018-04-19,55.24,128.88,128.88,54.8,51.42,65.73,59.22,34.82,89.51,66.61
2018-04-20,55.42,128.4,128.4,54.77,50.62,66.09,58.0,34.67,89.56,66.27
2018-04-23,55.73,128.24,128.24,54.98,49.02,66.88,58.16,34.89,87.0,66.37
2018-04-24,55.39,125.73,125.73,53.88,47.11,66.97,57.81,35.0,86.43,64.7
2018-04-25,55.4,125.75,125.75,53.83,47.6,66.67,57.71,35.2,85.92,65.1
2018-04-26,55.44,126.87,126.87,53.3,50.14,68.05,59.38,33.1,87.91,64.35
2018-04-27,55.32,125.85,125.85,53.53,47.52,69.56,58.36,33.04,80.88,60.79
2018-04-30,54.51,128.45,128.45,52.83,45.98,68.39,57.57,32.7,78.79,59.16
2018-05-01,54.19,128.1,128.1,52.94,46.79,68.1,58.13,32.54,79.79,59.82
2018-05-02,53.99,128.92,128.92,52.21,45.89,68.26,56.7,32.06,76.77,58.56
2018-05-03,53.85,126.51,126.51,52.24,46.62,66.9,56.13,31.94,76.98,58.42
2018-05-04,54.49,127.3,127.3,52.78,47.58,68.1,57.68,32.14,77.28,59.41
2018-05-07,55.59,130.24,130.24,52.0,48.48,69.34,57.45,32.04,78.52,60.0
2018-05-08,56.08,134.72,134.72,52.33,48.57,68.46,57.67,31.7,77.73,60.11
2018-05-09,56.86,136.52,136.52,51.56,51.01,67.95,57.04,31.4,78.45,60.48
2018-05-10,57.27,129.79,129.79,51.94,52.66,67.92,57.65,31.88,79.04,60.55
2018-05-11,57.18,123.82,123.82,52.46,51.82,68.43,57.27,32.29,78.8,61.03
2018-05-14,57.3,124.24,124.24,52.2,53.0,68.84,57.13,32.19,81.12,61.21
2018-05-15,56.89,128.53,128.53,51.7,54.01,69.5,56.64,32.09,82.98,60.86
2018-05-16,57.06,132.13,132.13,53.01,56.5,71.34,57.15,32.3,87.02,61.89
2018-05-17,57.28,136.26,136.26,52.47,54.7,70.94,57.2,31.93,86.52,62.28
2018-05-18,56.96,134.58,134.58,52.19,53.39,71.32,57.16,32.05,84.75,62.09
2018-05-21,57.72,136.76,136.76,52.22,55.48,71.38,57.34,32.59,86.53,61.39
2018-05-22,57.59,132.23,132.23,50.85,59.03,71.31,56.96,32.43,87.87,61.36
2018-05-23,57.45,129.64,129.64,50.32,59.97,71.34,57.49,32.33,88.5,60.77
2018-05-24,57.24,124.99,124.99,51.21,61.49,72.18,57.68,32.78,87.46,60.66
2018-05-25,57.0,120.35,120.35,52.86,61.35,72.25,57.92,32.51,86.35,59.96
2018-05-29,55.19,121.0,121.0,51.49,62.62,70.92,57.23,32.33,86.49,59.03
2018-05-30,55.4,122.8,122.8,51.33,62.57,72.23,57.48,32.57,86.53,59.76
2018-05-31,54.75,120.76,120.76,51.08,57.59,71.8,56.67,32.32,83.51,58.88
2018-06-01,55.35,115.5,115.5,50.96,58.74,72.76,56.91,32.47,85.87,60.12
2018-06-04,55.77,111.7,111.7,51.65,59.1,73.83,57.07,32.41,84.85,60.68
2018-06-05,55.59,111.55,111.55,50.9,59.41,74.05,55.68,32.68,85.9,60.77
2018-06-06,56.57,112.22,112.22,50.75,59.42,74.75,57.17,33.38,84.72,60.91
2018-06-07,57.65,114.12,114.12,50.64,59.63,74.76,57.14,33.81,82.6,60.56
2018-06-08,57.56,113.96,113.96,50.48,61.39,74.9,56.6,33.83,82.62,60.96
2018-06-11,57.7,113.83,113.83,50.98,61.39,74.59,56.48,34.18,83.0,61.44
2018-06-12,57.67,118.88,118.88,50.97,60.55,74.29,56.48,34.35,82.12,61.82
2018-06-13,57.32,118.35,118.35,51.35,60.05,74.11,56.21,32.22,82.86,60.5
2018-06-14,56.8,115.95,115.95,51.94,59.18,74.7,57.02,32.52,82.55,60.5
2018-06-15,56.93,115.58,115.58,52.18,58.23,75.84,57.11,33.15,80.6,59.81
2018-06-18,57.24,122.58,122.58,52.37,58.45,75.61,57.22,32.19,80.27,59.4
2018-06-19,57.34,127.58,127.58,51.71,59.25,74.26,57.43,32.39,80.51,58.49
2018-06-20,57.37,129.56,129.56,52.0,58.95,74.72,52.22,32.0,80.22,58.46
2018-06-21,57.15,123.73,123.73,53.15,59.44,73.94,50.62,31.6,80.89,57.44
2018-06-22,56.75,125.56,125.56,51.91,57.1,73.43,51.24,31.69,79.68,57.97
2018-06-25,55.67,121.6,121.6,51.28,53.16,72.35,50.66,31.71,78.13,58.23
2018-06-26,55.18,126.54,126.54,51.17,54.59,72.56,50.38,31.62,78.51,58.27
2018-06-27,54.2,130.13,130.13,50.37,52.26,71.35,49.84,31.65,77.3,57.51
2018-06-28,54.3,130.84,130.84,50.7,53.14,71.7,48.54,32.19,76.93,57.04
2018-06-29,53.93,131.57,131.57,50.88,52.44,79.68,48.85,32.11,77.41,57.02
2018-07-02,54.09,129.3,129.3,51.54,54.48,78.35,49.06,32.21,78.04,56.93
2018-07-03,53.19,130.05,130.05,51.52,51.48,76.28,48.77,32.71,76.87,56.59
2018-07-05,53.2,132.0,132.0,51.86,52.84,76.55,48.61,32.6,77.46,56.71
2018-07-06,53.2,134.97,134.97,52.74,53.23,76.48,48.98,32.68,77.93,56.92
2018-07-09,54.11,136.665,136.665,53.26,54.31,77.28,49.9,32.15,79.68,57.69
2018-07-10,54.03,133.96,133.96,53.0,55.74,77.57,50.42,32.5,80.08,58.11
2018-07-11,53.39,130.76,130.76,52.53,54.18,77.36,50.14,31.87,78.195,57.3
2018-07-12,53.5,130.28,130.28,52.77,55.45,77.37,50.25,32.23,78.85,57.89
2018-07-13,53.03,131.34,131.34,53.09,56.35,77.38,51.62,31.67,79.52,57.44
2018-07-16,53.7,129.99,129.99,53.08,56.15,77.75,50.94,31.9,78.43,57.04
2018-07-17,54.05,130.65,130.65,53.22,56.96,77.47,51.28,31.76,78.99,57.29
2018-07-18,55.64,130.59,130.59,53.9,57.45,76.59,51.15,31.71,78.78,57.64
2018-07-19,52.73,132.09,132.09,53.78,56.22,76.95,51.34,31.27,77.46,57.79
2018-07-20,52.46,131.15,131.15,53.43,55.02,76.96,50.91,31.1,76.64,57.5
2018-07-23,53.25,131.17,131.17,53.56,54.29,76.59,51.19,31.0,76.38,57.18
2018-07-24,54.19,133.45,133.45,51.91,53.17,75.53,51.17,31.68,75.11,57.46
2018-07-25,53.3,134.68,134.68,52.29,53.39,77.16,51.62,30.25,75.63,57.23
2018-07-26,53.4,134.55,134.55,56.7,53.76,78.15,51.45,30.35,77.09,56.39
2018-07-27,53.41,132.34,132.34,58.38,53.96,76.89,52.15,31.08,71.13,56.12
2018-07-30,53.46,133.71,133.71,57.9,53.01,75.96,51.9,32.0,70.03,57.29
2018-07-31,53.47,131.95,131.95,58.16,52.79,76.91,52.39,31.97,70.15,57.98
2018-08-01,53.28,132.88,132.88,56.52,52.29,77.54,51.93,31.9,69.23,57.12
2018-08-02,52.63,134.49,134.49,56.69,53.4,78.65,51.68,31.85,68.52,55.41
2018-08-03,52.77,130.8,130.8,57.41,52.81,78.74,52.23,32.27,67.96,55.82
2018-08-06,53.03,133.62,133.62,57.79,52.67,79.51,52.07,32.11,68.3,56.29
2018-08-07,52.94,134.74,134.74,58.09,53.04,80.53,52.07,32.4,67.75,56.72
2018-08-08,53.14,133.79,133.79,58.82,53.39,80.5,51.55,32.36,67.05,56.17
2018-08-09,52.29,131.15,131.15,58.99,52.26,81.26,51.92,32.49,66.11,55.56
2018-08-10,51.02,134.8,134.8,58.99,51.37,80.73,51.51,32.26,64.79,55.0
2018-08-13,50.14,131.87,131.87,58.84,51.34,80.15,51.81,32.21,64.22,54.71
2018-08-14,50.97,133.75,133.75,59.09,50.62,80.14,52.59,32.24,64.99,55.9
2018-08-15,50.96,117.7,117.7,60.33,47.49,79.57,52.75,32.47,63.95,54.96
2018-08-16,51.52,120.46,120.46,59.52,47.1,80.05,53.04,33.09,65.06,55.12
2018-08-17,51.69,120.18,120.18,59.68,47.11,79.75,53.56,33.03,64.63,55.32
2018-08-20,51.94,120.99,120.99,61.63,48.07,82.18,53.92,33.11,64.02,55.6
2018-08-21,52.54,122.59,122.59,61.0,49.94,82.95,54.0,33.4,64.89,55.5
2018-08-22,52.5,124.23,124.23,60.61,50.24,82.64,52.82,32.68,64.02,54.84
2018-08-23,52.33,121.6,121.6,61.01,49.7,82.91,52.66,32.49,63.35,54.82
2018-08-24,52.56,121.75,121.75,60.99,50.7,82.45,52.75,32.64,63.81,55.4
2018-08-27,52.98,122.73,122.73,60.91,52.07,82.65,52.97,32.83,64.47,56.09
2018-08-28,52.89,121.12,121.12,61.33,52.34,82.58,53.05,32.67,64.67,55.71
2018-08-29,52.5,121.91,121.91,61.22,51.83,82.79,53.25,32.23,63.39,55.94
2018-08-30,52.23,121.52,121.52,60.82,52.76,81.4,53.1,31.96,63.28,55.53
2018-08-31,52.15,121.08,121.08,61.3,52.52,82.2,53.45,31.94,63.24,55.08
2018-09-04,52.4,120.32,120.32,61.99,51.93,79.6,53.53,31.86,60.24,54.14
2018-09-05,52.25,117.46,117.46,61.4,49.54,79.92,53.79,32.02,60.01,55.18
2018-09-06,52.19,114.49,114.49,61.03,44.65,80.4,54.21,32.18,57.79,54.88
2018-09-07,52.18,112.65,112.65,61.9,44.86,80.3,54.86,32.12,57.69,54.98
2018-09-10,52.03,112.11,112.11,62.51,44.9,82.1,54.97,32.39,57.05,55.58
2018-09-11,52.24,116.4,116.4,62.98,43.6,82.63,55.12,32.67,54.98,55.28
2018-09-12,52.01,120.51,120.51,61.37,41.74,83.0,54.97,33.42,56.57,55.09
2018-09-13,51.22,118.81,118.81,62.36,43.62,83.47,54.89,33.68,57.1,55.51
2018-09-14,51.65,121.73,121.73,62.43,44.3,83.49,54.75,33.6,56.96,55.82
2018-09-17,51.22,122.69,122.69,63.1,43.58,83.26,54.57,33.62,57.18,55.95
2018-09-18,51.45,124.75,124.75,63.05,45.33,85.26,55.07,33.72,58.1,56.16
2018-09-19,52.43,128.58,128.58,63.11,45.06,84.43,55.43,33.37,58.39,56.61
2018-09-20,53.33,126.72,126.72,62.5,46.06,85.37,56.43,33.44,60.05,56.84
2018-09-21,53.39,128.55,128.55,63.77,44.74,85.55,57.45,33.78,60.72,56.33
2018-09-24,52.37,132.86,132.86,62.06,45.16,84.27,56.69,33.91,59.92,55.45
2018-09-25,52.31,134.51,134.51,61.65,44.64,84.79,56.9,33.76,59.68,54.17
2018-09-26,51.92,131.33,131.33,62.09,44.35,83.7,57.27,33.35,58.94,53.69
2018-09-27,51.54,134.06,134.06,62.71,44.99,84.54,57.34,33.42,58.28,53.53
2018-09-28,50.99,135.19,135.19,62.45,45.23,84.72,56.84,33.58,58.54,53.44
2018-10-01,51.9,136.8,136.8,61.7,45.15,84.46,55.58,33.49,58.02,53.6
2018-10-02,51.75,137.05,137.05,61.18,45.76,82.77,55.59,33.92,57.72,53.37
2018-10-03,52.18,139.92,139.92,61.68,45.15,82.5,55.47,33.92,58.36,51.8
2018-10-04,52.68,135.25,135.25,61.58,44.16,80.18,55.89,34.12,56.61,51.59
2018-10-05,52.59,136.35,136.35,61.05,43.58,80.12,55.76,33.99,56.15,50.56
2018-10-08,52.78,132.88,132.88,60.62,43.07,80.23,56.54,34.11,55.65,49.13
2018-10-09,52.23,135.13,135.13,59.49,42.27,80.42,57.71,33.5,54.42,45.25
2018-10-10,50.72,129.28,129.28,57.33,41.61,74.94,56.01,32.85,54.15,43.63
2018-10-11,49.19,124.63,124.63,57.03,41.97,74.51,54.86,31.75,54.13,41.95
2018-10-12,49.1,126.12,126.12,57.38,42.47,75.91,56.45,32.25,54.41,42.61
2018-10-15,48.45,127.93,127.93,57.68,42.34,74.99,56.75,32.36,54.5,42.35
2018-10-16,49.35,130.82,130.82,58.94,43.21,77.48,57.81,32.39,56.06,43.11
2018-10-17,49.15,129.51,129.51,59.2,42.35,76.48,59.1,32.57,55.76,43.15
2018-10-18,47.79,126.96,126.96,57.96,41.3,75.6,58.64,32.5,55.83,42.69
2018-10-19,47.4,127.1,127.1,58.13,40.45,74.21,58.66,32.87,56.54,42.48
2018-10-22,46.47,124.56,124.56,57.87,39.76,74.9,58.9,32.67,55.36,40.27
2018-10-23,46.28,119.11,119.11,57.48,38.68,73.35,58.81,33.02,55.66,41.6
2018-10-24,45.33,112.9,112.9,54.59,35.43,72.12,58.06,30.36,52.34,40.03
2018-10-25,46.15,114.24,114.24,49.91,36.78,73.1,58.96,29.98,54.01,41.55
2018-10-26,45.47,113.76,113.76,49.58,35.4,72.07,58.07,29.09,44.19,41.55
2018-10-29,45.77,108.17,108.17,47.91,34.66,72.19,58.37,29.64,41.55,40.94
2018-10-30,46.92,109.88,109.88,49.15,36.01,74.51,58.59,30.47,41.37,42.84
2018-10-31,47.33,112.36,112.36,49.1,37.72,75.04,58.27,30.68,43.07,42.97
2018-11-01,47.52,115.45,115.45,50.95,40.12,76.79,58.63,30.49,47.08,44.76
2018-11-02,47.21,114.32,114.32,51.82,40.32,76.58,64.32,30.52,47.74,44.67
2018-11-05,47.97,115.99,115.99,51.42,39.92,77.53,64.48,30.63,48.36,45.37
2018-11-06,48.32,113.37,113.37,51.86,39.8,76.57,66.01,30.96,48.9,46.73
2018-11-07,48.77,115.87,115.87,52.88,40.93,77.97,68.16,31.1,48.53,46.8
2018-11-08,49.03,110.65,110.65,52.72,40.44,77.78,68.72,31.04,47.56,46.35
2018-11-09,48.5,113.85,113.85,52.49,39.11,76.36,68.6,30.69,45.73,45.81
2018-11-12,47.98,110.23,110.23,51.89,37.44,75.1,67.91,30.78,43.46,44.79
2018-11-13,48.2,107.85,107.85,52.73,37.85,75.2,67.41,30.33,44.69,45.33
2018-11-14,48.23,108.71,108.71,52.48,38.03,75.2,67.04,30.51,45.05,45.56
2018-11-15,49.22,112.24,112.24,53.23,39.91,74.33,67.62,30.12,46.73,45.43
2018-11-16,49.39,114.31,114.31,52.58,39.44,74.74,68.16,30.29,46.6,46.15
2018-11-19,50.12,113.81,113.81,52.39,36.83,72.52,67.91,30.35,45.11,46.07
2018-11-20,49.38,108.73,108.73,51.57,36.12,71.12,67.18,29.42,45.68,45.73
2018-11-21,49.96,109.23,109.23,52.25,36.38,72.37,66.77,29.77,46.9,45.55
2018-11-23,49.86,104.88,104.88,52.68,36.4,71.49,65.7,29.36,47.34,45.32
2018-11-26,50.93,109.31,109.31,52.76,36.57,72.71,65.69,29.95,47.92,46.43
2018-11-27,51.37,109.84,109.84,52.79,37.0,72.09,66.08,30.44,48.68,46.56
2018-11-28,51.61,109.8,109.8,53.08,38.71,74.66,66.82,30.74,48.15,46.45
2018-11-29,50.68,112.0,112.0,53.23,37.91,74.34,66.88,30.57,45.52,46.35
2018-11-30,51.31,110.38,110.38,54.61,38.56,75.12,66.72,31.24,45.39,47.11
2018-12-03,50.64,112.17,112.17,54.37,40.03,77.94,67.5,31.71,46.37,47.27
2018-12-04,48.7,105.08,105.08,52.8,36.88,75.79,66.65,30.73,43.04,46.51
2018-12-06,47.84,101.82,101.82,53.6,37.67,75.54,66.55,30.53,43.6,46.21
2018-12-07,47.71,102.7,102.7,51.36,35.31,73.34,65.47,30.14,42.03,45.29
2018-12-10,47.56,100.63,100.63,51.14,34.8,72.51,65.49,29.91,41.66,44.21
2018-12-11,47.67,100.04,100.04,51.08,35.21,73.57,65.92,29.7,41.6,44.2
2018-12-12,48.06,98.49,98.49,50.9,36.03,74.32,66.13,30.16,40.97,44.41
2018-12-13,48.09,96.32,96.32,50.34,35.02,72.93,66.91,29.91,39.96,43.86
2018-12-14,48.67,92.71,92.71,50.09,34.2,72.53,65.34,30.22,38.78,44.37
2018-12-17,48.98,88.54,88.54,49.39,33.88,69.9,64.47,29.86,38.25,40.19
2018-12-18,46.73,87.93,87.93,49.6,34.11,71.15,64.92,29.75,38.72,40.25
2018-12-19,45.5,90.6,90.6,48.78,31.41,68.97,64.06,29.82,36.58,39.36
2018-12-20,45.01,89.03,89.03,47.07,31.28,67.53,62.15,28.65,36.69,38.28
2018-12-21,44.64,88.77,88.77,45.95,30.32,72.37,61.39,28.31,35.9,36.94
2018-12-24,44.49,85.67,85.67,44.4,29.02,68.1,60.56,27.36,35.06,35.24
2018-12-26,46.16,91.99,91.99,46.72,30.89,73.01,63.08,28.08,36.93,37.31
2018-12-27,46.82,92.88,92.88,46.8,31.93,73.67,63.2,28.15,36.89,37.93
2018-12-28,46.65,91.89,91.89,46.76,31.57,73.34,63.39,28.46,36.74,37.27
2018-12-31,47.07,92.7,92.7,46.48,31.73,74.14,64.4,28.54,36.97,37.76
2019-01-02,47.5,95.22,95.22,47.14,32.75,74.06,64.32,29.54,38.26,38.89
2019-01-03,46.56,96.16,96.16,45.61,31.0,72.75,61.53,29.58,35.65,38.23
2019-01-04,47.91,99.93,99.93,47.86,32.7,74.65,63.57,30.34,37.16,39.88
2019-01-07,47.8,102.63,102.63,47.87,34.0,75.72,63.57,30.89,38.48,39.95
2019-01-08,47.62,104.95,104.95,47.54,33.74,76.73,63.62,31.28,38.11,39.84
2019-01-09,47.76,106.79,106.79,49.08,35.44,76.59,63.88,30.1,39.79,39.0
2019-01-10,47.47,106.13,106.13,48.99,35.91,76.42,64.19,30.4,39.81,40.29
2019-01-11,48.08,104.1,104.1,48.52,36.01,76.04,63.73,30.87,40.03,40.95
2019-01-14,48.42,104.51,104.51,48.76,34.67,76.09,63.37,30.62,38.06,40.2
2019-01-15,49.41,105.01,105.01,49.61,33.99,77.88,64.08,30.6,37.68,40.38
2019-01-16,50.43,105.64,105.64,49.78,33.58,77.68,63.77,30.56,37.83,40.32
2019-01-17,51.53,105.65,105.65,50.59,33.88,79.13,64.28,30.64,36.47,40.57
2019-01-18,52.66,106.89,106.89,51.57,35.76,80.45,64.7,30.96,39.2,41.42
2019-01-22,52.59,101.46,101.46,50.54,33.87,80.75,65.39,30.58,37.56,41.26
2019-01-23,53.06,101.33,101.33,51.02,34.24,80.5,66.43,30.89,37.62,41.03
2019-01-24,53.71,101.56,101.56,54.21,36.59,80.44,64.74,30.6,40.14,41.83
2019-01-25,53.4,102.21,102.21,54.98,38.96,80.61,67.09,30.66,43.16,42.29
2019-01-28,53.44,100.3,100.3,55.52,38.08,80.32,66.9,30.67,44.0,41.68
2019-01-29,52.61,100.16,100.16,56.37,37.39,80.22,67.04,30.7,42.55,41.45
2019-01-30,52.53,102.26,102.26,57.49,38.24,81.28,68.15,29.37,43.83,41.46
2019-01-31,52.32,103.12,103.12,56.76,38.22,81.88,68.14,30.06,44.99,40.71
2019-02-01,52.62,102.89,102.89,57.13,39.6,81.51,68.11,30.0,47.0,38.7
2019-02-04,52.38,104.55,104.55,58.29,39.47,81.99,67.58,29.61,47.85,38.0
2019-02-05,52.62,101.88,101.88,57.88,39.37,82.86,69.34,29.63,47.41,38.26
2019-02-06,52.32,101.65,101.65,57.61,41.52,82.71,68.85,29.56,48.0,38.64
2019-02-07,52.11,97.96,97.96,57.48,39.38,82.39,69.14,29.45,45.86,37.9
2019-02-08,51.83,96.6,96.6,57.65,38.58,82.36,69.75,29.55,46.71,37.81
2019-02-11,52.01,97.86,97.86,58.28,38.58,83.68,69.99,29.71,45.93,37.67
2019-02-12,52.84,98.68,98.68,57.7,40.4,84.71,69.75,29.81,47.26,38.71
2019-02-13,52.43,101.02,101.02,58.0,41.68,85.4,70.51,29.84,47.69,39.14
2019-02-14,51.77,103.83,103.83,58.0,42.23,84.68,70.84,29.79,47.98,38.38
2019-02-15,52.99,105.5,105.5,57.7,41.99,85.38,70.71,30.47,47.65,39.05
2019-02-19,52.99,104.8,104.8,57.67,41.96,84.57,70.2,30.63,48.0,39.26
2019-02-20,53.32,106.45,106.45,54.41,42.21,84.84,70.39,30.85,48.46,40.32
2019-02-21,52.95,102.14,102.14,54.31,41.53,83.95,70.7,30.83,47.19,39.26
2019-02-22,53.22,104.03,104.03,53.62,42.57,84.76,71.3,31.15,49.49,39.27
2019-02-25,52.93,105.29,105.29,53.96,42.75,85.17,71.05,31.13,51.36,39.67
2019-02-26,53.04,105.51,105.51,53.69,42.96,85.8,71.14,31.22,50.97,39.23
2019-02-27,52.75,105.49,105.49,53.85,41.32,86.17,70.15,31.06,48.54,38.6
2019-02-28,52.48,102.93,102.93,56.04,40.88,85.73,70.26,31.12,50.3,37.38
2019-03-01,52.69,104.79,104.79,54.34,41.58,87.16,70.85,30.82,51.66,37.55
2019-03-04,51.91,104.67,104.67,53.83,41.06,85.64,70.95,29.98,52.61,38.31
2019-03-05,52.65,102.62,102.62,53.39,39.99,85.44,71.58,29.95,50.74,38.53
2019-03-06,52.06,100.05,100.05,53.06,37.93,85.13,71.27,29.81,48.12,37.89
2019-03-07,51.23,97.76,97.76,52.43,37.83,85.26,70.61,29.92,46.99,37.41
2019-03-08,51.48,95.5,95.5,51.77,38.65,84.8,69.36,29.96,47.48,37.7
2019-03-11,51.83,97.58,97.58,51.61,39.03,85.82,69.68,30.22,49.66,38.79
2019-03-12,51.91,100.5,100.5,50.4,39.25,85.43,70.05,30.63,49.15,39.55
2019-03-13,52.44,103.42,103.42,50.61,38.83,85.93,70.1,30.28,48.99,39.58
2019-03-14,52.76,104.21,104.21,51.16,38.41,86.87,70.74,30.28,47.58,39.16
2019-03-15,53.12,102.39,102.39,51.37,39.54,86.8,70.67,30.67,48.1,37.55
2019-03-18,53.98,104.54,104.54,51.08,39.61,87.82,70.84,30.8,48.29,38.28
2019-03-19,53.12,103.18,103.18,50.74,40.37,87.69,71.38,30.68,47.88,38.46
2019-03-20,51.98,105.18,105.18,49.7,40.13,86.69,71.63,30.51,47.17,37.65
2019-03-21,51.89,105.91,105.91,50.74,43.99,88.01,72.26,31.06,51.78,38.1
2019-03-22,50.5,101.37,101.37,49.32,41.62,82.19,71.96,31.07,48.39,36.75
2019-03-25,50.28,100.98,100.98,48.69,40.55,82.33,72.3,30.77,47.89,36.61
2019-03-26,50.84,102.61,102.61,48.75,40.32,83.38,72.96,31.39,47.08,37.66
2019-03-27,50.1,102.35,102.35,49.83,39.23,83.09,72.74,31.4,45.38,37.56
2019-03-28,50.39,102.54,102.54,50.45,39.34,84.04,73.96,31.01,45.75,37.98
2019-03-29,50.43,101.53,101.53,51.91,41.33,84.21,74.34,31.36,48.06,38.35
2019-04-01,51.46,103.69,103.69,52.41,42.25,85.23,73.96,31.95,49.31,39.77
2019-04-02,51.35,102.49,102.49,52.71,42.44,84.37,74.27,31.63,50.38,38.95
2019-04-03,51.24,99.96,99.96,52.89,43.9,84.47,74.33,31.87,52.01,39.82
2019-04-04,51.45,99.84,99.84,53.18,42.89,85.28,74.35,31.98,51.4,39.18
2019-04-05,51.18,102.45,102.45,53.25,43.32,85.4,75.03,32.35,52.04,39.89
2019-04-08,51.25,104.35,104.35,51.94,42.9,84.73,75.2,32.39,51.59,39.56
2019-04-09,50.99,102.84,102.84,51.89,41.72,84.28,75.12,31.75,50.11,38.92
2019-04-10,51.29,103.87,103.87,52.62,42.17,84.88,75.48,31.88,50.69,38.99
2019-04-11,51.69,99.92,99.92,53.0,42.28,85.0,75.87,32.2,50.83,39.0
2019-04-12,52.81,106.28,106.28,53.13,42.01,86.24,76.65,32.2,51.83,39.54
2019-04-15,52.6,105.96,105.96,52.29,41.82,86.83,76.16,32.02,51.86,38.73
2019-04-16,53.44,106.87,106.87,52.78,42.76,87.8,75.7,32.25,54.29,36.88
2019-04-17,48.35,108.24,108.24,52.76,43.15,88.73,75.12,31.95,54.45,35.5
2019-04-18,48.41,107.28,107.28,52.18,43.4,89.2,76.06,32.03,55.39,35.49
2019-04-22,48.19,111.2,111.2,51.71,43.4,87.36,75.4,32.08,54.21,35.8
2019-04-23,48.47,111.81,111.81,52.79,42.77,87.43,75.99,32.1,54.45,36.5
2019-04-24,48.15,111.04,111.04,52.93,43.03,88.39,76.39,30.79,53.94,36.83
2019-04-25,48.55,109.61,109.61,53.35,42.75,87.56,77.11,30.34,52.95,36.61
2019-04-26,48.43,107.21,107.21,52.98,42.1,88.31,77.45,30.68,50.92,37.11
2019-04-29,49.38,106.9,106.9,53.83,42.11,88.26,76.91,30.88,50.47,37.05
2019-04-30,49.66,106.39,106.39,54.23,42.06,87.83,77.68,30.96,51.12,38.38
2019-05-01,49.43,101.37,101.37,53.9,41.9,85.9,77.52,30.79,50.8,37.99
2019-05-02,49.83,99.12,99.12,53.37,42.56,85.27,77.47,30.62,49.76,38.52
2019-05-03,49.97,100.47,100.47,53.62,43.33,85.7,78.05,30.7,50.8,39.29
2019-05-06,49.33,100.7,100.7,53.48,42.13,83.57,78.06,30.59,49.56,38.39
2019-05-07,48.14,98.23,98.23,52.21,40.26,82.54,77.96,30.53,47.21,38.3
2019-05-08,48.05,105.85,105.85,52.41,39.75,82.77,78.05,30.3,46.7,38.12
2019-05-09,47.78,108.24,108.24,52.46,39.27,82.98,77.9,30.38,46.42,37.15
2019-05-10,48.1,107.89,107.89,52.74,38.94,83.95,78.42,30.62,45.86,37.23
2019-05-13,47.15,107.2,107.2,51.04,37.38,82.53,76.68,30.47,42.99,36.12
2019-05-14,47.01,109.11,109.11,51.65,38.51,83.67,77.06,31.09,44.63,37.19
2019-05-15,46.51,109.06,109.06,52.01,38.41,84.01,77.76,31.25,45.49,37.44
2019-05-16,46.54,110.63,110.63,52.59,37.31,84.28,78.9,31.62,45.09,37.42
2019-05-17,46.08,111.02,111.02,52.24,36.06,84.57,78.91,31.8,44.63,36.66
2019-05-20,45.97,109.66,109.66,52.01,34.62,82.85,76.66,32.19,41.95,35.15
