Date,BTC,DOGE,ETH,LTC,XRP,XLM
2019-05-20,8200,0.003041,261.09,95.06,0.398003,0.135545
2019-05-19,7262.4,0.003178,234.03,86.65,0.4177,0.141485
2019-05-18,7363.69,0.003005,244.59,89.88,0.372736,0.128833
2019-05-17,7878.96,0.002962,264.39,95.75,0.386193,0.126562
2019-05-16,8203.32,0.003168,249,102.26,0.419707,0.137283
2019-05-15,7990.92,0.003308,217.44,91.69,0.456005,0.137002
2019-05-14,7824.93,0.003068,196.51,87.78,0.409062,0.112994
2019-05-13,6979.76,0.002756,188.23,84.79,0.325475,0.100416
2019-05-12,7219.95,0.002665,192.52,88.31,0.310074,0.098866
2019-05-11,6343.14,0.002754,172.21,76.68,0.324543,0.104228
2019-05-10,6153.09,0.002522,170.11,73.76,0.300387,0.092452
2019-05-09,5948.41,0.0025,169.58,73.83,0.296509,0.090232
2019-05-08,5907.47,0.002537,177.23,76.34,0.300721,0.093697
2019-05-07,5687.9,0.002536,171.07,74.09,0.299684,0.094926
2019-05-06,5715.86,0.002542,161.25,74.79,0.302389,0.097809
2019-05-05,5770.01,0.002653,161.85,76.92,0.302342,0.098927
2019-05-04,5657.4,0.00268,164.74,77.72,0.304552,0.099677
2019-05-03,5390.01,0.002721,158.7,72.16,0.308222,0.102295
2019-05-02,5321.15,0.002611,158.3,72.52,0.303239,0.100275
2019-05-01,5270.69,0.002521,160.4,73.51,0.304696,0.101351
2019-04-30,5148.25,0.002513,152.36,66.55,0.309476,0.099953
2019-04-29,5155,0.002466,153.19,67.78,0.294289,0.096475
2019-04-28,5170.6,0.002531,155.66,70.55,0.297426,0.098736
2019-04-27,5159.51,0.002516,153.41,71.64,0.296741,0.099951
2019-04-26,5134.81,0.002519,152.05,70.67,0.298502,0.09914
2019-04-25,5441.9,0.002506,165.75,73.14,0.289384,0.099075
2019-04-24,5532.75,0.002599,170.14,74.32,0.302318,0.103259
2019-04-23,5387.6,0.002772,171.6,76.93,0.321222,0.111824
2019-04-22,5297.64,0.002798,169.9,77.23,0.323934,0.113495
2019-04-21,5319.89,0.00276,173.73,81.69,0.322449,0.112404
2019-04-20,5290.37,0.002902,173.83,82.57,0.328476,0.115532
2019-04-19,5281.81,0.002893,174.15,82.07,0.331902,0.115737
2019-04-18,5227,0.002946,166.54,79.15,0.337065,0.117363
2019-04-17,5202.9,0.00281,166.38,80.89,0.335453,0.116636
2019-04-16,5029.99,0.002835,160.24,78.24,0.327218,0.117505
2019-04-15,5164.27,0.00279,168.27,83.77,0.320913,0.113629
2019-04-14,5066.22,0.002882,163.75,77.95,0.328809,0.116663
2019-04-13,5078.19,0.002872,164.27,78.92,0.326031,0.115898
2019-04-12,5040.12,0.002856,164.92,79.23,0.326346,0.114609
2019-04-11,5318.58,0.002789,177.55,88.43,0.330984,0.116685
2019-04-10,5193.49,0.003021,175.83,86.89,0.354792,0.125462
2019-04-09,5285.54,0.002884,180.74,89.49,0.349462,0.125384
2019-04-08,5194.79,0.003045,174.84,91.88,0.358234,0.131996
2019-04-07,5044.13,0.003418,165.79,92.37,0.359856,0.130303
2019-04-06,5040.66,0.003439,166.08,88.88,0.354405,0.124729
2019-04-05,4907.3,0.00359,157.65,84.95,0.361803,0.126367
2019-04-04,4975.97,0.003697,161.33,85.72,0.332513,0.118788
2019-04-03,4901.93,0.003164,164.69,77.5,0.342234,0.121339
2019-04-02,4137.01,0.002795,141,60.35,0.351499,0.121901
2019-04-01,3975.01,0.002461,137.59,59.32,0.312747,0.109615
2019-03-19,3970.5,0.00208,137.01,58.99,0.309229,0.107651
2019-03-18,3967.01,0.00208,138.07,60.29,0.310632,0.107359
2019-03-17,3990,0.002087,140.48,61.01,0.307929,0.107572
2019-03-16,3902.8,0.002074,135.99,58.13,0.309246,0.10744
2019-03-15,3853.95,0.002085,131.4,55.61,0.312465,0.108062
2019-03-14,3851.02,0.002054,131.16,55.06,0.30506,0.103379
2019-03-13,3860,0.002043,132.8,56.2,0.304055,0.102469
2019-03-12,3849.68,0.002054,132.05,54.65,0.308992,0.106012
2019-03-11,3900.92,0.002064,134.66,56.3,0.312359,0.108281
2019-03-10,3917,0.002052,136.41,57.43,0.311541,0.108693
2019-03-09,3843.12,0.002054,132.75,55.33,0.312718,0.107947
2019-03-08,3857.05,0.002061,136.29,56.51,0.31961,0.111403
2019-03-07,3851.89,0.002091,137,55.17,0.319281,0.113248
2019-03-06,3844.59,0.002083,136.3,52.3,0.31744,0.115914
2019-03-05,3700.72,0.002081,125.24,45.64,0.317612,0.109385
2019-03-04,3786.93,0.002077,129.78,47.49,0.320468,0.109619
2019-03-03,3809.7,0.002048,132.32,48.25,0.315052,0.107773
2019-03-02,3806.17,0.002039,134.72,46.81,0.312955,0.107272
2019-03-01,3792.14,0.002025,134.48,45.44,0.314098,0.108199
2019-02-28,3799.92,0.002012,134.46,44.96,0.310201,0.104598
2019-02-27,3799.48,0.001966,135.76,44.66,0.311065,0.102263
2019-02-26,3818.79,0.001999,137.64,45.37,0.313107,0.100039
2019-02-25,3734.22,0.001998,131.76,43.57,0.313826,0.089744
2019-02-24,4110,0.00198,157.56,51.19,0.310087,0.087246
2019-02-23,3942.02,0.001991,146.68,49.07,0.314766,0.085541
2019-02-22,3897.71,0.001983,144.21,48.46,0.317031,0.085566
2019-02-21,3938.99,0.001985,147.19,51.08,0.316507,0.086299
2019-02-20,3888.01,0.001982,142.69,46.91,0.305133,0.083539
2019-02-19,3867,0.001999,144.56,47.34,0.312554,0.087235
2019-02-18,3625.08,0.002003,132.34,43.45,0.315126,0.08446
2019-02-17,3582.37,0.001994,121.56,43.15,0.317312,0.085833
2019-02-16,3566.59,0.001976,120.42,42.08,0.315078,0.085503
2019-02-15,3561.5,0.002019,119.39,40.93,0.313106,0.086195
2019-02-14,3576.68,0.002023,120.74,41.21,0.319477,0.0868
2019-02-13,3588.06,0.00203,120.82,43.35,0.32851,0.087305
2019-02-12,3590.36,0.001974,119.55,42.37,0.301443,0.084234
2019-02-11,3648.85,0.002083,123.94,46.51,0.33262,0.094257
2019-02-10,3623.73,0.002056,118.06,44.2,0.321904,0.090668
2019-02-09,3622,0.002028,117.98,42.56,0.321291,0.089091
2019-02-08,3359,0.002079,103.21,32.85,0.33288,0.091735
2019-02-07,3367.36,0.002067,103.36,32.47,0.323768,0.089982
2019-02-06,3428.4,0.002114,106,33.95,0.321568,0.083691
2019-02-05,3409.57,0.001992,106.08,33.64,0.30337,0.079608
2019-02-04,3414.78,0.001924,105.94,32.87,0.301703,0.078421
2019-02-03,3468.43,0.001908,109.3,34.18,0.301759,0.079276
2019-02-02,3437.5,0.001897,105.88,32.37,0.301909,0.076635
2019-02-01,3411.49,0.001893,105.79,31.24,0.304284,0.07699
2019-01-31,3437.55,0.001894,107.61,31.53,0.30519,0.077616
2019-01-30,3397.42,0.001906,104.02,30.69,0.302741,0.077595
2019-01-29,3429.95,0.001946,105.47,30.96,0.309909,0.080393
2019-01-28,3531.01,0.001949,111.35,32.02,0.311284,0.080808
2019-01-27,3556.07,0.001956,115.01,32.64,0.311683,0.081224
2019-01-26,3562.18,0.001845,114.95,32.73,0.291618,0.074688
2019-01-25,3568.97,0.001866,116.4,32.47,0.290727,0.074387
2019-01-24,3553.01,0.001888,116.55,31.6,0.299239,0.077882
2019-01-23,3577.03,0.001896,118.1,31.48,0.300198,0.07973
2019-01-22,3531.76,0.001904,115.86,30.82,0.302352,0.081347
2019-01-21,3536.19,0.001936,117.43,30.61,0.310912,0.08309
2019-01-20,3682.65,0.001916,123.17,32.22,0.308517,0.08358
2019-01-19,3607.85,0.001925,119.53,30.96,0.310036,0.082631
2019-01-18,3640.65,0.001961,122.55,31.62,0.320461,0.085634
2019-01-17,3609.71,0.001927,122.12,31.4,0.289558,0.083923
2019-01-16,3580.76,0.001944,120.06,31.01,0.294863,0.087904
2019-01-15,3664.19,0.002027,128.37,32.07,0.309439,0.096316
2019-01-14,3514.24,0.002083,115.55,29.92,0.314235,0.100014
2019-01-13,3619.41,0.002118,124.59,32.04,0.317165,0.101741
2019-01-12,3635.69,0.002039,125.83,31.79,0.317598,0.10221
2019-01-11,3626.12,0.002043,126.41,33.27,0.316492,0.102576
2019-01-10,4004.12,0.002057,149.5,38.58,0.319491,0.104103
2019-01-09,3993.86,0.002101,148.97,39.13,0.32079,0.10338
2019-01-08,4006.01,0.002119,150.62,37.66,0.321177,0.104702
2019-01-07,4040.99,0.002153,155.92,38.88,0.331001,0.108304
2019-01-06,3798.62,0.002106,154.21,34.48,0.324277,0.106821
2019-01-05,3820.25,0.002094,153.24,32.02,0.329353,0.108461
2019-01-04,3787.57,0.002138,147.23,31.6,0.329701,0.106891
2019-01-03,3890.79,0.002111,153.5,32.94,0.327179,0.105685
2019-01-02,3826.09,0.002183,139.75,31.68,0.333766,0.109649
2019-01-01,3691.86,0.002094,130.53,29.78,0.317863,0.103609
2018-12-31,3829,0.002148,138.78,31.56,0.3288,0.106764
2018-12-30,3729.31,0.002129,134.15,30.69,0.332904,0.107332
2018-12-29,3888.06,0.002132,136.82,32.22,0.332652,0.109879
2018-12-28,3589.89,0.002266,114.63,27.72,0.37089,0.123774
2018-12-27,3809.88,0.002276,130.47,30.52,0.365315,0.123119
2018-12-26,3780,0.002285,128.82,30.77,0.364347,0.12322
2018-12-25,4034,0.002328,139.03,33.05,0.368395,0.120384
2018-12-24,3944.93,0.002319,129.61,33.07,0.355275,0.114046
2018-12-23,3980.46,0.002315,116.09,31.59,0.356747,0.115361
2018-12-22,3839.06,0.00236,107.74,30.2,0.360224,0.113825
2018-12-21,4075.34,0.002407,114.6,32.36,0.375243,0.119331
2018-12-20,3682.51,0.002392,99.34,29.05,0.364771,0.11593
2018-12-19,3667.77,0.002346,101,30.12,0.352706,0.112813
2018-12-18,3496.82,0.002367,93.79,28.88,0.369581,0.11743
2018-12-17,3195,0.002403,83.74,25.24,0.367252,0.118036
2018-12-16,3183,0.002434,83.03,23.4,0.376852,0.121383
2018-12-15,3195.71,0.002364,83,23.17,0.341162,0.110486
2018-12-14,3265,0.002474,85.35,22.84,0.378693,0.120607
2018-12-13,3430.24,0.002404,89.09,24,0.380872,0.121682
2018-12-12,3355.68,0.00254,87.23,23.28,0.406799,0.13252
2018-12-11,3410.15,0.002542,89.23,23.97,0.37127,0.126585
2018-12-10,3531.18,0.002502,92.79,25.3,0.362308,0.12275
2018-12-09,3401,0.002545,89.99,24.19,0.35857,0.119916
2018-12-08,3380.01,0.002731,92.45,24.77,0.378199,0.12655
2018-12-07,3433.26,0.00272,89.25,26.25,0.351956,0.114245
2018-12-06,3694.39,0.002684,100.71,28.71,0.350162,0.11433
2018-12-05,3901.84,0.002533,108.61,30.71,0.328453,0.109693
2018-12-04,3833.47,0.002125,107.21,30.5,0.287929,0.096278
2018-12-03,4103.19,0.002113,114.76,33.34,0.285883,0.095439
2018-12-02,4142.01,0.00207,116.82,33.77,0.28879,0.09774
2018-12-01,3975.48,0.002065,111.88,31.66,0.300026,0.1058
2018-11-30,4248,0.002111,116.38,33.5,0.307323,0.11369
2018-11-29,4225.03,0.002088,121.95,34.43,0.301345,0.112835
2018-11-28,3775,0.0021,108.58,30.85,0.303766,0.118253
2018-11-27,3731.32,0.002102,106.95,29.1,0.31337,0.124328
2018-11-26,3936.69,0.00212,114.3,30.43,0.307269,0.118993
2018-11-25,3774.99,0.002104,110.08,28.6,0.301997,0.115263
2018-11-24,4283.8,0.002097,121.44,31.69,0.310936,0.119594
2018-11-23,4263.66,0.00218,123.2,31.3,0.338242,0.135936
2018-11-22,4545.11,0.002196,134.73,34.29,0.352231,0.147653
2018-11-21,4349.23,0.002371,127.55,32.28,0.348754,0.149536
2018-11-20,4733.5,0.002246,145.21,35.75,0.367627,0.160301
2018-11-19,5560,0.00225,175.87,41.86,0.372906,0.166332
2018-11-18,5504.17,0.002165,172.48,41.54,0.362455,0.15863
2018-11-17,5512.24,0.002241,172.4,41.73,0.379562,0.16508
2018-11-16,5579.52,0.002246,178.89,43.36,0.390557,0.162237
2018-11-15,5605.46,0.002087,177.79,42.69,0.360163,0.144374
2018-11-14,6259.35,0.002099,203.2,48.84,0.355451,0.144795
2018-11-13,6327.86,0.00222,208.77,50.33,0.374551,0.159607
2018-11-12,6357.6,0.002224,209.88,50.8,0.375336,0.154205
2018-11-11,6347.42,0.002361,210.29,51.86,0.407428,0.181211
2018-11-10,6334.89,0.002412,208.01,51.66,0.42608,0.187797
2018-11-09,6406.25,0.002448,210.34,52.04,0.447651,0.203688
2018-11-08,6503.12,0.002254,216.84,53.82,0.434726,0.193193
2018-11-07,6448.5,0.002418,218.51,55.84,0.478166,0.224412
2018-11-06,6404,0.002643,208.53,53.45,0.510473,0.249758
2018-11-05,6423.28,0.002595,210.06,53.88,0.491654,0.244927
2018-11-04,6331.96,0.002746,198.35,50.61,0.471609,0.23885
2018-11-03,6349.8,0.0028,199.75,51.13,0.481708,0.241944
2018-11-02,6343.99,0.002695,197.96,50.19,0.474372,0.233043
2018-11-01,6304.18,0.002945,196.95,49.47,0.510112,0.257787
2018-10-31,6267.63,0.003064,195.35,48.95,0.517165,0.267326
2018-10-30,6266,0.003162,194.29,48.44,0.505913,0.273605
2018-10-29,6403.62,0.003285,202.43,51.53,0.506698,0.26123
2018-10-28,6409.12,0.00314,201.46,51.53,0.500668,0.255542
2018-10-27,6404.87,0.003384,200.7,51.59,0.493508,0.256043
2018-10-26,6395.58,0.003637,199.65,51.71,0.535707,0.256718
2018-10-25,6415.97,0.003696,200.68,51.85,0.54908,0.265596
2018-10-24,6395.14,0.003622,201.12,52.1,0.497412,0.246529
2018-10-23,6407.65,0.003676,201.25,51.67,0.462691,0.241638
2018-10-22,6415.88,0.003733,202.12,52.23,0.455667,0.235706
2018-10-21,6414,0.003773,202.69,52.83,0.458685,0.234244
2018-10-20,6382.98,0.003777,200,52.5,0.455722,0.222945
2018-10-19,6394.96,0.003764,199.09,51.73,0.448382,0.223471
2018-10-18,6443.7,0.00385,203.21,52.81,0.444759,0.225093
2018-10-17,6422.16,0.003847,203.55,53.44,0.441514,0.222357
2018-10-16,6436.98,0.004063,204.12,53.39,0.462406,0.232871
2018-10-15,6183.49,0.004195,191.87,51.36,0.456348,0.22876
2018-10-14,6196,0.003984,196.72,53.05,0.459288,0.234011
2018-10-13,6188.01,0.003717,194.1,53.03,0.458052,0.235646
2018-10-12,6154.69,0.003911,188.32,50.55,0.457237,0.23776
2018-10-11,6524.56,0.004172,223.61,57.49,0.462058,0.242215
2018-10-10,6589.48,0.004366,226.15,58.43,0.453109,0.242361
2018-10-09,6608.07,0.004517,227.68,59.24,0.456694,0.241724
2018-10-08,6570,0.004551,224.82,57.9,0.459151,0.244182
2018-10-07,6552.43,0.00447,223.85,57.7,0.454178,0.242853
2018-10-06,6593.94,0.004386,226.89,58.47,0.457725,0.239452
2018-10-05,6547.45,0.004599,221,58,0.468197,0.240403
2018-10-04,6466.03,0.005017,219.01,57.25,0.470253,0.227978
2018-10-03,6498.46,0.005218,224.85,59.2,0.447316,0.223001
2018-10-02,6572.83,0.005158,230.4,60.22,0.403286,0.210144
2018-10-01,6605,0.005182,232.27,61.05,0.418878,0.21481
2018-09-30,6582,0.005247,231.01,61.45,0.419115,0.216032
2018-09-29,6620.01,0.005,220.67,61.75,0.38313,0.207037
2018-09-28,6680.01,0.005552,229,63.11,0.462387,0.241593
2018-09-27,6455.66,0.005635,214.15,57.21,0.479857,0.243915
2018-09-26,6436.89,0.005578,219.19,57.57,0.489751,0.249009
2018-09-25,6582.09,0.005562,228.01,57.94,0.482039,0.245138
2018-09-24,6696.99,0.005545,244.35,61.31,0.488082,0.239771
2018-09-23,6707.33,0.005669,240.71,60.53,0.519026,0.245192
2018-09-22,6750,0.005645,247.76,60.83,0.526606,0.244278
2018-09-21,6493.11,0.005704,224.41,56.56,0.528162,0.241136
2018-09-20,6386.94,0.005824,209.81,54.28,0.520837,0.248286
2018-09-19,6335.7,0.005942,208.5,54,0.576461,0.258404
2018-09-18,6250.7,0.005906,195.97,52.05,0.581572,0.259599
2018-09-17,6498,0.005865,220.19,56.78,0.571228,0.253908
2018-09-16,6518.68,0.005831,221.69,56.34,0.539112,0.254127
2018-09-15,6478.04,0.005879,210,56.33,0.541381,0.259216
2018-09-14,6485.99,0.005695,211.39,54.66,0.516308,0.244767
2018-09-13,6326,0.005686,182.79,51.6,0.526941,0.252306
2018-09-12,6282.53,0.005677,185.15,51.97,0.494712,0.259048
2018-09-11,6299.99,0.005901,196.94,54.3,0.570689,0.281478
2018-09-10,6235.01,0.005758,195.91,54.71,0.570798,0.239225
2018-09-09,6188,0.005684,197,53.2,0.561462,0.249211
2018-09-08,6395.01,0.005695,215.21,55.5,0.449918,0.231897
2018-09-07,6495,0.005609,229.66,57.48,0.326053,0.206563
2018-09-06,6687.96,0.005981,227.56,57.68,0.32186,0.208417
2018-09-05,7360,0.006243,285.43,67.75,0.272251,0.196827
2018-09-04,7256.98,0.006531,288.6,65.37,0.281166,0.20651
2018-09-03,7295,0.006165,295.06,66.23,0.282008,0.203202
2018-09-02,7191.08,0.00618,294.64,66.47,0.277159,0.201743
2018-09-01,7015.01,0.006554,281.94,62.13,0.280583,0.207806
2018-08-31,6983,0.006455,284.52,60.25,0.270087,0.198293
2018-08-30,7030.9,0.006329,289,61.54,0.26371,0.201071
2018-08-29,7071.01,0.006892,295.39,63.18,0.270321,0.190839
2018-08-28,6911.9,0.005829,287.99,60.7,0.27868,0.192781
2018-08-27,6709.98,0.005692,274.25,57.11,0.279333,0.194437
2018-08-26,6737.52,0.005307,277.97,58.01,0.291435,0.207662
2018-08-25,6690.88,0.00501,281.35,57.94,0.30271,0.207484
2018-08-24,6526.36,0.004931,275.87,57.31,0.283601,0.207437
2018-08-23,6359.99,0.005269,270.47,55.2,0.331652,0.231268
2018-08-22,6475.9,0.005266,281.49,56.39,0.335961,0.225325
2018-08-21,6258.74,0.004999,270.76,53.39,0.342523,0.224744
2018-08-20,6489.53,0.006278,300.03,57.85,0.347721,0.229722
2018-08-19,6396.64,0.004794,296.61,57.38,0.335332,0.222076
2018-08-18,6585.49,0.003206,317.54,61.82,0.335444,0.220902
2018-08-17,6315.9,0.002606,286.67,55.47,0.344803,0.226211
2018-08-16,6269.01,0.002607,281.21,54.44,0.351837,0.234745
2018-08-15,6195.01,0.002462,278.37,54.39,0.336903,0.225437
2018-08-14,6253.67,0.002404,284.11,56.48,0.323776,0.21484
2018-08-13,6112.21,0.00237,312.65,55.75,0.32823,0.217795
2018-08-12,6112.21,0.002426,312.65,55.75,0.327606,0.219806
2018-08-11,6146.01,0.002385,330.99,59.14,0.327709,0.222162
2018-08-10,6546.46,0.002315,363.99,63.08,0.319803,0.206896
2018-08-09,6282.5,0.002424,355.7,62.27,0.335177,0.214708
2018-08-08,6718.22,0.002369,378.08,67.36,0.319283,0.216457
2018-08-07,6938,0.002473,404.99,73.58,0.343978,0.222723
2018-08-06,7030.01,0.002394,408.83,74.65,0.3271,0.224235
2018-08-05,7005,0.002455,407,73.04,0.366676,0.23812
2018-08-04,7414.08,0.002292,417.8,77.6,0.292436,0.216032
2018-08-03,7533.92,0.002303,410.71,76.23,0.282005,0.216954
2018-08-02,7603.99,0.00226,419.6,77.64,0.274272,0.216706
2018-08-01,7727.27,0.002331,432.16,78.86,0.277466,0.223559
2018-07-31,8170.01,0.002404,456.47,82.22,0.29787,0.223601
2018-07-30,8216.34,0.002404,466.01,83.93,0.301262,0.217665
2018-07-29,8228.9,0.002392,468.12,83.99,0.320426,0.22543
2018-07-28,8184.21,0.002555,469.3,84.52,0.346771,0.221435
2018-07-27,7931.99,0.002415,461.42,83.46,0.331944,0.201351
2018-07-26,8157.15,0.002671,470.81,86.35,0.381006,0.230672
2018-07-25,8401.01,0.002779,478.78,89.06,0.414081,0.234705
2018-07-24,7720.09,0.002837,449,81.52,0.433638,0.244218
2018-07-23,7397.8,0.002745,456.9,82.22,0.428507,0.240724
2018-07-22,7408,0.002918,461.5,83.5,0.440571,0.258956
2018-07-21,7334.46,0.002946,448.21,81.72,0.430254,0.261192
2018-07-20,7470.01,0.00316,468.39,86.14,0.445852,0.276268
2018-07-19,7378.99,0.002945,478.81,86.27,0.435225,0.278009
2018-07-18,7315.01,0.003273,499.01,88.98,0.446107,0.295923
2018-07-17,6728.81,0.003307,478.18,83.53,0.453306,0.308399
2018-07-16,6348.73,0.0034,449.41,78.51,0.453667,0.315229
2018-07-15,6248.65,0.003418,434.13,76.2,0.453635,0.316882
2018-07-14,6216.29,0.003393,432.8,76.68,0.44992,0.309552
2018-07-13,6249.75,0.003543,431.46,76.97,0.459829,0.331706
2018-07-12,6390.04,0.00362,446.25,78.35,0.457623,0.301456
2018-07-11,6303.7,0.003431,432.59,75.95,0.445276,0.284384
2018-07-10,6664.01,0.003458,471.6,80.49,0.449311,0.283534
2018-07-09,6701.97,0.00327,486.08,82.2,0.45541,0.292259
2018-07-08,6753.28,0.00341,484.48,84.7,0.446994,0.271492
2018-07-07,6600,0.003844,469.3,82.96,0.476433,0.302513
2018-07-06,6532.95,0.003712,467.25,83.29,0.486389,0.2984
2018-07-05,6587.47,0.003228,466.9,85.4,0.505587,0.252967
2018-07-04,6502.62,0.002854,461.75,84.96,0.483401,0.237928
2018-07-03,6611.79,0.00238,476.34,85.45,0.445894,0.219871
2018-07-02,6349.5,0.002362,451.43,79.89,0.439271,0.207877
2018-07-01,6383.19,0.002332,453.29,81.01,0.438741,0.204272
2018-06-30,6202.36,0.002306,434.6,78.94,0.435364,0.185719
2018-06-29,5851.66,0.002425,420,74.25,0.450233,0.189504
2018-06-28,6132.17,0.002411,441.41,80.73,0.445042,0.191889
2018-06-27,6074.94,0.002603,429.08,75.8,0.47427,0.207929
2018-06-26,6246.01,0.002611,458.41,81.67,0.477749,0.209783
2018-06-25,6149.99,0.002645,454.79,80.61,0.492477,0.20845
2018-06-24,6178.29,0.002597,475.17,83.21,0.479151,0.206381
2018-06-23,6059.82,0.002599,462.01,85.03,0.481625,0.202978
2018-06-22,6719.01,0.00268,525.49,96.69,0.490043,0.209735
2018-06-21,6756.1,0.002638,536,97.83,0.485223,0.206315
2018-06-20,6736.41,0.002703,538.5,98.58,0.486122,0.213151
2018-06-19,6709.02,0.002489,517.47,98.63,0.461358,0.198573
2018-06-18,6447.16,0.002499,496.5,95.01,0.466245,0.193425
2018-06-17,6484.29,0.002427,497.31,96.67,0.45308,0.18671
2018-06-16,6391.22,0.002357,487.45,95.54,0.448458,0.178951
2018-06-15,6638.49,0.002437,519.75,101.12,0.47037,0.189633
2018-06-14,6302.32,0.002478,476.02,93.82,0.456001,0.186484
2018-06-13,6544.99,0.002485,494.14,100.19,0.481753,0.197753
2018-06-12,6881,0.00251,531.68,107.47,0.47738,0.193633
2018-06-11,6770.31,0.002641,525.25,106.97,0.491284,0.203515
2018-06-10,7496.4,0.002668,593.41,117.43,0.486947,0.203407
2018-06-09,7618.8,0.002988,598.59,120.04,0.534775,0.227997
2018-06-08,7684.93,0.003021,603.56,121.63,0.539286,0.232188
2018-06-07,7655,0.003033,606.18,121.37,0.549621,0.235309
2018-06-06,7612.51,0.003027,607.6,121.87,0.537495,0.234371
2018-06-05,7487.37,0.002873,591.5,119.87,0.528216,0.232105
2018-06-04,7706.37,0.002895,618.63,125,0.534784,0.234041
2018-06-03,7636.42,0.002901,590.46,123.66,0.537707,0.234242
2018-06-02,7514.32,0.002944,578.89,119.88,0.561306,0.242426
2018-06-01,7485,0.002817,577.1,118.36,0.534663,0.221691
2018-05-31,7380.01,0.003089,557.22,117.18,0.562933,0.231689
2018-05-30,7460,0.003234,566.66,119.52,0.604066,0.256482
2018-05-29,7107.94,0.003182,511.33,111.24,0.588126,0.247658
2018-05-28,7346.64,0.003593,570.75,117.83,0.659755,0.281894
2018-05-27,7337.95,0.003659,584.99,118.33,0.674343,0.287963
2018-05-26,7459.11,0.003732,584.02,119.05,0.678128,0.294206
2018-05-25,7584.15,0.003787,603,122.99,0.674797,0.298269
2018-05-24,7505,0.003654,577.2,118.85,0.677015,0.294313
2018-05-23,7987.7,0.003532,640.5,128.11,0.661425,0.292158
2018-05-22,8393.44,0.00369,696.77,134.26,0.671205,0.302912
2018-05-21,8516.86,0.003558,714,139.38,0.643451,0.298413
2018-05-20,8235.6,0.003423,695.96,135,0.623364,0.290022
2018-05-19,8238.51,0.003398,694.5,136.3,0.612622,0.296652
2018-05-18,8059,0.003354,668.56,132.65,0.605817,0.277747
2018-05-17,8344,0.003437,707.45,139.36,0.601241,0.282845
2018-05-16,8477.46,0.003226,706.08,139.78,0.552299,0.253582
2018-05-15,8670,0.003424,726.9,147.32,0.607881,0.276376
2018-05-14,8686.1,0.003463,729.29,144.43,0.612708,0.284695
2018-05-13,8475,0.003514,684.66,142,0.611001,0.288069
2018-05-12,8403.33,0.003499,678.05,136.51,0.631997,0.291338
2018-05-11,9010.51,0.003591,723.51,148.18,0.599594,0.280355
2018-05-10,9300.08,0.003851,750,156.83,0.645567,0.301084
2018-05-09,9177.81,0.004271,746.99,158.98,0.681587,0.318115
2018-05-08,9353,0.004423,752.42,164.09,0.700244,0.33281
2018-05-07,9600,0.004286,784.28,171.07,0.676713,0.317234
2018-05-06,9800,0.004017,812,177.73,0.680294,0.319488
2018-05-05,9685,0.004188,783.01,168.2,0.66731,0.313497
2018-05-04,9725.74,0.004385,775.51,161,0.714081,0.334677
2018-05-03,9190.48,0.004515,685.02,150.8,0.698588,0.348445
2018-05-02,9072.29,0.00446,670.75,147.99,0.740898,0.36968
2018-05-01,9243.83,0.004329,669.81,148.32,0.745748,0.375852
2018-04-30,9389.01,0.004473,687.51,153.24,0.696735,0.359937
2018-04-29,9329.99,0.004362,682,151.82,0.684948,0.314252
2018-04-28,8922.55,0.00487,642.77,145.9,0.758237,0.353962
2018-04-27,9272.11,0.005093,661.13,153.1,0.802043,0.37797
2018-04-26,8865.98,0.005303,617.49,145,0.81397,0.386371
2018-04-25,9648,0.004817,703.38,164.72,0.832641,0.395702
2018-04-24,8931.3,0.00497,642.85,152.59,0.871424,0.412944
2018-04-23,8795.01,0.00518,621,146.59,0.905103,0.430875
2018-04-22,8915.42,0.005269,605.16,148.3,0.895442,0.43114
2018-04-21,8866.27,0.005641,617.17,155.71,0.884466,0.437379
2018-04-20,8274,0.005273,567.29,146.34,0.859094,0.439227
2018-04-19,8152.05,0.005144,525.89,140.49,0.841407,0.439733
2018-04-18,7892.1,0.00521,502.42,132.21,0.837938,0.424659
2018-04-17,8048.93,0.005459,511.28,128.63,0.872778,0.458405
2018-04-16,8355.25,0.005357,533.74,132.52,0.863804,0.428918
2018-04-15,8003.11,0.005422,502.4,126.42,0.813885,0.391085
2018-04-14,7893.19,0.005627,495.22,125.46,0.852414,0.387556
2018-04-13,7916,0.005093,493.41,129.53,0.800607,0.339517
2018-04-12,6942.99,0.0058,430.81,117.95,0.934781,0.40067
2018-04-11,6824.99,0.005482,415.45,114.16,0.876657,0.372128
2018-04-10,6771.13,0.005539,398.8,114.91,0.869995,0.368139
2018-04-09,7020.01,0.005413,399.9,117.67,0.873103,0.375663
2018-04-08,6894.01,0.005893,384.61,116.06,0.924465,0.391165
2018-04-07,6619.01,0.005824,370.32,112.93,0.791976,0.36612
2018-04-06,6785.85,0.005412,381.55,118.78,0.708932,0.351544
2018-04-05,6791.68,0.004744,378.43,118.24,0.656933,0.300202
2018-04-04,7424.9,0.004585,416.38,134.12,0.663297,0.284156
2018-04-03,7045.01,0.004571,384,119.1,0.682534,0.290722
2018-04-02,6816.01,0.00415,378.18,114.96,0.632184,0.250668
2018-04-01,6928.5,0.003995,394.54,116.28,0.638087,0.24629
2018-03-31,6848.01,0.003798,394.46,118.45,0.628737,0.24212
2018-03-30,7079.99,0.003396,383.29,114.53,0.539506,0.212337
2018-03-29,7942.72,0.003043,445.47,131.7,0.491931,0.199344
2018-03-28,7793.61,0.002763,449,134.64,0.491855,0.197333
2018-03-27,8145,0.002843,486.75,148.24,0.500398,0.206377
2018-03-26,8453,0.002802,522.55,160.18,0.487867,0.201859
2018-03-25,8531.34,0.00267,519.57,159,0.476431,0.193317
2018-03-24,8927.1,0.002714,543.04,168.64,0.495801,0.19794
2018-03-23,8715.09,0.00277,539.89,163.83,0.501631,0.204108
2018-03-22,8891.81,0.00298,559.98,168.69,0.558044,0.235691
2018-03-21,8900,0.002797,558,169.17,0.500688,0.224878
2018-03-20,8589.01,0.002719,555.55,161.33,0.485081,0.206582
2018-03-19,8192,0.002819,538,154,0.512353,0.206778
2018-03-18,7857.6,0.002763,549.79,152.66,0.509565,0.188733
2018-03-17,8275,0.002827,600.52,165.32,0.511511,0.190819
2018-03-16,8259.99,0.003141,610.99,164.21,0.578002,0.219251
2018-03-15,8207.02,0.003145,614.63,160.69,0.577917,0.216033
2018-03-14,9145.41,0.003289,690.39,175.5,0.599463,0.228861
2018-03-13,9120,0.003505,696.51,177.89,0.641875,0.239952
2018-03-12,9533.88,0.00359,719.79,188.33,0.641265,0.235422
2018-03-11,8795.44,0.00356,683.6,177.67,0.643174,0.236147
2018-03-10,9255,0.003528,728.46,186.33,0.662743,0.243212
2018-03-09,9304.89,0.003659,698.83,175.79,0.693664,0.254636
2018-03-08,9925,0.003651,751.38,186.42,0.709808,0.267968
2018-03-07,10700,0.00344,815.43,196.63,0.74908,0.250226
2018-03-06,11377.54,0.00319,848.83,210.71,0.658777,0.220473
2018-03-05,11469.9,0.003299,861.74,212.97,0.637856,0.206731
2018-03-04,11432.5,0.00351,854.34,210.4,0.68926,0.229991
2018-03-03,11000,0.003536,854.31,212,0.697269,0.240655
2018-03-02,10895.92,0.003524,868.74,209.2,0.701902,0.248689
2018-03-01,10307.27,0.00396,849.99,202.12,0.789711,0.290193
2018-02-28,10566.57,0.004032,870.98,215.15,0.801048,0.291765
2018-02-27,10300,0.00421,867.09,218.74,0.831122,0.304217
2018-02-26,9597.99,0.003973,841.96,218.77,0.796627,0.292661
2018-02-25,9688.62,0.004146,833.2,206.15,0.849761,0.311859
2018-02-24,10144.99,0.004025,854.01,206.52,0.825857,0.311938
2018-02-23,9830,0.004024,806,192.99,0.87121,0.329103
2018-02-22,10454.27,0.00461,840.34,210.23,0.922887,0.337911
2018-02-21,11235.57,0.005218,884.76,229.5,0.959368,0.352031
2018-02-20,11140,0.005502,939.01,222.1,1.01,0.36193
2018-02-19,10380.04,0.005301,912.41,214.5,0.907804,0.350168
2018-02-18,11121.5,0.005482,975,229.9,0.910144,0.320107
2018-02-17,10167.49,0.006215,936.02,228.24,0.928347,0.339314
2018-02-16,10031.23,0.006018,929.3,221.18,0.904583,0.333916
2018-02-15,9472.98,0.006291,920.27,211.86,0.947305,0.362051
2018-02-14,8520.01,0.006339,840.49,158.91,0.956859,0.364579
2018-02-13,8872.28,0.006142,864.4,161.5,0.943487,0.357302
2018-02-12,8072.99,0.006324,811.35,149.26,0.954402,0.355163
2018-02-11,8547.49,0.006648,849.47,155.08,0.998855,0.381985
2018-02-10,8671.01,0.006259,875.99,164.1,0.941788,0.366447
2018-02-09,8218.1,0.006581,812,149.1,1.02,0.396765
2018-02-08,7575.75,0.007094,750.04,137.8,1.09,0.402289
2018-02-07,7688.46,0.006697,783.83,141.5,1.14,0.452932
2018-02-06,6905.19,0.006424,693.54,124.98,1.12,0.450399
2018-02-05,8167.9,0.007049,826,147.5,1.2,0.479075
2018-02-04,9240,0.007034,969.4,160.97,1.14,0.455446
2018-02-03,8787.52,0.007347,911.99,130.69,1.15,0.453556
2018-02-02,9010.61,0.00673,1017.48,140.6,1.14,0.453888
2018-02-01,10099.99,0.005638,1105,161.9,1.03,0.410614
2018-01-31,9995,0.005472,1054.39,164.25,1.08,0.395649
2018-01-30,11123.01,0.004956,1162.27,179.57,1,0.370005
2018-01-29,11536,0.004989,1215.01,191.12,1.07,0.406856
2018-01-28,11319,0.005,1100,179.65,0.954428,0.401068
2018-01-27,11086.89,0.004566,1045.57,175.71,0.805263,0.363565
2018-01-26,11118,0.004297,1040,178.86,0.723895,0.342125
2018-01-25,11356.79,0.004361,1056.99,180.6,0.776393,0.370811
2018-01-24,10824.94,0.003533,984.03,178.27,0.691799,0.331192
2018-01-23,10766.7,0.004399,999.68,179.42,0.815703,0.377231
2018-01-22,11518.16,0.005164,1047.13,191.25,0.924043,0.430056
2018-01-21,12762.8,0.004475,1150.02,210.91,0.884784,0.405075
2018-01-20,11498.99,0.005029,1037.45,192.5,0.96253,0.456455
2018-01-19,11305.53,0.00601,1025.78,192.6,1.16,0.539797
2018-01-18,11200.01,0.006024,1028.06,189,1.14,0.489648
2018-01-17,11570.01,0.006967,1080,193.26,1.32,0.589283
2018-01-16,13590,0.007465,1278.63,232.51,1.4,0.634421
2018-01-15,13656.23,0.007373,1365.46,237.89,1.22,0.613061
2018-01-14,14187.95,0.007237,1386.02,258,1.22,0.633916
2018-01-13,13820,0.007667,1260,235.52,1.31,0.608253
2018-01-12,13308.06,0.007083,1137.01,226.91,1.36,0.567014
2018-01-11,14875.18,0.006673,1246.95,248.8,1.34,0.486185
2018-01-10,14480.99,0.006734,1290.01,246.89,1.36,0.486338
2018-01-09,14993.74,0.007131,1137.01,255.21,1.38,0.464117
2018-01-08,16174.22,0.008448,1118.3,272.06,1.58,0.534677
2018-01-07,17099,0.007871,1006.68,279.42,1.55,0.506232
2018-01-06,16960.01,0.007969,969.27,246.23,1.6,0.509523
2018-01-05,15144.99,0.007648,949,238.91,1.31,0.477187
2018-01-04,15098.14,0.006822,938.31,244.99,1.18,0.441197
2018-01-03,14781.51,0.009857,865,253.31,1.68,0.599271
2018-01-02,13480.01,0.011684,759.03,225.22,1.86,0.630856
2018-01-01,13863.13,0.013023,741.27,227.17,2.02,0.671564
2017-12-31,12839.99,0.013056,710.58,216.03,2.04,0.67796
2017-12-30,14565.05,0.011469,748.89,245.79,1.95,0.558126
2017-12-29,14450.01,0.013102,719.5,251.18,1.97,0.56693
2017-12-28,15367.08,0.01342,739.99,264.4,2.1,0.585653
2017-12-27,15790.88,0.015045,755.07,280.1,2.46,0.629323
2017-12-26,14171.98,0.017088,740.5,273.52,3.38,0.699645
2017-12-25,14221.94,0.014863,697.04,278.81,3.09,0.709945
2017-12-24,15065.51,0.012167,732.8,293.03,3.05,0.662712
2017-12-23,14210.57,0.009644,682.11,267.79,3.2,0.72405
2017-12-22,15758.8,0.00932,796.98,311,3.11,0.896227
2017-12-21,16496.9,0.009145,802.86,305.59,2.48,0.564766
2017-12-20,17838.73,0.008909,826.65,350.79,2.39,0.480008
2017-12-19,19039,0.008972,785.65,359.4,2.3,0.360756
2017-12-18,19378.99,0.00786,732.18,324.74,2.16,0.323202
2017-12-17,19650,0.009391,704.27,306.86,2.21,0.322941
2017-12-16,17738.67,0.008486,693.5,303.79,1.43,0.223544
2017-12-15,16749.79,0.008872,705.01,283.8,1.4,0.229224
2017-12-14,16689.61,0.009411,711.94,312.89,1.19,0.226018
2017-12-13,17730.12,0.008931,686.82,352.08,1.12,0.228511
2017-12-12,16885.75,0.008582,518,218.6,1.04,0.22445
2017-12-11,15290.01,0.007259,447.71,150.99,1.17,0.234179
2017-12-10,15309.98,0.006054,485.04,160.95,1.14,0.216717
2017-12-09,16367.03,0.007425,463.45,128.97,1.19,0.2572
2017-12-08,17390.01,0.006661,433.28,97.96,0.775964,0.252386
2017-12-07,14090,0.005666,432.49,100.01,0.791257,0.26431
2017-12-06,11718.35,0.006433,457.3,101.01,0.778407,0.276283
2017-12-05,11643.98,0.005984,468.22,104.28,0.728366,0.266621
2017-12-04,11290,0.005933,464.76,101.2,0.758642,0.232125
2017-12-03,10930.23,0.003762,460.34,99.65,0.756181,0.195862
2017-12-02,10869.84,0.003709,463.82,100.16,0.864263,0.188907
2017-12-01,9903,0.003461,434.03,85.82,0.471063,0.149342
2017-11-30,9935.98,0.003304,434.01,86.7,0.373541,0.156444
2017-11-29,9949,0.002798,468.52,94.49,0.251691,0.144956
2017-11-28,9768.71,0.002547,477.53,91.38,0.237333,0.119263
2017-11-27,9401.11,0.002617,473.99,86.62,0.244708,0.135122
2017-11-26,8795.5,0.002779,466.77,89.13,0.252125,0.13726
2017-11-25,8215.01,0.00272,470.98,77.54,0.222823,0.133046
2017-11-24,8031.16,0.002663,406.61,73.3,0.232544,0.151622
2017-11-23,8250,0.002479,381.73,72.31,0.246101,0.123523
2017-11-22,8109,0.002463,361.51,70,0.253571,0.09761
2017-11-21,8256.01,0.002223,368.24,72.62,0.252558,0.089035
2017-11-20,8031.82,0.002149,354.59,71.7,0.255492,0.093816
2017-11-19,7777.01,0.002148,346.6,69.35,0.255699,0.089883
2017-11-18,7714.71,0.002079,332.31,67.5,0.250878,0.072871
2017-11-17,7838.53,0.00208,330.21,70.56,0.243064,0.064424
2017-11-16,7294,0.002363,331.81,63.3,0.299152,0.081415
2017-11-15,6605,0.001988,335.04,62.33,0.253927,0.059843
2017-11-14,6535.87,0.002026,315.56,61.24,0.248818,0.048896
2017-11-13,5886.35,0.002072,307.1,58.81,0.252393,0.043639
2017-11-12,6346.7,0.001908,315.69,62.49,0.244642,0.040193
2017-11-11,6577.63,0.001891,298.04,59.32,0.242402,0.040535
2017-11-10,7156,0.001823,320.72,64.4,0.238859,0.042299
2017-11-09,7467.96,0.001389,307.91,62.46,0.233271,0.037668
2017-11-08,7126.63,0.001394,292.42,60.61,0.238759,0.038121
2017-11-07,6969.76,0.001376,297.32,54.6,0.231016,0.036566
2017-11-06,7392,0.001373,296.57,54.67,0.228627,0.036583
2017-11-05,7412.55,0.001313,301.66,55.09,0.226581,0.035572
2017-11-04,7170.01,0.00139,306,56.19,0.227107,0.037234
2017-11-03,7039.99,0.001339,285.4,54.35,0.212956,0.037053
2017-11-02,6783.69,0.001184,290.82,53,0.209825,0.036374
2017-11-01,6445.01,0.001211,303.51,55.41,0.203442,0.030656
2017-10-31,6124.16,0.001038,306.87,56.4,0.197339,0.028182
2017-10-30,6140.01,0.001201,303.38,56.59,0.21043,0.033053
2017-10-29,5752.01,0.001163,295.11,54.52,0.206483,0.033073
2017-10-28,5780,0.001415,297.59,55.24,0.217488,0.039946
2017-10-27,5891.61,0.001222,295.98,55.56,0.217437,0.033763
2017-10-26,5739.97,0.001177,296.76,56.36,0.210354,0.030699
2017-10-25,5525.43,0.001154,296.99,55.61,0.20599,0.02888
2017-10-24,5905.99,0.001182,285.83,54.76,0.202055,0.026765
2017-10-23,6005.05,0.001189,295.14,56.75,0.20375,0.027294
2017-10-22,6024.86,0.001121,300,58.14,0.208133,0.027779
2017-10-21,5989.1,0.001151,303.15,60.12,0.205861,0.027607
2017-10-20,5704.01,0.001138,308.02,59.84,0.194124,0.027353
2017-10-19,5574.44,0.001124,313.59,60.67,0.200558,0.029182
2017-10-18,5594,0.001151,316.37,59.19,0.202711,0.031804
2017-10-17,5754.9,0.001173,334.36,64.72,0.202785,0.030331
2017-10-16,5693.7,0.001037,336.89,65.51,0.201835,0.031038
2017-10-15,5819.13,0.001052,338.37,63.94,0.202785,0.034236
2017-10-14,5624.8,0.001051,335.89,58.9,0.203628,0.034546
2017-10-13,5440,0.001056,302.12,59.58,0.204604,0.035004
2017-10-12,4814.99,0.001092,302,50.81,0.206644,0.036649
2017-10-11,4750,0.001016,297.99,50.4,0.196928,0.033832
2017-10-10,4769.55,0.001023,297,50.04,0.204177,0.031269
2017-10-09,4603.49,0.001007,309.2,53.27,0.211016,0.036429
2017-10-08,4425,0.00105,311.12,52.57,0.210549,0.026757
2017-10-07,4362.99,0.001064,307.73,52.12,0.21515,0.031195
2017-10-06,4320.04,0.001047,294.89,51.67,0.21852,0.035133
2017-10-05,4214.84,0.001067,292,51.16,0.232064,0.045842
2017-10-04,4307.99,0.001164,292.36,52.15,0.256232,0.036865
2017-10-03,4392.71,0.001106,296.72,53.37,0.263983,0.018925
2017-10-02,4394.81,0.00111,303.25,54.69,0.25732,0.017522
2017-10-01,4339,0.001066,301.57,55.26,0.260489,0.01796
2017-09-30,4156.99,0.001062,291.88,52.62,0.248414,0.017784
2017-09-29,4189.42,0.001046,302.33,54.87,0.264439,0.01945
2017-09-28,4200,0.001036,309.85,56.88,0.260733,0.018953
2017-09-27,3885.09,0.000991,288.77,52.34,0.251825,0.017601
2017-09-26,3919.78,0.001056,294.41,52.22,0.279944,0.018598
2017-09-25,3669.01,0.001066,283.21,47.7,0.23861,0.020959
2017-09-24,3787.33,0.001056,286.03,49.41,0.234039,0.018403
2017-09-23,3619.01,0.001001,263.88,47.81,0.237016,0.014576
2017-09-22,3617.47,0.001024,258.11,46.61,0.214774,0.011851
2017-09-21,3867.05,0.001108,283.55,51.57,0.203318,0.012404
2017-09-20,3910.11,0.001085,282.8,52.95,0.202676,0.012962
2017-09-19,4100,0.001084,298,56.3,0.206532,0.013688
2017-09-18,3719.97,0.001145,259.66,51.37,0.197529,0.013858
2017-09-17,3726.51,0.001082,255.84,52.47,0.193606,0.013204
2017-09-16,3740.02,0.00108,260.88,52.29,0.196131,0.013863
2017-09-15,3250.4,0.001173,223.85,45.42,0.203299,0.014378
2017-09-14,3855.32,0.001151,275.71,61.8,0.186119,0.012388
2017-09-13,4164.52,0.001141,294.5,66,0.181487,0.012073
2017-09-12,4210.72,0.000892,298.47,68.28,0.175787,0.011563
2017-09-11,4251.36,0.000954,300.33,67.44,0.177882,0.011896
2017-09-10,4334.36,0.000772,304.99,71.27,0.17351,0.010776
2017-09-09,4350,0.000755,307.96,73.7,0.171754,0.0106
2017-09-08,4624.18,0.000862,335.56,80.23,0.182078,0.012236
2017-09-07,4616.18,0.00089,339.38,81.47,0.184041,0.011795
2017-09-06,4432.51,0.000947,320.08,74.19,0.189768,0.013455
2017-09-05,4498.25,0.000853,316.86,71.25,0.178393,0.011211
2017-09-04,4626.05,0.000867,353.06,79.44,0.179082,0.011699
2017-09-03,4649.99,0.000865,354.87,79.84,0.181358,0.012097
2017-09-02,4947.99,0.000854,392.87,89.23,0.164167,0.011038
2017-09-01,4743.94,0.001398,389.2,73.23,0.200778,0.015328
2017-08-31,4581.98,0.00144,384.1,66.12,0.209303,0.016324
2017-08-30,4599,0.001463,372.48,63.75,0.214441,0.016993
2017-08-29,4384.99,0.001395,347.54,62.38,0.213031,0.016269
2017-08-28,4340.11,0.001568,348.2,61.56,0.209995,0.017095
2017-08-27,4344.32,0.001596,332.99,51.55,0.211518,0.017447
2017-08-26,4360,0.001928,330.14,51.11,0.22364,0.020096
2017-08-25,4312.03,0.002019,324.56,51.09,0.226186,0.020346
2017-08-24,4143.49,0.001908,317.5,53.31,0.215189,0.018567
2017-08-23,4092,0.001786,314.19,46.43,0.204968,0.017625
2017-08-22,4002,0.002153,322,47.99,0.228811,0.021296
2017-08-21,4050.99,0.002226,297.79,45.57,0.226669,0.020837
2017-08-20,4157.41,0.002543,293.58,45.18,0.248479,0.023954
2017-08-19,4101.72,0.002064,292.87,46.69,0.25563,0.022405
2017-08-18,4280.01,0.002105,300.67,43.88,0.228006,0.021224
2017-08-17,4370.01,0.001867,300.45,43.8,0.218564,0.020104
2017-08-16,4159.93,0.001825,286.71,43.1,0.224508,0.020525
2017-08-15,4320.6,0.00176,299.16,45.59,0.202995,0.019785
2017-08-14,4060.47,0.001778,296.66,45.22,0.212577,0.021208
2017-08-13,3874,0.00179,308.35,46.33,0.217828,0.020497
2017-08-12,3656.15,0.001816,309.65,47.08,0.218958,0.019024
2017-08-11,3444.98,0.001732,300.51,47.2,0.246827,0.020222
2017-08-10,3342.8,0.001716,295.26,47.69,0.239286,0.021624
2017-08-09,3422.43,0.001712,295.95,49.06,0.191918,0.019753
2017-08-08,3398.23,0.001707,269.9,45.99,0.158735,0.017631
2017-08-07,3222.22,0.001678,263.96,45.33,0.155057,0.016513
2017-08-06,3243.49,0.001678,251.85,45.85,0.158883,0.016842
2017-08-05,2857.34,0.00171,220.72,43.07,0.157498,0.017327
2017-08-04,2787.02,0.001774,224,42.49,0.160431,0.017702
2017-08-03,2699.9,0.001738,217.92,41.82,0.161221,0.017433
2017-08-02,2732.59,0.001762,225.73,43.18,0.169991,0.017622
2017-08-01,2856.88,0.001807,200.82,42.27,0.168092,0.01825
2017-07-31,2723.99,0.001856,196.95,40.82,0.173853,0.020218
2017-07-30,2700.21,0.00188,205.9,41.01,0.179307,0.02148
2017-07-29,2786.07,0.001896,190.72,40.35,0.180399,0.022007
2017-07-28,2664.99,0.001937,202.94,41.87,0.182947,0.022996
2017-07-27,2525.99,0.001961,203.23,41.99,0.192586,0.023737
2017-07-26,2564,0.001949,203.78,42.21,0.179021,0.022195
2017-07-25,2762.26,0.001909,225.96,45.01,0.180444,0.022701
2017-07-24,2754.28,0.002087,228.31,45.23,0.184737,0.023984
2017-07-23,2825.27,0.00182,230.69,46.7,0.173743,0.022241
2017-07-22,2657.45,0.001795,216.6,45.4,0.174612,0.01886
2017-07-21,2873.48,0.001788,226.06,44.72,0.173113,0.018413
2017-07-20,2258.99,0.001792,194.73,40.19,0.177053,0.017933
2017-07-19,2308.15,0.001718,227.01,43.5,0.167386,0.016095
2017-07-18,2235.19,0.001719,190.87,42.36,0.165082,0.015984
2017-07-17,1910.86,0.001768,155.68,40.69,0.169871,0.017447
2017-07-16,1964.31,0.001782,167.72,38.14,0.165937,0.016961
2017-07-15,2217.24,0.001856,197.23,42.78,0.173457,0.018322
2017-07-14,2340,0.00181,205,45.48,0.173822,0.018878
2017-07-13,2383.42,0.001773,224.04,47,0.178104,0.018551
2017-07-12,2310.01,0.00198,190.57,43.92,0.192002,0.022605
2017-07-11,2331.05,0.001972,202.86,44.74,0.195058,0.021769
2017-07-10,2508.99,0.002095,238.81,48.76,0.19332,0.022877
2017-07-09,2561.11,0.001936,246.64,51.27,0.182608,0.019201
2017-07-08,2501.15,0.001935,241.28,46.21,0.188295,0.018859
2017-07-07,2604.84,0.001689,266.01,51.2,0.168388,0.017256
2017-07-06,2616.96,0.001864,266.27,53.4,0.188718,0.018666
2017-07-05,2602,0.00152,269.2,54.89,0.177889,0.018614
2017-07-04,2542.41,0.001307,276.37,45.51,0.148056,0.015654
2017-07-03,2516.66,0.001484,285,41.59,0.170589,0.017618
2017-07-02,2423.63,0.001681,263.12,38.37,0.190769,0.016321
2017-07-01,2455.19,0.001823,280.04,39.49,0.200809,0.017351
2017-06-30,2530,0.001938,292.95,40.2,0.205354,0.017907
2017-06-29,2553.25,0.001779,315.32,42,0.185019,0.014518
2017-06-28,2575.75,0.001952,287.23,40.5,0.203165,0.015137
2017-06-27,2407.91,0.00233,252.01,38.15,0.233416,0.019499
2017-06-26,2505.61,0.00244,278.49,40.8,0.236134,0.021597
2017-06-25,2574.84,0.002397,304.5,43.05,0.23948,0.020415
2017-06-24,2690.76,0.002636,326.99,46.03,0.254641,0.025418
2017-06-23,2679.99,0.002714,320.02,45.98,0.256523,0.025441
2017-06-22,2643.35,0.002518,325.41,44,0.254709,0.02575
2017-06-21,2725.08,0.002533,350.94,45.63,0.259959,0.026266
2017-06-20,2596.98,0.002481,358.71,47.63,0.259449,0.025706
2017-06-19,2515.25,0.002645,351.85,43.66,0.254744,0.024466
2017-06-18,2634.94,0.002602,368.98,46.01,0.26293,0.026988
2017-06-17,2480.43,0.002656,354.26,33.89,0.265421,0.029039
2017-06-16,2409.98,0.002793,343.71,28.97,0.280455,0.031998
2017-06-15,2432.21,0.002623,341.7,28.81,0.276306,0.029113
2017-06-14,2709.01,0.00275,388,30.32,0.277288,0.030218
2017-06-13,2655.71,0.002961,397.37,29.06,0.298423,0.033373
2017-06-12,2998.98,0.003135,343.01,34.04,0.31111,0.03821
2017-06-11,2932.44,0.003143,340.2,30.13,0.319978,0.041397
2017-06-10,2811.39,0.003104,279.38,29.56,0.297848,0.03872
2017-06-09,2799.73,0.003125,258.64,30.08,0.296366,0.038124
2017-06-08,2685.64,0.003218,255.68,28.6,0.324427,0.039366
2017-06-07,2871.29,0.003141,264.58,30.1,0.296068,0.040252
2017-06-06,2698,0.00323,248,30.7,0.2846,0.038332
2017-06-05,2521.36,0.003322,245.5,27.79,0.268351,0.039251
2017-06-04,2548.05,0.003163,224.95,27.4,0.262068,0.037536
2017-06-03,2478.99,0.003043,222.04,27.9,0.259266,0.037439
2017-06-02,2419.99,0.003092,221.91,27.74,0.278447,0.039828
2017-06-01,2303.29,0.003313,229.14,25.88,0.266153,0.04186
2017-05-31,2191.58,0.003253,228.69,24.11,0.253964,0.039988
2017-05-30,2279.48,0.003601,194.82,25.77,0.272759,0.045915
2017-05-29,2232.78,0.003313,175.48,24.73,0.260874,0.042866
2017-05-28,2099.99,0.003453,159.91,23.5,0.286019,0.047356
2017-05-27,2272.7,0.003575,163.8,25.93,0.289678,0.05042
2017-05-26,2355,0.003302,181.51,29.64,0.279783,0.047098
2017-05-25,2432.97,0.003741,196.06,34.31,0.284548,0.045407
2017-05-24,2272.75,0.003873,169.95,31.06,0.294003,0.041507
2017-05-23,2123.29,0.003179,160.1,24.71,0.299413,0.039989
2017-05-22,2057,0.003251,148.78,25.92,0.29458,0.039294
2017-05-21,2058.91,0.003026,123.63,27.34,0.303448,0.040226
2017-05-20,1976.23,0.002867,125.14,27.55,0.333657,0.043069
2017-05-19,1899.16,0.002657,96.2,28.58,0.24659,0.034273
2017-05-18,1813.23,0.002623,86.88,25.3,0.205324,0.031009
2017-05-17,1777.48,0.002732,87.98,23.6,0.23207,0.037044
2017-05-16,1747.81,0.002579,91,25.61,0.229554,0.035364
2017-05-15,1799.99,0.002541,89.39,28.9,0.212549,0.033024
2017-05-14,1792.73,0.002424,88.42,29.09,0.271808,0.041065
2017-05-13,1695.61,0.002994,85.17,27.21,0.246065,0.040021
2017-05-12,1837.93,0.003659,88.3,30.69,0.29589,0.051364
2017-05-11,1794.99,0.003562,88.36,32.85,0.323368,0.0555
2017-05-10,1720.43,0.003405,86.58,33.2,0.317954,0.051003
2017-05-09,1713,0.003062,89.25,28.86,0.336201,0.060843
2017-05-08,1609.57,0.0019,93.82,30.62,0.351634,0.053888
2017-05-07,1585.39,0.001518,95.84,28.43,0.327801,0.049576
2017-05-06,1551.3,0.001508,91.93,26.33,0.364869,0.04627
2017-05-05,1563.39,0.001318,95.97,24.16,0.394132,0.048568
2017-05-04,1533,0.001059,81.29,22.01,0.349861,0.049368
2017-05-03,1471.99,0.001128,77.55,16.24,0.27072,0.043552
2017-05-02,1436.5,0.001274,79.35,16.47,0.220223,0.038648
2017-05-01,1384.55,0.001184,80.87,16.2,0.214878,0.037586
2017-04-30,1365.43,0.001183,70.4,16.34,0.206068,0.040706
2017-04-29,1353.34,0.001212,73.14,14.75,0.183135,0.036203
2017-04-28,1349.26,0.001239,63.67,14.98,0.186066,0.031376
2017-04-27,1298.44,0.001239,53.42,15.09,0.160074,0.027647
2017-04-26,1281.16,0.001521,50.31,15.53,0.198212,0.03988
2017-04-25,1257.29,0.001305,50.12,15.07,0.141763,0.043984
2017-04-24,1251.98,0.001169,48.96,15.38,0.101791,0.021343
2017-04-23,1247,0.00084,48.61,14.35,0.093551,0.010877
2017-04-22,1249.99,0.000744,48.37,12.12,0.078914,0.006628
2017-04-21,1236.15,0.000678,49.38,10.99,0.06049,0.005197
2017-04-20,1214.21,0.00061,47.78,10.21,0.053908,0.004834
2017-04-19,1201.94,0.000686,49.79,10.95,0.055115,0.005138
2017-04-18,1189.91,0.000746,47.94,11.15,0.051607,0.00484
2017-04-17,1177.99,0.000734,48.13,11.7,0.052868,0.004971
2017-04-16,1178.85,0.000678,48.94,11.69,0.044475,0.004551
2017-04-15,1173.74,0.000632,47.2,11.61,0.034816,0.00397
2017-04-14,1177.05,0.000544,49.77,11.05,0.032797,0.003835
2017-04-13,1214.17,0.000527,46.48,11.69,0.032346,0.003808
2017-04-12,1223.99,0.000515,43.83,9.71,0.031384,0.00384
2017-04-11,1210,0.000522,43.92,9.87,0.031278,0.003506
2017-04-10,1210.97,0.000464,43.92,9.26,0.03177,0.003506
2017-04-09,1184.5,0.000451,44.45,10.79,0.032779,0.003466
2017-04-08,1194,0.000443,42.32,9.89,0.029984,0.003368
2017-04-07,1192.3,0.000448,43.3,10.87,0.030173,0.003574
2017-04-06,1132.99,0.000459,44.78,13,0.033184,0.003706
2017-04-05,1143.99,0.000459,44.47,9.15,0.033655,0.003555
2017-04-04,1152.6,0.000454,44.25,8.61,0.033462,0.003737
2017-04-03,1113.99,0.000418,48.74,8.34,0.033955,0.003385
2017-04-02,1092,0.000426,50.71,7.61,0.033779,0.003128
2017-04-01,1088.99,0.000425,50.18,7.25,0.034383,0.00306
2017-03-31,1042.08,0.000414,51.87,7.89,0.034336,0.003036
2017-03-30,1043.27,0.00039,53.1,4.3,0.032952,0.002782
2017-03-29,1045.4,0.0004,50.3,4.2,0.033598,0.002788
2017-03-28,1042.08,0.000381,48.97,4.08,0.03402,0.002745
2017-03-27,973.08,0.000432,50.73,4.1,0.035849,0.00292
2017-03-26,963.72,0.000398,50.5,4.09,0.03632,0.002767
2017-03-25,934.87,0.00045,52.93,4.11,0.032665,0.002824
2017-03-24,1025.14,0.000442,42.99,3.96,0.035544,0.003131
2017-03-23,1034.57,0.000432,41.37,3.94,0.037455,0.003046
2017-03-22,1114.42,0.000427,42.36,4.04,0.033023,0.003124
2017-03-21,1044.96,0.000489,42.31,4.18,0.061159,0.004183
2017-03-20,1019.49,0.000335,43.21,3.93,0.021892,0.002631
2017-03-19,970,0.000328,34.03,4.02,0.020889,0.002356
2017-03-18,1069.57,0.000304,44.62,4.12,0.013276,0.002302
2017-03-17,1175.11,0.000272,45.96,4.31,0.010101,0.001973
2017-03-16,1263,0.000273,35.65,4.33,0.009514,0.002043
2017-03-15,1247.42,0.000254,28.69,4.19,0.009597,0.001892
2017-03-14,1245.5,0.000272,28.63,4.4,0.009545,0.002018
2017-03-13,1235.58,0.000298,23.39,3.94,0.009116,0.002016
2017-03-12,1188.11,0.000264,21.64,3.82,0.010518,0.002108
2017-03-11,1109.01,0.000242,19.2,3.8,0.010582,0.002251
2017-03-10,1197.3,0.000243,17.82,3.92,0.007301,0.001983
2017-03-09,1150.22,0.000246,16.68,3.86,0.006909,0.002187
2017-03-08,1237.36,0.000236,18.96,3.99,0.006975,0.001995
2017-03-07,1284.99,0.000235,19.68,4.1,0.006912,0.001916
2017-03-06,1278.98,0.000219,19.37,4.02,0.00671,0.001877
2017-03-05,1273.97,0.000223,18.65,4.04,0.006116,0.001957
2017-03-04,1292.86,0.000235,19.68,4.07,0.006394,0.00197
2017-03-03,1269.17,0.000243,19.27,4.04,0.006314,0.001953
2017-03-02,1230,0.000238,17.37,3.86,0.006381,0.001918
2017-03-01,1195.08,0.000247,16.4,3.85,0.006385,0.001965
2017-02-28,1195.81,0.000229,15.66,3.87,0.006255,0.001847
2017-02-27,1184.91,0.000211,14.74,3.89,0.006238,0.001788
2017-02-26,1158,0.000204,13.65,3.9,0.006227,0.001733
2017-02-25,1186.91,0.000211,13.2,3.95,0.006498,0.00179
2017-02-24,1186.9,0.000208,13.21,3.9,0.006509,0.001835
2017-02-23,1128.71,0.000209,12.75,3.89,0.006534,0.002011
2017-02-22,1128.29,0.00021,12.83,3.85,0.006057,0.001876
2017-02-21,1089.86,0.000206,12.61,3.81,0.006129,0.001738
2017-02-20,1059.88,0.000205,12.9,3.81,0.006299,0.001753
2017-02-19,1062.15,0.000211,12.89,3.84,0.006339,0.001763
2017-02-18,1057.3,0.000205,12.75,3.91,0.005991,0.001787
2017-02-17,1038.94,0.000203,12.89,3.86,0.005408,0.001724
2017-02-16,1014.53,0.000205,12.98,3.89,0.005536,0.001843
2017-02-15,1012.23,0.000208,13.02,3.82,0.005609,0.001774
2017-02-14,1002.56,0.000203,11.44,3.78,0.005671,0.001875
2017-02-13,1010,0.0002,11.48,3.8,0.005665,0.001881
2017-02-12,1018.43,0.000208,11.49,3.84,0.005701,0.001885
2017-02-11,1003.97,0.000208,11.38,3.83,0.005895,0.001927
2017-02-10,985,0.000202,10.99,3.76,0.00586,0.002008
2017-02-09,1059.14,0.000208,11.45,3.96,0.005832,0.001997
2017-02-08,1053.97,0.000207,11.49,3.98,0.005873,0.002052
2017-02-07,1024.39,0.000208,11.34,3.97,0.005878,0.002014
2017-02-06,1019.31,0.000197,11.29,3.97,0.005569,0.002021
2017-02-05,1035.84,0.000209,11.42,4.02,0.005935,0.002093
2017-02-04,1016.77,0.000207,10.95,4.06,0.006027,0.002139
2017-02-03,1007.66,0.000209,10.82,4.09,0.006147,0.002224
2017-02-02,989.71,0.000209,10.73,4.08,0.006278,0.00209
2017-02-01,970.92,0.000208,10.74,4.07,0.006251,0.002067
2017-01-31,923.45,0.000208,10.59,4.03,0.006269,0.00209
2017-01-30,917.31,0.00021,10.5,3.88,0.006333,0.002111
2017-01-29,924.7,0.000208,10.57,3.87,0.006289,0.002141
2017-01-28,923.4,0.000204,10.51,3.9,0.006374,0.002155
2017-01-27,917.93,0.000211,10.66,3.86,0.006438,0.002235
2017-01-26,896.81,0.000208,10.52,3.69,0.006407,0.002319
2017-01-25,894.86,0.000214,10.51,3.76,0.00645,0.002369
2017-01-24,924.24,0.000211,10.79,3.85,0.006442,0.002344
2017-01-23,924.98,0.000211,10.78,3.86,0.006492,0.002391
2017-01-22,925.36,0.000213,10.99,3.92,0.006474,0.002399
2017-01-21,894.05,0.000211,10.65,3.88,0.006469,0.00242
2017-01-20,901,0.000209,10.47,3.88,0.00654,0.002357
2017-01-19,880,0.000206,10.23,3.89,0.006314,0.002371
2017-01-18,907.58,0.000208,10.2,3.93,0.006381,0.002458
2017-01-17,831.89,0.000204,9.62,3.88,0.006402,0.002225
2017-01-16,830,0.000209,9.95,3.96,0.006342,0.002192
2017-01-15,829.62,0.000204,9.85,4,0.006415,0.002196
2017-01-14,830.79,0.000208,9.79,3.97,0.00669,0.002197
2017-01-13,822.64,0.000204,9.89,4,0.006513,0.002157
2017-01-12,801.5,0.000202,9.9,4.02,0.00654,0.002234
2017-01-11,907.53,0.000208,10.66,4.67,0.006697,0.002332
2017-01-10,905.41,0.000207,10.37,4.39,0.006713,0.002336
2017-01-09,916.6,0.000208,10.44,4.03,0.006706,0.002301
2017-01-08,903.7,0.000209,9.96,3.98,0.006675,0.002357
2017-01-07,894.93,0.000211,10.13,3.88,0.007034,0.002349
2017-01-06,995.05,0.000208,10.28,4.23,0.006709,0.002481
2017-01-05,1133,0.000215,10.98,4.55,0.0068,0.002545
2017-01-04,1035.19,0.000207,9.69,4.55,0.006788,0.00238
2017-01-03,1019.01,0.000206,8.36,4.56,0.006726,0.002441
2017-01-02,996.82,0.000209,8.18,4.51,0.006863,0.002472
2017-01-01,970.47,0.000209,8.13,4.36,0.006596,0.002398
2016-12-31,962.63,0.000208,8.22,4.35,0.006423,0.002475
2016-12-30,976.75,0.000205,8.29,4.69,0.006411,0.002089
2016-12-29,981.92,0.000226,7.62,4.53,0.006698,0.002355
2016-12-28,921.59,0.000229,7.16,4.33,0.006167,0.002347
2016-12-27,901.98,0.000221,7.23,4.23,0.006233,0.002355
2016-12-26,896.73,0.000221,7.22,4.3,0.006366,0.002396
2016-12-25,887,0.00022,7.24,4.47,0.006315,0.002494
2016-12-24,915.5,0.000229,7.18,4.49,0.006201,0.002598
2016-12-23,858.01,0.000236,7.65,3.69,0.00657,0.002735
2016-12-22,828.58,0.000227,7.88,3.66,0.006386,0.002554
2016-12-21,797.99,0.000226,7.58,3.62,0.006311,0.002477
2016-12-20,789.91,0.000228,7.62,3.66,0.006368,0.002481
2016-12-19,790,0.000223,7.94,3.62,0.006449,0.002469
2016-12-18,790.07,0.000228,7.68,3.72,0.006426,0.002544
2016-12-17,785,0.000228,7.89,3.64,0.006341,0.002559
2016-12-16,775,0.000223,7.77,3.5,0.006173,0.002509
2016-12-15,777.72,0.000227,8.26,3.6,0.006199,0.002543
2016-12-14,779.79,0.000233,8.4,3.65,0.006326,0.002657
2016-12-13,778.71,0.00023,8.49,3.64,0.006444,0.002578
2016-12-12,770.9,0.000234,8.25,3.64,0.006349,0.002691
2016-12-11,775.98,0.000236,8.12,3.7,0.006286,0.002646
2016-12-10,771.77,0.000225,8.55,3.74,0.006363,0.002751
2016-12-09,768.35,0.000227,8.27,3.65,0.006445,0.00281
2016-12-08,766.07,0.000219,8.37,3.67,0.0065,0.002836
2016-12-07,755.73,0.000218,6.81,3.5,0.006545,0.002868
2016-12-06,753.36,0.000218,6.69,3.58,0.006574,0.0029
2016-12-05,766.96,0.000219,7.54,3.89,0.006541,0.002772
2016-12-04,766.52,0.000217,7.9,3.9,0.00671,0.003123
2016-12-03,771.54,0.000215,7.68,3.94,0.006662,0.002802
2016-12-02,753.57,0.000217,8.46,3.88,0.006705,0.00215
2016-12-01,742.6,0.000216,8.63,3.84,0.006708,0.002158
2016-11-30,731.8,0.000222,8.19,3.83,0.006778,0.002272
2016-11-29,730.27,0.000223,8.66,3.84,0.006744,0.002353
2016-11-28,729.01,0.000215,8.9,3.87,0.006816,0.002233
2016-11-27,735.83,0.000212,9.34,3.86,0.007135,0.002545
2016-11-26,739,0.000215,9.4,3.87,0.007097,0.002421
2016-11-25,737.99,0.000214,9.21,3.9,0.006851,0.002767
2016-11-24,741.76,0.000212,9.8,3.86,0.006655,0.002666
2016-11-23,747,0.000215,9.83,3.9,0.006434,0.001542
2016-11-22,735.81,0.000217,9.53,3.93,0.006527,0.001532
2016-11-21,731,0.000217,9.6,3.89,0.006588,0.001592
2016-11-20,750.38,0.000216,9.71,3.92,0.00666,0.001529
2016-11-19,747.8,0.000214,9.53,3.87,0.006702,0.001619
2016-11-18,736.57,0.000214,9.98,3.9,0.006723,0.001629
2016-11-17,737.55,0.000217,10.02,3.92,0.00678,0.001667
2016-11-16,712.41,0.000218,10.28,3.92,0.007008,0.001655
2016-11-15,705.52,0.000217,10.03,3.87,0.007074,0.001665
2016-11-14,703.98,0.000219,10.14,3.86,0.00739,0.001649
2016-11-13,704.67,0.00022,9.96,3.75,0.006902,0.001722
2016-11-12,714.77,0.000218,10.31,3.8,0.00695,0.001691
2016-11-11,712.28,0.000219,10.52,3.8,0.007061,0.001733
2016-11-10,721,0.000224,10.66,3.98,0.007434,0.001735
2016-11-09,712.57,0.000222,10.86,3.91,0.007566,0.001755
2016-11-08,706.82,0.000219,10.94,3.88,0.007651,0.00176
2016-11-07,716.83,0.00022,11.02,3.91,0.007799,0.001796
2016-11-06,706.9,0.000218,11.16,3.87,0.007778,0.001807
2016-11-05,705.7,0.000224,11.15,3.88,0.007727,0.00182
2016-11-04,688.93,0.000221,10.88,3.9,0.007842,0.001772
2016-11-03,735.5,0.000222,10.83,4.07,0.007881,0.001853
2016-11-02,731.16,0.000223,10.79,4.02,0.008098,0.00188
2016-11-01,699.68,0.000225,10.95,3.98,0.008257,0.001896
2016-10-31,697.65,0.00022,11.22,3.93,0.008044,0.001899
2016-10-30,717.9,0.000227,10.43,4.06,0.008065,0.001913
2016-10-29,689.65,0.000228,11.1,3.9,0.008136,0.001948
2016-10-28,685.57,0.000229,11.43,3.99,0.008079,0.001968
2016-10-27,674,0.000229,11.5,3.89,0.008206,0.001986
2016-10-26,649.07,0.000239,11.32,3.85,0.008108,0.002013
2016-10-25,649.75,0.000221,11.9,3.87,0.008193,0.001959
2016-10-24,650.54,0.000222,11.92,3.88,0.00823,0.002021
2016-10-23,655,0.000219,12.04,3.84,0.008157,0.001999
2016-10-22,629.76,0.000217,12.05,3.79,0.008021,0.001994
2016-10-21,627.83,0.00022,12.03,3.8,0.008222,0.002023
2016-10-20,629.68,0.000221,11.97,3.79,0.008102,0.001976
2016-10-19,634.97,0.00022,12.53,3.91,0.008196,0.002088
2016-10-18,638.96,0.000223,11.97,3.82,0.008014,0.002127
2016-10-17,642.53,0.000223,11.94,3.88,0.007732,0.001957
2016-10-16,637.51,0.000216,11.95,3.92,0.008143,0.002095
2016-10-15,638,0.000217,11.9,3.82,0.008481,0.002176
2016-10-14,635.86,0.000216,12.05,3.83,0.008835,0.002338
2016-10-13,636.92,0.000219,11.77,3.8,0.008891,0.002357
2016-10-12,643.83,0.000219,11.76,3.83,0.009065,0.002471
2016-10-11,618.31,0.000221,11.78,3.79,0.009454,0.002438
2016-10-10,617.58,0.000223,12.05,3.8,0.008972,0.002407
2016-10-09,619.59,0.000218,12.28,3.86,0.009029,0.002476
2016-10-08,617.32,0.000221,12.69,3.82,0.009092,0.00267
2016-10-07,611.83,0.000219,12.87,3.82,0.008627,0.002339
2016-10-06,613.35,0.000221,13.1,3.88,0.00835,0.002388
2016-10-05,609.25,0.000221,13.34,3.85,0.00803,0.002291
2016-10-04,612.95,0.000223,13.52,3.83,0.008078,0.002418
2016-10-03,612.41,0.000224,13.28,3.83,0.008146,0.002439
2016-10-02,616,0.000227,13.24,3.85,0.008767,0.002479
2016-10-01,607.65,0.000227,13.24,3.81,0.007982,0.002539
2016-09-30,605.07,0.000225,13.18,3.86,0.007949,0.002637
2016-09-29,604.98,0.00023,13.31,3.81,0.008234,0.002679
2016-09-28,605.3,0.000228,13.11,3.83,0.007978,0.002466
2016-09-27,606.82,0.000228,12.88,3.92,0.007543,0.002376
2016-09-26,601.35,0.000225,13.07,3.8,0.00731,0.002317
2016-09-25,603.69,0.000228,12.94,3.87,0.007377,0.002374
2016-09-24,602.68,0.000223,13.36,3.83,0.007382,0.002306
2016-09-23,595.25,0.000233,13.1,3.79,0.007435,0.002485
2016-09-22,596.95,0.000229,13.71,3.82,0.007853,0.00259
2016-09-21,608.98,0.000234,15.09,4,0.008089,0.00271
2016-09-20,608.94,0.00023,12.92,3.86,0.008165,0.002867
2016-09-19,610.99,0.000233,12.58,3.87,0.008205,0.002763
2016-09-18,607.83,0.000235,12.88,3.82,0.00883,0.002847
2016-09-17,607.75,0.000231,12.6,3.81,0.008914,0.003066
2016-09-16,607.01,0.000229,11.96,3.81,0.009048,0.003149
2016-09-15,608.95,0.000228,11.93,3.85,0.008229,0.002549
2016-09-14,608.24,0.000229,11.92,3.81,0.007963,0.002385
2016-09-13,607.48,0.000225,11.87,3.88,0.007855,0.002454
2016-09-12,607.25,0.000226,11.64,3.9,0.007362,0.002219
2016-09-11,625.1,0.000224,12.07,3.96,0.007211,0.002083
2016-09-10,622.6,0.000228,11.61,3.96,0.006843,0.002138
2016-09-09,628.77,0.000231,11.42,4.01,0.006829,0.002085
2016-09-08,614.59,0.000232,11.6,3.96,0.006785,0.002052
2016-09-07,612.37,0.000236,11.73,3.95,0.006858,0.002127
2016-09-06,606.19,0.00024,11.77,3.96,0.006853,0.00209
2016-09-05,611.82,0.000236,11.76,4.02,0.007018,0.002162
2016-09-04,600.58,0.00025,11.83,3.88,0.007446,0.002082
2016-09-03,575.38,0.000233,12.11,3.84,0.008303,0.002319
2016-09-02,571.96,0.000226,12.24,3.66,0.005961,0.001963
2016-09-01,571.59,0.000225,11.52,3.74,0.005886,0.001951
2016-08-31,574.79,0.000226,11.2,3.81,0.005897,0.00194
2016-08-30,573,0.000226,10.95,3.77,0.005842,0.001966
2016-08-29,574.83,0.000227,10.98,3.72,0.00587,0.002032
2016-08-28,570.42,0.00023,11.21,3.78,0.005869,0.00202
2016-08-27,578.89,0.000228,11.29,3.81,0.005902,0.001931
2016-08-26,576.16,0.000242,11.34,3.81,0.005892,0.001925
2016-08-25,578.92,0.000241,11,3.84,0.005912,0.001925
2016-08-24,582.58,0.000236,10.98,3.95,0.005932,0.001912
2016-08-23,585.12,0.000235,11.08,,0.005954,0.001934
2016-08-22,580.65,0.000236,11.17,,0.005964,0.001902
2016-08-21,583.21,0.000235,11.31,,0.00597,0.001885
2016-08-20,574.49,0.000232,10.73,,0.005984,0.001887
2016-08-19,573.99,0.000235,10.77,,0.006012,0.001906
2016-08-18,573.83,0.000233,10.79,,0.006026,0.00185
2016-08-17,581.97,0.000225,11.18,,0.006131,0.00183
2016-08-16,568.09,0.000229,11.22,,0.005963,0.001808
2016-08-15,572.43,0.000224,11.29,,0.005975,0.001862
2016-08-14,586,0.000231,11.59,,0.00603,0.001888
2016-08-13,587.82,0.000229,11.82,,0.006079,0.001874
2016-08-12,589.22,0.000231,11.73,,0.006052,0.001888
2016-08-11,593.24,0.000227,12.25,,0.006019,0.001878
2016-08-10,588.13,0.000229,12.31,,0.006,0.001919
2016-08-09,591.91,0.000232,11.34,,0.006052,0.001908
2016-08-08,593.9,0.000238,11.05,,0.006114,0.00193
2016-08-07,590.98,0.000233,10.99,,0.006119,0.001963
2016-08-06,582.98,0.000247,11.18,,0.006122,0.001976
2016-08-05,585,0.000247,11.31,,0.006109,0.001993
2016-08-04,576,0.000258,10.7,,0.00614,0.002016
2016-08-03,515.38,0.000238,8.46,,0.006045,0.002019
2016-08-02,603.97,0.000245,11.02,,0.005994,0.002005
2016-08-01,623.14,0.000239,11.89,,0.006092,0.002038
2016-07-31,656.32,0.000239,12.6,,0.006123,0.001831
2016-07-30,657.27,0.000235,12.9,,0.006189,0.001889
2016-07-29,656.67,0.000239,12.95,,0.006194,0.001892
2016-07-28,657.04,0.000237,13.14,,0.006163,0.001871
2016-07-27,657.73,0.000237,12.1,,0.006027,0.001848
2016-07-26,657.39,0.000264,14,,0.006178,0.001888
2016-07-25,660.27,0.000231,12.66,,0.006337,0.001956
2016-07-24,658.19,0.000218,14.5,,0.006447,0.0019
2016-07-23,653.69,0.000215,14.99,,0.005816,0.001879
2016-07-22,667.73,0.000214,12.84,,0.005646,0.001804
2016-07-21,667.94,0.000206,12.58,,0.00569,0.001736
2016-07-20,673.89,0.000223,11.69,,0.005906,0.001874
2016-07-19,675.4,0.00023,11.15,,0.005945,0.001916
2016-07-18,679.08,0.000239,11.31,,0.006121,0.00194
2016-07-17,666.45,0.000238,11.91,,0.006111,0.002013
2016-07-16,668.28,0.000238,12,,0.005974,0.001948
2016-07-15,661.41,0.000237,11.68,,0.005969,0.001931
2016-07-14,662.57,0.00024,10.5,,0.005998,0.001939
2016-07-13,674.02,0.000245,10.52,,0.006246,0.002143
2016-07-12,651.7,0.000249,10.68,,0.006286,0.002253
2016-07-11,652.54,0.000251,11.02,,0.006317,0.002084
2016-07-10,658.78,0.000237,11,,0.006303,0.001824
2016-07-09,666.5,0.000237,11.22,,0.006416,0.001839
2016-07-08,640.3,0.000244,10.08,,0.006395,0.001862
2016-07-07,678,0.000245,10.59,,0.006405,0.0019
2016-07-06,668.45,0.000252,10.5,,0.006482,0.001982
2016-07-05,679,0.000263,11.43,,0.006538,0.001925
2016-07-04,669,0.000262,11.99,,0.006572,0.001926
2016-07-03,701.23,0.000264,12.16,,0.006442,0.001977
2016-07-02,680.61,0.000262,12.3,,0.006385,0.002039
2016-07-01,672.45,0.000263,12.49,,0.006411,0.002164
2016-06-30,639.22,0.000265,12.81,,0.00635,0.001991
2016-06-29,647.63,0.000267,12.17,,0.006534,0.001809
2016-06-28,650.31,0.000272,14.07,,0.006674,0.001852
2016-06-27,639.13,0.00027,14.04,,0.006679,0.001763
2016-06-26,677.72,0.000277,14.39,,0.006715,0.00187
2016-06-25,668.6,0.000275,14.52,,0.006598,0.00174
2016-06-24,630.87,0.000284,13.87,,0.006691,0.001846
2016-06-23,594.68,0.000287,13.35,,0.006699,0.001869
2016-06-22,669.99,0.000289,12.8,,0.007028,0.001935
2016-06-21,730.42,0.000282,11.8,,0.006607,0.001928
2016-06-20,767.98,0.000306,12.36,,0.006699,0.00204
2016-06-19,760.08,0.000302,11.55,,0.006787,0.002035
2016-06-18,753,0.000304,15.75,,0.006657,0.002143
2016-06-17,770.21,0.000296,21.09,,0.006777,0.00204
2016-06-16,694.83,0.000301,18.58,,0.006773,0.002333
2016-06-15,684.9,0.000288,18.7,,0.006398,0.002657
2016-06-14,706,0.000285,17.9,,0.0064,0.002026
2016-06-13,674.26,0.000284,15.9,,0.006414,0.001788
2016-06-12,595.82,0.000281,14.1,,0.006434,0.001786
2016-06-11,579.5,0.00028,14.11,,0.006381,0.001666
2016-06-10,578.56,0.000266,14.71,,0.006495,0.00162
2016-06-09,583.23,0.000307,14.61,,0.006172,0.001711
2016-06-08,579.33,0.000323,14.65,,0.006626,0.001774
2016-06-07,585.99,0.000338,14.22,,0.006813,0.001831
2016-06-06,574.86,0.000324,14.04,,0.006604,0.001758
2016-06-05,575.56,0.000321,13.81,,0.006693,0.001697
2016-06-04,570,0.000335,13.88,,0.006676,0.001722
2016-06-03,538.53,0.000313,14.02,,0.006887,0.001668
2016-06-02,536.99,0.00032,13.93,,0.007105,0.001754
2016-06-01,531.47,0.000298,14,,0.005824,0.001561
2016-05-31,533,0.00027,12.41,,0.005852,0.00162
2016-05-30,524.7,0.000253,12.34,,0.005766,0.001576
2016-05-29,528.04,0.00026,11.93,,0.005736,0.001573
2016-05-28,470.94,0.000265,11.25,,0.005788,0.001587
2016-05-27,454.68,0.000246,,,0.00577,0.001497
2016-05-26,451.78,0.00024,,,0.00578,0.001488
2016-05-25,446.5,0.000236,,,0.005769,0.001496
2016-05-24,444.88,0.000237,,,0.005796,0.001498
2016-05-23,442.54,0.000237,,,0.00578,0.001527
2016-05-22,446.14,0.000238,,,0.005827,0.00153
2016-05-21,444.27,0.00023,,,0.005766,0.001512
2016-05-20,442.41,0.000234,,,0.005809,0.001525
2016-05-19,455.19,0.000231,,,0.005706,0.001543
2016-05-18,453.62,0.000238,,,0.005748,0.00151
2016-05-17,456.78,0.000238,,,0.005662,0.001497
2016-05-16,462.26,0.000237,,,0.005682,0.001476
2016-05-15,458.99,0.00023,,,0.005679,0.001444
2016-05-14,457.49,0.000228,,,0.005669,0.001489
2016-05-13,455.83,0.000224,,,0.005756,0.00155
2016-05-12,454.46,0.000224,,,0.005962,0.001608
2016-05-11,452.92,0.000225,,,0.005909,0.001599
2016-05-10,464.24,0.000224,,,0.005936,0.001626
2016-05-09,461.91,0.000226,,,0.00599,0.001634
2016-05-08,462.2,0.000228,,,0.006084,0.001649
2016-05-07,462.87,0.000225,,,0.006032,0.001661
2016-05-06,450.39,0.000228,,,0.006028,0.001711
2016-05-05,449.06,0.000226,,,0.006023,0.001692
2016-05-04,452.68,0.000229,,,0.006022,0.001724
2016-05-03,445.61,0.000231,,,0.006061,0.001762
2016-05-02,456.51,0.000231,,,0.006073,0.001781
2016-05-01,453.48,0.000236,,,0.006109,0.00177
2016-04-30,457.74,0.000235,,,0.006167,0.0018
2016-04-29,451.3,0.000224,,,0.006189,0.001797
2016-04-28,446.85,0.00022,,,0.006272,0.001774
2016-04-27,470.37,0.000224,,,0.006399,0.001802
2016-04-26,467.41,0.000222,,,0.006404,0.001796
2016-04-25,463.85,0.000223,,,0.00649,0.001814
2016-04-24,453.94,0.000225,,,0.006399,0.001829
2016-04-23,448.29,0.000221,,,0.006193,0.00184
2016-04-22,452.65,0.000225,,,0.006323,0.001865
2016-04-21,442.85,0.000228,,,0.00656,0.001862
2016-04-20,436.87,0.000229,,,0.006714,0.001868
2016-04-19,429.57,0.000226,,,0.006791,0.001883
2016-04-18,434.72,0.000226,,,0.006812,0.001852
2016-04-17,434.72,0.000226,,,0.006759,0.001849
2016-04-16,430.92,0.000228,,,0.006686,0.001904
2016-04-15,426.1,0.000224,,,0.006725,0.001832
2016-04-14,425.53,0.00023,,,0.007095,0.001819
2016-04-13,428.27,0.000227,,,0.007283,0.001876
2016-04-12,423.28,0.000227,,,0.007251,0.001912
2016-04-11,423.48,0.000224,,,0.007346,0.001926
2016-04-10,419.49,0.000224,,,0.007284,0.001917
2016-04-09,418.97,0.000226,,,0.007433,0.001874
2016-04-08,421.58,0.000226,,,0.007244,0.001928
2016-04-07,421.57,0.000222,,,0.007118,0.001929
2016-04-06,422.18,0.000225,,,0.006987,0.001903
2016-04-05,419.31,0.000226,,,0.006499,0.001899
2016-04-04,420.07,0.00023,,,0.00651,0.001922
2016-04-03,419.9,0.000233,,,0.006424,0.001879
2016-04-02,417.33,0.00023,,,0.006289,0.001877
2016-04-01,416.44,0.000234,,,0.005695,0.001863
2016-03-31,412.5,0.000229,,,0.005885,0.001871
2016-03-30,416.5,0.000214,,,0.006048,0.001903
2016-03-29,422.42,0.000204,,,0.005937,0.001882
2016-03-28,425.03,0.000208,,,0.006288,0.002017
2016-03-27,416.7,0.000211,,,0.006671,0.002184
2016-03-26,416.57,0.000212,,,0.006875,0.002155
2016-03-25,413.76,0.000216,,,0.007296,0.002163
2016-03-24,417.3,0.000214,,,0.007474,0.00216
2016-03-23,416.42,0.00022,,,0.007491,0.002294
2016-03-22,411.38,0.000221,,,0.007503,0.00221
2016-03-21,413.58,0.000226,,,0.007501,0.002089
2016-03-20,410.55,0.000224,,,0.007418,0.002047
2016-03-19,409.96,0.000233,,,0.007391,0.002027
2016-03-18,418.5,0.000234,,,0.007332,0.002039
2016-03-17,415.93,0.000254,,,0.007566,0.002087
2016-03-16,414.65,0.000215,,,0.007564,0.002113
2016-03-15,414.01,0.000216,,,0.008029,0.002027
2016-03-14,413.15,0.000213,,,0.008066,0.002059
2016-03-13,410.33,0.000214,,,0.008191,0.002076
2016-03-12,418.81,0.000213,,,0.00823,0.00208
2016-03-11,416.24,0.000212,,,0.008332,0.002174
2016-03-10,412.83,0.000217,,,0.00811,0.002079
2016-03-09,411.23,0.000212,,,0.008047,0.002074
2016-03-08,415.43,0.000214,,,0.00796,0.002088
2016-03-07,403.48,0.00022,,,0.008016,0.002015
2016-03-06,396.79,0.000209,,,0.008119,0.00198
2016-03-05,408.93,0.000223,,,0.008287,0.002147
2016-03-04,418.82,0.000231,,,0.008178,0.002136
2016-03-03,423.69,0.000231,,,0.008186,0.002193
2016-03-02,432.4,0.000238,,,0.008479,0.002138
2016-03-01,436.45,0.000245,,,0.008635,0.002177
2016-02-29,433.69,0.000237,,,0.0087,0.00227
2016-02-28,432.51,0.000241,,,0.008803,0.002567
2016-02-27,427.5,0.000241,,,0.00819,0.002368
2016-02-26,423.75,0.00023,,,0.008056,0.002229
2016-02-25,422.79,0.00022,,,0.007949,0.002216
2016-02-24,420.03,0.000233,,,0.007918,0.002392
2016-02-23,436.9,0.000221,,,0.00786,0.001938
2016-02-22,438.15,0.000224,,,0.007878,0.001824
2016-02-21,441.89,0.000238,,,0.008096,0.001914
2016-02-20,419.06,0.000245,,,0.008162,0.00189
2016-02-19,421.32,0.000244,,,0.00803,0.001884
2016-02-18,416.26,0.000249,,,0.008006,0.001909
2016-02-17,406.89,0.00025,,,0.007923,0.001949
2016-02-16,399.11,0.000254,,,0.007889,0.001981
2016-02-15,404.53,0.000255,,,0.007972,0.002003
2016-02-14,388.37,0.000259,,,0.008058,0.001943
2016-02-13,381.97,0.000269,,,0.008027,0.001975
2016-02-12,376.89,0.000278,,,0.008076,0.001959
2016-02-11,378.56,0.00028,,,0.00797,0.001903
2016-02-10,372.9,0.000283,,,0.00805,0.001976
2016-02-09,370.68,0.000285,,,0.0081,0.002157
2016-02-08,377.77,0.000291,,,0.008253,0.002101
2016-02-07,374.92,0.000297,,,0.008245,0.00211
2016-02-06,384.46,0.000278,,,0.007995,0.002122
2016-02-05,390.08,0.000278,,,0.008138,0.002158
2016-02-04,367,0.000292,,,0.008451,0.002649
2016-02-03,372.85,0.000298,,,0.008631,0.002203
2016-02-02,370.62,0.000301,,,0.00859,0.00219
2016-02-01,369.82,0.000295,,,0.008257,0.002203
2016-01-31,379.23,0.000301,,,0.007979,0.002344
2016-01-30,379.39,0.00029,,,0.007815,0.001878
2016-01-29,379.96,0.000298,,,0.007853,0.001849
2016-01-28,394.93,0.000292,,,0.007815,0.001826
2016-01-27,389.21,0.000287,,,0.007991,0.001841
2016-01-26,392.91,0.000285,,,0.008338,0.001852
2016-01-25,403.45,0.000306,,,0.007922,0.001864
2016-01-24,389.52,0.000305,,,0.007262,0.001834
2016-01-23,383.01,0.000287,,,0.00697,0.001803
2016-01-22,408.97,0.000265,,,0.006883,0.001807
2016-01-21,413.88,0.000262,,,0.006768,0.001796
2016-01-20,375.96,0.00027,,,0.006542,0.001792
2016-01-19,383.14,0.000277,,,0.006399,0.001776
2016-01-18,381.01,0.000258,,,0.006634,0.001735
2016-01-17,386.57,0.000316,,,0.00684,0.001888
2016-01-16,373.43,0.000344,,,0.006226,0.001908
2016-01-15,429.69,0.000455,,,0.006506,0.002235
2016-01-14,432.68,0.000356,,,0.005419,0.001901
2016-01-13,446.57,0.000212,,,0.005135,0.001709
2016-01-12,449.33,0.000193,,,0.005219,0.001723
2016-01-11,449.14,0.000172,,,0.00512,0.001696
2016-01-10,451.07,0.000168,,,0.005114,0.001704
2016-01-09,454.06,0.000163,,,0.005313,0.001738
2016-01-08,458.49,0.000168,,,0.005381,0.001821
2016-01-07,432.44,0.000148,,,0.005271,0.001826
2016-01-06,432.67,0.000151,,,0.005326,0.001711
2016-01-05,433.42,0.000152,,,0.005266,0.001714
2016-01-04,432.51,0.000155,,,0.005112,0.001748
2016-01-03,435.74,0.000149,,,0.005229,0.001737
2016-01-02,435.43,0.000175,,,0.005529,0.001914
2016-01-01,430.12,0.000177,,,0.005794,0.001824
2015-12-31,428.2,0.00018,,,0.005854,0.001743
2015-12-30,432.59,0.000171,,,0.005895,0.001739
2015-12-29,421.28,0.000167,,,0.005956,0.001765
2015-12-28,425.01,0.00018,,,0.005982,0.001749
2015-12-27,419.76,0.000158,,,0.005933,0.001681
2015-12-26,456.09,0.000139,,,0.006039,0.001728
2015-12-25,456,0.000135,,,0.006003,0.001672
2015-12-24,443.77,0.000137,,,0.006044,0.001721
2015-12-23,434.88,0.000144,,,0.005958,0.001748
2015-12-22,436.61,0.000146,,,0.006017,0.001744
2015-12-21,442.26,0.000151,,,0.006065,0.001741
2015-12-20,460.9,0.000154,,,0.005955,0.001748
2015-12-19,462.5,0.000151,,,0.00604,0.001751
2015-12-18,455.5,0.000153,,,0.006182,0.001763
2015-12-17,453.63,0.000155,,,0.006264,0.001743
2015-12-16,463.64,0.000139,,,0.00634,0.001777
2015-12-15,441.98,0.000145,,,0.006343,0.00172
2015-12-14,436.29,0.000139,,,0.006174,0.00165
2015-12-13,436.01,0.000147,,,0.006487,0.001828
2015-12-12,451.34,0.000147,,,0.005971,0.00177
2015-12-11,416.18,0.000147,,,0.006021,0.001742
2015-12-10,417.44,0.000142,,,0.006193,0.001728
2015-12-09,409.2,0.000143,,,0.006269,0.00178
2015-12-08,395.28,0.000143,,,0.006235,0.001746
2015-12-07,393.26,0.000153,,,0.006291,0.001842
2015-12-06,387,0.000155,,,0.006387,0.001849
2015-12-05,363.25,0.000155,,,0.006694,0.001857
2015-12-04,361.33,0.00015,,,0.006755,0.001846
2015-12-03,360.23,0.00015,,,0.006684,0.00187
2015-12-02,362.56,0.000145,,,0.007614,0.002002
2015-12-01,378.23,0.000143,,,0.008779,0.002066
2015-11-30,371.04,0.000142,,,0.008536,0.001986
2015-11-29,355.94,0.00015,,,0.008441,0.002135
2015-11-28,359.99,0.000139,,,0.008444,0.002026
2015-11-27,356.88,0.000142,,,0.008523,0.002063
2015-11-26,328.07,0.000136,,,0.006775,0.002292
2015-11-25,319.49,0.000133,,,0.00556,0.001965
2015-11-24,323.01,0.000128,,,0.005344,0.00192
2015-11-23,323.59,0.00013,,,0.005301,0.001864
2015-11-22,325.22,0.000129,,,0.004754,0.00201
2015-11-21,321.85,0.000129,,,0.004262,0.001712
2015-11-20,325.5,0.00013,,,0.004173,0.001767
2015-11-19,336.59,0.000127,,,0.00409,0.001739
2015-11-18,336,0.000128,,,0.004201,0.001732
2015-11-17,332.1,0.00013,,,0.004299,0.00174
2015-11-16,321.13,0.00013,,,0.004238,0.001741
2015-11-15,333.49,0.000133,,,0.004276,0.001766
2015-11-14,335,0.000132,,,0.004291,0.00192
2015-11-13,336.19,0.00013,,,0.004318,0.001908
2015-11-12,307.54,0.000128,,,0.004242,0.001867
2015-11-11,338.46,0.00013,,,0.004288,0.0019
2015-11-10,381,0.000128,,,0.004267,0.001972
2015-11-09,373.91,0.000131,,,0.004245,0.00191
2015-11-08,386.7,0.000131,,,0.004227,0.001895
2015-11-07,371.37,0.00013,,,0.004222,0.00193
2015-11-06,384.2,0.000135,,,0.004258,0.001909
2015-11-05,398.09,0.000133,,,0.00425,0.002015
2015-11-04,399.49,0.000131,,,0.004234,0.001922
2015-11-03,363.97,0.000125,,,0.004165,0.001988
2015-11-02,331.71,0.00013,,,0.004328,0.001981
2015-11-01,314.6,0.00013,,,0.004477,0.001974
2015-10-31,329.97,0.00013,,,0.004541,0.002124
2015-10-30,315.68,0.000125,,,0.004264,0.001964
2015-10-29,303.75,0.000123,,,0.004406,0.002039
2015-10-28,295.88,0.000135,,,0.004609,0.002033
2015-10-27,286.75,0.000136,,,0.004647,0.001943
2015-10-26,288.97,0.000145,,,0.004694,0.002015
2015-10-25,284,0.000141,,,0.004562,0.001917
2015-10-24,278.07,0.000146,,,0.004506,0.002012
2015-10-23,275.92,0.000149,,,0.004947,0.00218
2015-10-22,269.16,0.000156,,,0.005383,0.002189
2015-10-21,271.14,0.000147,,,0.005156,0.00219
2015-10-20,264.81,0.000141,,,0.004901,0.002128
2015-10-19,264.53,0.000137,,,0.004687,0.00216
2015-10-18,271.35,0.000151,,,0.004839,0.002184
2015-10-17,263,0.000141,,,0.004634,0.002069
2015-10-16,254.64,0.000126,,,0.004675,0.00202
2015-10-15,253.22,0.000118,,,0.004649,0.001997
2015-10-14,250.37,0.000116,,,0.004675,0.00186
2015-10-13,246.29,0.000116,,,0.004556,0.001886
2015-10-12,248.9,0.000114,,,0.004662,0.001923
2015-10-11,246.06,0.000115,,,0.004677,0.001956
2015-10-10,244.46,0.000118,,,0.004723,0.001957
2015-10-09,243.38,0.000117,,,0.004697,0.001975
2015-10-08,243.64,0.000118,,,0.004731,0.00187
2015-10-07,246.83,0.000119,,,0.005043,0.001933
2015-10-06,240.7,0.000119,,,0.004979,0.001972
2015-10-05,239.76,0.000121,,,0.005203,0.001986
2015-10-04,239.93,0.000121,,,0.005398,0.001936
2015-10-03,237.99,0.00012,,,0.005399,0.001934
2015-10-02,238.54,0.00012,,,0.005418,0.001915
2015-10-01,237.13,0.000121,,,0.005377,0.002101
2015-09-30,237.78,0.000119,,,0.00526,0.002031
2015-09-29,240.42,0.00012,,,0.005182,0.00211
2015-09-28,233.54,0.000119,,,0.005037,0.002084
2015-09-27,234.99,0.000119,,,0.004983,0.002121
2015-09-26,235.76,0.000119,,,0.005031,0.001996
2015-09-25,235.6,0.000121,,,0.005375,0.002075
2015-09-24,230.1,0.000121,,,0.005328,0.002077
2015-09-23,230.61,0.000117,,,0.005008,0.001989
2015-09-22,227,0.000118,,,0.005236,0.002051
2015-09-21,232.48,0.000121,,,0.005517,0.002013
2015-09-20,232.26,0.000123,,,0.005868,0.002076
2015-09-19,233.19,0.000122,,,0.005448,0.002224
2015-09-18,233.17,0.000123,,,0.00552,0.001985
2015-09-17,229.2,0.000121,,,0.005579,0.002055
2015-09-16,230.36,0.000124,,,0.006293,0.002091
2015-09-15,231.01,0.000122,,,0.006536,0.002067
2015-09-14,230.61,0.000123,,,0.006501,0.002071
2015-09-13,236.92,0.000122,,,0.00665,0.002056
2015-09-12,241.04,0.000124,,,0.00671,0.002058
2015-09-11,238.33,0.000124,,,0.006668,0.002082
2015-09-10,238.72,0.000126,,,0.007168,0.002138
2015-09-09,244.15,0.00013,,,0.007247,0.002142
2015-09-08,240.31,0.000126,,,0.007637,0.002223
2015-09-07,240.93,0.000126,,,0.007482,0.002295
2015-09-06,230.92,0.000127,,,0.007529,0.002243
2015-09-05,231.61,0.000125,,,0.007372,0.002228
2015-09-04,226.83,0.000124,,,0.007426,0.002159
2015-09-03,229.39,0.000126,,,0.00772,0.002183
2015-09-02,227.6,0.000125,,,0.007404,0.002139
2015-09-01,231.12,0.000126,,,0.008532,0.002158
2015-08-31,229.24,0.000127,,,0.008197,0.002239
2015-08-30,229.55,0.000131,,,0.008444,0.002231
2015-08-29,233.4,0.000129,,,0.007663,0.002208
2015-08-28,224.34,0.00013,,,0.007678,0.002195
2015-08-27,226.35,0.000131,,,0.007831,0.0023
2015-08-26,223.58,0.00013,,,0.007918,0.002452
2015-08-25,213.38,0.000132,,,0.007891,0.002527
2015-08-24,228.3,0.00013,,,0.00786,0.002476
2015-08-23,230.62,0.000125,,,0.007355,0.002321
2015-08-22,233.71,0.000122,,,0.007431,0.002377
2015-08-21,235.49,0.000126,,,0.0077,0.002423
2015-08-20,227.84,0.000127,,,0.007815,0.002435
2015-08-19,247.43,0.000129,,,0.007884,0.002479
2015-08-18,258.49,0.000129,,,0.00805,0.002363
2015-08-17,259.19,0.000131,,,0.007751,0.002577
2015-08-16,262.21,0.000132,,,0.007433,0.002354
2015-08-15,266.52,0.000129,,,0.007551,0.002005
2015-08-14,264.92,0.000133,,,0.007492,0.002035
2015-08-13,269.43,0.000129,,,0.007126,0.001855
2015-08-12,271.2,0.000128,,,0.007397,0.001892
2015-08-11,265.18,0.000138,,,0.007552,0.001959
2015-08-10,267.91,0.000137,,,0.007722,0.002001
2015-08-09,261.08,0.000145,,,0.007881,0.001995
2015-08-08,279.54,0.000139,,,0.007872,0.00203
2015-08-07,279.91,0.000131,,,0.007758,0.00181
2015-08-06,282.24,0.000134,,,0.007552,0.001878
2015-08-05,285.31,0.00015,,,0.008301,0.00217
2015-08-04,281.63,0.000148,,,0.008315,0.002135
2015-08-03,282.55,0.000155,,,0.00842,0.00227
2015-08-02,282.06,0.000158,,,0.008337,0.002314
2015-08-01,284.68,0.000156,,,0.008147,0.002264
2015-07-31,288.25,0.00016,,,0.008271,0.00238
2015-07-30,289.53,0.000164,,,0.008591,0.002398
2015-07-29,295.73,0.00016,,,0.00875,0.002466
2015-07-28,294.44,0.000162,,,0.008808,0.002345
2015-07-27,293.25,0.000158,,,0.008476,0.002419
2015-07-26,289.64,0.000168,,,0.008152,0.002432
2015-07-25,289.48,0.000168,,,0.008024,0.002524
2015-07-24,276.91,0.000173,,,0.008224,0.002634
2015-07-23,277.5,0.000176,,,0.008271,0.002632
2015-07-22,277.13,0.000173,,,0.008281,0.002631
2015-07-21,278.7,0.000172,,,0.00823,0.002725
2015-07-20,275.59,0.000175,,,0.008222,0.002642
2015-07-19,277.56,0.000184,,,0.008437,0.002644
2015-07-18,279.95,0.000183,,,0.008491,0.002811
2015-07-17,278.71,0.000184,,,0.008519,0.002823
2015-07-16,285.22,0.000188,,,0.008449,0.002727
2015-07-15,288.2,0.000189,,,0.008562,0.002945
2015-07-14,292.35,0.000187,,,0.008115,0.003016
2015-07-13,311.96,0.000188,,,0.007888,0.00294
2015-07-12,294.77,0.000188,,,0.007656,0.003094
2015-07-11,286.85,0.000178,,,0.007487,0.003037
2015-07-10,270.21,0.000184,,,0.007579,0.003118
2015-07-09,270.64,0.00017,,,0.007711,0.003067
2015-07-08,267.19,0.000174,,,0.007948,0.002986
2015-07-07,270.41,0.000169,,,0.008091,0.00287
2015-07-06,271.15,0.000177,,,0.00806,0.002899
2015-07-05,260.72,0.00018,,,0.008026,0.002853
2015-07-04,256.36,0.000171,,,0.008062,0.002831
2015-07-03,255.22,0.000186,,,0.008516,0.003003
2015-07-02,257.97,0.000194,,,0.008631,0.003077
2015-07-01,264.94,0.0002,,,0.008569,0.003219
2015-06-30,257.57,0.000211,,,0.008614,0.003184
2015-06-29,249.79,0.000201,,,0.008615,0.003081
2015-06-28,251.67,0.000203,,,0.008847,0.003115
2015-06-27,243,0.000195,,,0.008987,0.003059
2015-06-26,242.14,0.000189,,,0.009449,0.003214
2015-06-25,240.89,0.000189,,,0.00958,0.003141
2015-06-24,244.07,0.000192,,,0.009873,0.003228
2015-06-23,247.75,0.000194,,,0.010022,0.003122
2015-06-22,244.64,0.000191,,,0.010782,0.003195
2015-06-21,246.67,0.000191,,,0.011099,0.003265
2015-06-20,245.56,0.000191,,,0.011037,0.003401
2015-06-19,248.93,0.000193,,,0.011198,0.003458
2015-06-18,248.37,0.000199,,,0.01132,0.00347
2015-06-17,251.93,0.000214,,,0.011977,0.003503
2015-06-16,237.47,0.000204,,,0.011467,0.003435
2015-06-15,233.6,0.00021,,,0.011445,0.003554
2015-06-14,233.18,0.000201,,,0.011288,0.003407
2015-06-13,230.26,0.000186,,,0.011048,0.003477
2015-06-12,229.62,0.000178,,,0.010914,0.003436
2015-06-11,228.67,0.000187,,,0.010667,0.003508
2015-06-10,229.74,0.000219,,,0.010567,0.003682
2015-06-09,229.02,0.000209,,,0.010314,0.003526
2015-06-08,223.96,0.00021,,,0.011039,0.003658
2015-06-07,225.02,0.000209,,,0.011207,0.003724
2015-06-06,225.33,0.00021,,,0.010252,0.003736
2015-06-05,224.31,0.000197,,,0.009678,0.0036
2015-06-04,225.57,0.000198,,,0.009424,0.003748
2015-06-03,225.25,0.00017,,,0.008579,0.003465
2015-06-02,223.6,0.000167,,,0.008147,0.003261
2015-06-01,229.88,0.000165,,,0.008093,0.003231
2015-05-31,232.93,0.000161,,,0.008057,0.003086
2015-05-30,236.94,0.00016,,,0.008042,0.003104
2015-05-29,236.8,0.000157,,,0.007999,0.003161
2015-05-28,237.74,0.000162,,,0.007995,0.003218
2015-05-27,237.61,0.000163,,,0.008,0.003126
2015-05-26,237.47,0.000152,,,0.007874,0.003088
2015-05-25,240.91,0.000158,,,0.007905,0.003135
2015-05-24,239.07,0.000153,,,0.007956,0.003155
2015-05-23,240.34,0.000152,,,0.007879,0.003155
2015-05-22,235.72,0.000151,,,0.008012,0.00303
2015-05-21,234.25,0.00016,,,0.007981,0.003216
2015-05-20,232.4,0.000141,,,0.007579,0.003073
2015-05-19,233.28,0.000154,,,0.00829,0.003386
2015-05-18,237.22,0.000162,,,0.008409,0.003219
2015-05-17,236.73,0.000178,,,0.009056,0.00361
2015-05-16,237.84,0.000192,,,0.007857,0.003609
2015-05-15,237.19,0.000184,,,0.006937,0.003167
2015-05-14,237.56,0.000161,,,0.006794,0.003204
2015-05-13,242.81,0.000142,,,0.006925,0.003179
2015-05-12,242.81,0.000143,,,0.006809,0.003121
2015-05-11,241.25,0.000136,,,0.0068,0.003028
2015-05-10,242.57,0.000139,,,0.006649,0.003046
2015-05-09,244.65,0.000134,,,0.006573,0.002765
2015-05-08,237.91,0.000134,,,0.006636,0.002722
2015-05-07,230.89,0.00012,,,0.006539,0.002652
2015-05-06,236.18,0.000116,,,0.005748,0.00251
2015-05-05,239.8,0.000115,,,0.006329,0.002576
2015-05-04,240.63,0.000117,,,0.006588,0.002599
2015-05-03,236.26,0.00012,,,0.006655,0.002878
2015-05-02,234.01,0.000114,,,0.006602,0.002847
2015-05-01,236.59,0.000108,,,0.006857,0.00281
2015-04-30,225.91,0.000111,,,0.007213,0.00281
2015-04-29,225.48,0.000093,,,0.00736,0.002969
2015-04-28,227.2,0.00009,,,0.007382,0.002793
2015-04-27,220.5,0.000092,,,0.007574,0.002873
2015-04-26,227.06,0.000092,,,0.007491,0.002926
2015-04-25,232.38,0.000089,,,0.007529,0.002772
2015-04-24,235.49,0.000087,,,0.007782,0.002757
2015-04-23,234,0.000089,,,0.00791,0.002691
2015-04-22,234.91,0.000089,,,0.008017,0.003021
2015-04-21,225.04,0.00009,,,0.008055,0.002677
2015-04-20,224.05,0.000097,,,0.008037,0.002696
2015-04-19,223.99,0.000098,,,0.008018,0.002647
2015-04-18,223.5,0.000103,,,0.008029,0.002732
2015-04-17,229.09,0.000098,,,0.007863,0.002575
2015-04-16,223.88,0.000099,,,0.00763,0.00263
2015-04-15,220.53,0.000104,,,0.007765,0.002692
2015-04-14,238.03,0.0001,,,0.00774,0.00264
2015-04-13,238.03,0.000103,,,0.008291,0.002657
2015-04-12,238.13,0.000105,,,0.008077,0.002658
2015-04-11,235.86,0.00011,,,0.008019,0.002749
2015-04-10,243.65,0.000111,,,0.008025,0.002698
2015-04-09,246.65,0.000111,,,0.007968,0.002758
2015-04-08,255.67,0.000106,,,0.007932,0.002696
2015-04-07,257.57,0.000106,,,0.007846,0.002685
2015-04-06,261.46,0.000107,,,0.0079,0.002742
2015-04-05,254.87,0.000107,,,0.008025,0.002697
2015-04-04,255.68,0.000108,,,0.00801,0.002765
2015-04-03,254.48,0.000105,,,0.007949,0.002655
2015-04-02,247.25,0.000103,,,0.008159,0.002656
2015-04-01,245.26,0.000106,,,0.008194,0.002732
2015-03-31,248.59,0.000114,,,0.00861,0.002796
2015-03-30,243.58,0.000114,,,0.0083,0.00277
2015-03-29,253.47,0.000113,,,0.008512,0.002637
2015-03-28,248.68,0.000117,,,0.00878,0.002649
2015-03-27,250.16,0.000117,,,0.009198,0.002709
2015-03-26,247,0.000122,,,0.009071,0.00269
2015-03-25,248.81,0.000124,,,0.008786,0.002589
2015-03-24,265.61,0.000127,,,0.008739,0.002666
2015-03-23,270,0.000128,,,0.008844,0.00269
2015-03-22,261.83,0.000129,,,0.00872,0.002768
2015-03-21,263.71,0.000129,,,0.007906,0.002664
2015-03-20,263.28,0.000128,,,0.007668,0.002803
2015-03-19,258.51,0.000126,,,0.007772,0.002816
2015-03-18,286.87,0.000128,,,0.008453,0.002735
2015-03-17,292.03,0.000127,,,0.008498,0.003046
2015-03-16,287.46,0.000131,,,0.008851,0.002958
2015-03-15,284.29,0.000129,,,0.008895,0.003078
2015-03-14,287,0.000132,,,0.008764,0.00294
2015-03-13,296.11,0.000131,,,0.009115,0.002934
2015-03-12,296.63,0.000129,,,0.009757,0.002943
2015-03-11,292.56,0.000137,,,0.010309,0.003193
2015-03-10,290.23,0.000132,,,0.010196,0.003193
2015-03-09,274.82,0.000131,,,0.010182,0.002991
2015-03-08,276.33,0.000133,,,0.010446,0.002796
2015-03-07,273.91,0.000133,,,0.01048,0.002817
2015-03-06,277.12,0.000133,,,0.010575,0.002666
2015-03-05,273.56,0.000144,,,0.010929,0.003
2015-03-04,282.42,0.000145,,,0.010968,0.003144
2015-03-03,274.93,0.000143,,,0.010817,0.003002
2015-03-02,258.78,0.000144,,,0.011088,0.002968
2015-03-01,255.51,0.000141,,,0.010511,0.002969
2015-02-28,255.96,0.000143,,,0.010359,0.0031
2015-02-27,237.1,0.000145,,,0.010229,0.00293
2015-02-26,238.45,0.000139,,,0.010086,0.002935
2015-02-25,240.13,0.000144,,,0.010643,0.002912
2015-02-24,239.69,0.00014,,,0.009961,0.002958
2015-02-23,236.72,0.000141,,,0.010535,0.002947
2015-02-22,245.86,0.000142,,,0.010856,0.002952
2015-02-21,245.89,0.000141,,,0.011544,0.002992
2015-02-20,242.42,0.000143,,,0.010032,0.002888
2015-02-19,235.91,0.000144,,,0.010593,0.002863
2015-02-18,244,0.000149,,,0.012192,0.003003
2015-02-17,236.82,0.000146,,,0.012239,0.002781
2015-02-16,234,0.000145,,,0.012998,0.003049
2015-02-15,257.48,0.000146,,,0.01336,0.003159
2015-02-14,236.65,0.000143,,,0.013299,0.003117
2015-02-13,222.45,0.000142,,,0.013401,0.003165
2015-02-12,220.02,0.00014,,,0.013396,0.003122
2015-02-11,220.84,0.000142,,,0.013334,0.003108
2015-02-10,222.19,0.000141,,,0.01313,0.002822
2015-02-09,224.16,0.000145,,,0.013286,0.003198
2015-02-08,228.7,0.000144,,,0.013481,0.003222
2015-02-07,222.82,0.000146,,,0.013758,0.003222
2015-02-06,216,0.000143,,,0.013791,0.00316
2015-02-05,226.5,0.000146,,,0.014031,0.003359
2015-02-04,228.31,0.000144,,,0.01375,0.003301
2015-02-03,237.79,0.000141,,,0.013712,0.003285
2015-02-02,227,0.000151,,,0.014956,0.003709
2015-02-01,219,0.000143,,,0.014566,0.003582
2015-01-31,232.55,0.000142,,,0.014039,0.003423
2015-01-30,234.52,0.000138,,,0.013776,0.003515
2015-01-29,236.14,0.000141,,,0.013649,0.003555
2015-01-28,262.69,0.00014,,,0.013994,0.003639
2015-01-27,270,0.000141,,,0.014426,0.003733
2015-01-26,254.53,0.000145,,,0.014577,0.003825
2015-01-25,240,0.000144,,,0.015185,0.003825
2015-01-24,235,0.000142,,,0.014466,0.004001
2015-01-23,226.32,0.000147,,,0.013498,0.003765
2015-01-22,225.51,0.000147,,,0.013025,0.00375
2015-01-21,208,0.000151,,,0.01367,0.00418
2015-01-20,225.51,0.000144,,,0.014139,0.004142
2015-01-19,184,0.000139,,,0.014298,0.004334
2015-01-18,184,0.000142,,,0.014443,0.004462
2015-01-17,199.46,0.000147,,,0.014706,0.004556
2015-01-16,211.91,0.000144,,,0.01497,0.004895
2015-01-15,120,0.000158,,,0.015841,0.004816
2015-01-14,260,0.000163,,,0.016019,0.004709
2015-01-13,288.99,0.000166,,,0.016578,0.00479
2015-01-12,288.99,0.000166,,,0.016736,0.005038
2015-01-11,288.99,0.000156,,,0.016734,0.004881
2015-01-10,288.99,0.000155,,,0.01701,0.004914
2015-01-09,288.99,0.000153,,,0.016653,0.005054
2015-01-08,340,0.000141,,,0.016112,0.004743
2015-01-07,340,0.00014,,,0.015991,0.004829
2015-01-06,340,0.00014,,,0.015622,0.004739
2015-01-05,340,0.000135,,,0.015361,0.004617
2015-01-04,340,0.000142,,,0.016403,0.004458
2015-01-03,340,0.00014,,,0.016444,0.005013
2015-01-02,340,0.000115,,,0.014233,0.004318
2015-01-01,340,0.000136,,,0.015648,0.004053
2014-12-31,340,0.000156,,,0.018434,0.004903
2014-12-30,340,0.00016,,,0.018765,0.005062
2014-12-29,340,0.000162,,,0.019233,0.00518
2014-12-28,340,0.000171,,,0.020576,0.005622
2014-12-27,340,0.000168,,,0.020676,0.005567
2014-12-26,340,0.000173,,,0.020843,0.005284
2014-12-25,340,0.000168,,,0.020732,0.004972
2014-12-24,340,0.000161,,,0.020316,0.004947
2014-12-23,340,0.000158,,,0.018928,0.004416
2014-12-22,340,0.000167,,,0.022106,0.004672
2014-12-21,340,0.000186,,,0.024318,0.005481
2014-12-20,340,0.000183,,,0.02439,0.005493
2014-12-19,340,0.000187,,,0.024438,0.005516
2014-12-18,350,0.000179,,,0.0242,0.005484
2014-12-17,350,0.000182,,,0.024231,0.00562
2014-12-16,350,0.000184,,,0.023764,0.0058
2014-12-15,350,0.000184,,,0.024074,0.006015
2014-12-14,350,0.00019,,,0.025308,0.006213
2014-12-13,350,0.000185,,,0.024138,0.0058
2014-12-12,360.5,0.00019,,,0.023382,0.005101
2014-12-11,360.5,0.000195,,,0.023878,0.00582
2014-12-10,375,0.000195,,,0.025562,0.005907
2014-12-09,375,0.000193,,,0.024921,0.005871
2014-12-08,378,0.000206,,,0.024207,0.005813
2014-12-07,378,0.000194,,,0.023338,0.00613
2014-12-06,377.1,0.000177,,,0.02794,0.006146
2014-12-05,377.1,0.000179,,,0.026065,0.004104
2014-12-04,378,0.000173,,,0.021539,0.00325
2014-12-03,378,0.000188,,,0.018242,0.002574
2014-12-02,370,0.000196,,,0.017127,0.002475
2014-12-01,,0.000202,,,0.016992,0.002553
,,0.000206,,,0.016374,0.002525
,,0.000206,,,0.016374,0.002585
,,0.000209,,,0.015907,0.002435
,,0.00021,,,0.015068,0.002249
,,0.000221,,,0.013421,0.002339
,,0.000229,,,0.014794,0.002329
,,0.00023,,,0.014406,0.002407
,,0.000233,,,0.013785,0.002356
,,0.00023,,,0.013343,0.002375
,,0.000237,,,0.01313,0.002373
,,0.00024,,,0.013158,0.002409
,,0.000242,,,0.012559,0.002541